student_id,entry_id,duration_gap,duration_match_ratio,social_media_minutes,app_switch_count,focus_quality_score,location_match,activity_match,calendar_match,stress_mismatch,distraction_duration,facial_stress,bias_type
STU_001,ENT_00001,17,0.85,2,5,0.94,1,1,1,0,3,0.12,context_mismatch
STU_001,ENT_00002,43,0.27,56,54,0.32,1,0,0,0,64,0.18,productivity_overestimation
STU_001,ENT_00003,11,0.63,16,19,0.76,1,1,0,1,19,0.54,stress_underestimation
STU_001,ENT_00004,23,0.69,22,44,0.45,1,0,0,1,42,0.63,stress_underestimation
STU_001,ENT_00005,81,0.42,34,24,0.7,0,1,0,0,37,0.34,context_mismatch
STU_001,ENT_00006,33,0.62,18,36,0.55,1,0,1,1,35,0.79,stress_underestimation
STU_001,ENT_00007,38,0.24,44,55,0.31,1,0,1,1,45,0.34,productivity_overestimation
STU_001,ENT_00008,13,0.62,31,65,0.19,1,1,1,0,51,0.24,focus_mismatch
STU_001,ENT_00009,6,0.9,11,14,0.82,1,1,1,0,15,0.04,accurate_perception
STU_001,ENT_00010,18,0.56,23,36,0.55,1,0,0,1,37,0.67,stress_underestimation
STU_002,ENT_00011,42,0.58,49,79,0.01,1,1,0,0,59,0.37,focus_mismatch
STU_002,ENT_00012,2,0.98,5,10,0.88,1,1,0,0,8,0.1,accurate_perception
STU_002,ENT_00013,15,0.78,55,79,0.01,1,0,0,0,70,0.31,productivity_overestimation
STU_002,ENT_00014,54,0.62,27,50,0.38,1,1,1,0,44,0.39,focus_mismatch
STU_002,ENT_00015,9,0.8,40,28,0.65,1,0,0,1,46,0.84,stress_underestimation
STU_002,ENT_00016,24,0.7,32,52,0.35,1,0,1,0,32,0.12,focus_mismatch
STU_002,ENT_00017,45,0.24,34,34,0.57,1,0,0,0,36,0.34,productivity_overestimation
STU_002,ENT_00018,16,0.75,28,43,0.46,1,1,0,1,41,0.85,stress_underestimation
STU_002,ENT_00019,14,0.67,11,38,0.53,1,0,1,1,21,0.68,stress_underestimation
STU_002,ENT_00020,23,0.47,18,21,0.74,0,1,0,0,20,0.35,context_mismatch
STU_003,ENT_00021,21,0.85,27,45,0.44,1,0,0,0,42,0.16,focus_mismatch
STU_003,ENT_00022,133,0.05,46,44,0.45,1,0,0,1,63,0.11,productivity_overestimation
STU_003,ENT_00023,16,0.83,10,3,0.96,1,1,1,0,28,0.01,accurate_perception
STU_003,ENT_00024,44,0.7,27,56,0.3,1,0,0,0,34,0.34,focus_mismatch
STU_003,ENT_00025,66,0.56,38,50,0.38,1,1,0,0,44,0.43,focus_mismatch
STU_003,ENT_00026,22,0.69,20,39,0.51,0,0,1,0,38,0.18,context_mismatch
STU_003,ENT_00027,33,0.15,86,24,0.7,1,0,1,0,91,0.15,productivity_overestimation
STU_003,ENT_00028,30,0.7,31,44,0.45,1,0,0,1,34,0.62,stress_underestimation
STU_003,ENT_00029,25,0.49,26,26,0.68,0,1,0,0,27,0.36,context_mismatch
STU_003,ENT_00030,18,0.79,30,61,0.24,1,1,0,0,43,0.29,focus_mismatch
STU_004,ENT_00031,1,0.98,13,6,0.93,1,1,0,0,22,0.03,accurate_perception
STU_004,ENT_00032,64,0.57,31,22,0.72,1,0,0,1,44,0.85,stress_underestimation
STU_004,ENT_00033,1,0.99,13,7,0.91,1,1,0,0,23,0.0,accurate_perception
STU_004,ENT_00034,18,0.78,37,51,0.36,1,0,0,0,44,0.4,focus_mismatch
STU_004,ENT_00035,101,0.31,31,34,0.57,1,0,1,0,39,0.16,productivity_overestimation
STU_004,ENT_00036,28,0.78,40,31,0.61,0,0,1,0,48,0.35,context_mismatch
STU_004,ENT_00037,2,0.97,3,15,0.81,1,1,1,0,21,0.08,accurate_perception
STU_004,ENT_00038,8,0.77,33,36,0.55,1,0,0,1,43,0.69,stress_underestimation
STU_004,ENT_00039,28,0.75,37,65,0.19,1,1,1,0,43,0.29,focus_mismatch
STU_004,ENT_00040,70,0.53,36,45,0.44,0,0,0,0,49,0.11,context_mismatch
STU_005,ENT_00041,28,0.74,25,31,0.61,1,0,1,1,41,0.54,stress_underestimation
STU_005,ENT_00042,54,0.5,14,22,0.72,0,0,0,0,29,0.1,context_mismatch
STU_005,ENT_00043,10,0.92,15,14,0.82,1,1,1,0,19,0.08,accurate_perception
STU_005,ENT_00044,12,0.6,39,78,0.03,1,0,0,0,42,0.3,focus_mismatch
STU_005,ENT_00045,90,0.32,82,59,0.26,1,0,1,1,99,0.33,productivity_overestimation
STU_005,ENT_00046,12,0.76,30,41,0.49,1,1,1,1,37,0.72,stress_underestimation
STU_005,ENT_00047,15,0.62,12,32,0.6,1,0,0,1,16,0.6,stress_underestimation
STU_005,ENT_00048,31,0.18,83,33,0.59,1,0,1,1,101,0.16,productivity_overestimation
STU_005,ENT_00049,5,0.84,49,64,0.2,1,1,1,0,62,0.4,focus_mismatch
STU_005,ENT_00050,108,0.13,31,51,0.36,1,0,0,1,43,0.13,productivity_overestimation
STU_006,ENT_00051,108,0.21,67,45,0.44,1,0,0,0,80,0.03,productivity_overestimation
STU_006,ENT_00052,13,0.85,10,12,0.85,1,1,1,0,22,0.15,accurate_perception
STU_006,ENT_00053,99,0.27,90,23,0.71,1,0,0,1,92,0.09,productivity_overestimation
STU_006,ENT_00054,16,0.86,4,2,0.97,1,1,0,0,19,0.05,accurate_perception
STU_006,ENT_00055,22,0.78,44,55,0.31,1,0,1,0,49,0.37,focus_mismatch
STU_006,ENT_00056,29,0.33,55,44,0.45,1,0,1,0,75,0.03,productivity_overestimation
STU_006,ENT_00057,36,0.7,21,16,0.8,1,1,0,1,37,0.67,stress_underestimation
STU_006,ENT_00058,5,0.84,47,74,0.07,1,0,1,0,63,0.25,focus_mismatch
STU_006,ENT_00059,14,0.78,18,33,0.59,1,1,1,1,20,0.87,stress_underestimation
STU_006,ENT_00060,26,0.7,10,31,0.61,0,1,1,0,16,0.07,context_mismatch
STU_007,ENT_00061,23,0.63,12,22,0.72,0,0,1,1,29,0.16,context_mismatch
STU_007,ENT_00062,111,0.06,44,38,0.53,1,0,1,1,53,0.28,productivity_overestimation
STU_007,ENT_00063,56,0.27,52,41,0.49,1,0,1,1,60,0.11,productivity_overestimation
STU_007,ENT_00064,1,0.99,6,7,0.91,1,1,0,0,21,0.04,accurate_perception
STU_007,ENT_00065,21,0.8,32,63,0.21,1,1,1,0,32,0.16,focus_mismatch
STU_007,ENT_00066,13,0.72,30,18,0.78,0,1,0,0,48,0.35,context_mismatch
STU_007,ENT_00067,80,0.12,37,50,0.38,1,0,0,0,39,0.16,productivity_overestimation
STU_007,ENT_00068,1,0.99,7,4,0.95,1,1,0,0,20,0.02,accurate_perception
STU_007,ENT_00069,45,0.66,28,42,0.47,1,1,1,1,29,0.76,stress_underestimation
STU_007,ENT_00070,16,0.87,5,4,0.95,1,1,0,0,22,0.05,accurate_perception
STU_008,ENT_00071,72,0.12,74,38,0.53,1,0,1,1,81,0.03,productivity_overestimation
STU_008,ENT_00072,40,0.69,14,35,0.56,1,1,0,1,19,0.53,stress_underestimation
STU_008,ENT_00073,36,0.66,32,24,0.7,1,1,1,1,47,0.73,stress_underestimation
STU_008,ENT_00074,8,0.92,2,2,0.97,1,1,1,0,20,0.05,accurate_perception
STU_008,ENT_00075,7,0.78,40,56,0.3,1,1,1,0,45,0.42,focus_mismatch
STU_008,ENT_00076,29,0.66,20,28,0.65,1,1,1,1,25,0.55,stress_underestimation
STU_008,ENT_00077,93,0.21,35,49,0.39,1,0,1,1,38,0.1,productivity_overestimation
STU_008,ENT_00078,23,0.72,26,71,0.11,1,0,0,0,45,0.28,focus_mismatch
STU_008,ENT_00079,86,0.22,58,38,0.53,1,0,0,1,78,0.05,productivity_overestimation
STU_008,ENT_00080,18,0.7,17,17,0.79,1,0,1,1,37,0.93,stress_underestimation
STU_009,ENT_00081,34,0.63,40,75,0.06,1,0,1,0,44,0.26,focus_mismatch
STU_009,ENT_00082,127,0.14,51,46,0.43,1,0,0,1,60,0.33,productivity_overestimation
STU_009,ENT_00083,112,0.18,52,50,0.38,1,0,1,1,69,0.22,productivity_overestimation
STU_009,ENT_00084,73,0.51,17,34,0.57,0,1,0,0,32,0.13,context_mismatch
STU_009,ENT_00085,78,0.41,40,42,0.47,0,1,0,0,54,0.35,context_mismatch
STU_009,ENT_00086,110,0.25,34,29,0.64,1,0,0,1,42,0.31,productivity_overestimation
STU_009,ENT_00087,26,0.78,22,44,0.45,0,1,0,1,37,0.29,context_mismatch
STU_009,ENT_00088,6,0.82,33,22,0.72,1,0,0,1,53,0.94,stress_underestimation
STU_009,ENT_00089,39,0.07,48,23,0.71,1,0,1,1,52,0.15,productivity_overestimation
STU_009,ENT_00090,76,0.07,69,44,0.45,1,0,0,0,87,0.2,productivity_overestimation
STU_010,ENT_00091,44,0.51,24,40,0.5,1,1,1,1,26,0.75,stress_underestimation
STU_010,ENT_00092,24,0.68,39,61,0.24,1,1,1,0,51,0.17,focus_mismatch
STU_010,ENT_00093,7,0.84,10,28,0.65,0,1,1,0,11,0.0,context_mismatch
STU_010,ENT_00094,110,0.12,44,42,0.47,1,0,1,0,48,0.25,productivity_overestimation
STU_010,ENT_00095,50,0.66,21,33,0.59,1,0,0,1,31,0.91,stress_underestimation
STU_010,ENT_00096,10,0.81,18,20,0.75,0,1,1,0,28,0.3,context_mismatch
STU_010,ENT_00097,34,0.62,55,70,0.12,1,1,0,0,67,0.13,focus_mismatch
STU_010,ENT_00098,32,0.29,36,43,0.46,1,0,1,0,55,0.19,productivity_overestimation
STU_010,ENT_00099,32,0.68,39,39,0.51,0,1,0,1,43,0.16,accurate_perception
STU_010,ENT_00100,12,0.82,37,53,0.34,1,1,0,0,54,0.23,focus_mismatch
STU_011,ENT_00101,26,0.79,23,34,0.57,1,1,1,1,29,0.81,stress_underestimation
STU_011,ENT_00102,20,0.67,26,67,0.16,1,1,0,0,29,0.2,focus_mismatch
STU_011,ENT_00103,104,0.23,33,21,0.74,1,0,0,1,37,0.1,productivity_overestimation
STU_011,ENT_00104,2,0.96,10,9,0.89,1,1,0,0,29,0.15,context_mismatch
STU_011,ENT_00105,32,0.3,30,28,0.65,1,0,0,1,37,0.32,productivity_overestimation
STU_011,ENT_00106,3,0.91,2,5,0.94,1,1,0,0,13,0.1,accurate_perception
STU_011,ENT_00107,40,0.07,49,53,0.34,1,0,0,1,49,0.26,stress_underestimation
STU_011,ENT_00108,93,0.33,87,24,0.7,1,0,0,0,91,0.13,productivity_overestimation
STU_011,ENT_00109,32,0.71,24,24,0.7,1,1,1,1,27,0.86,stress_underestimation
STU_011,ENT_00110,21,0.81,35,71,0.11,1,1,0,0,38,0.24,focus_mismatch
STU_012,ENT_00111,18,0.74,12,30,0.62,1,0,1,1,15,0.54,stress_underestimation
STU_012,ENT_00112,22,0.71,46,66,0.18,1,0,0,0,59,0.24,focus_mismatch
STU_012,ENT_00113,14,0.89,6,18,0.78,1,1,1,0,21,0.03,accurate_perception
STU_012,ENT_00114,20,0.53,35,24,0.7,0,1,1,1,54,0.39,context_mismatch
STU_012,ENT_00115,97,0.13,88,39,0.51,1,0,1,1,93,0.14,productivity_overestimation
STU_012,ENT_00116,28,0.73,12,15,0.81,1,0,0,1,22,0.69,stress_underestimation
STU_012,ENT_00117,31,0.55,29,39,0.51,1,0,0,1,43,0.54,stress_underestimation
STU_012,ENT_00118,22,0.76,21,18,0.78,1,1,1,1,39,0.63,stress_underestimation
STU_012,ENT_00119,38,0.67,16,10,0.88,0,1,0,0,24,0.31,context_mismatch
STU_012,ENT_00120,5,0.89,11,9,0.89,1,1,1,0,12,0.01,accurate_perception
STU_013,ENT_00121,24,0.73,34,71,0.11,1,0,1,0,44,0.24,focus_mismatch
STU_013,ENT_00122,76,0.3,57,35,0.56,1,0,1,1,69,0.21,productivity_overestimation
STU_013,ENT_00123,71,0.43,26,17,0.79,0,0,1,0,46,0.14,context_mismatch
STU_013,ENT_00124,4,0.93,5,4,0.95,1,1,1,0,25,0.19,accurate_perception
STU_013,ENT_00125,86,0.32,69,60,0.25,1,0,1,1,89,0.35,productivity_overestimation
STU_013,ENT_00126,3,0.97,11,3,0.96,1,1,1,0,20,0.1,accurate_perception
STU_013,ENT_00127,1,0.97,12,4,0.95,1,1,1,0,29,0.09,accurate_perception
STU_013,ENT_00128,35,0.72,35,57,0.29,1,1,1,0,36,0.28,focus_mismatch
STU_013,ENT_00129,56,0.58,26,56,0.3,1,0,1,0,40,0.35,focus_mismatch
STU_013,ENT_00130,12,0.89,1,12,0.85,1,1,1,0,21,0.16,accurate_perception
STU_014,ENT_00131,4,0.94,10,6,0.93,1,1,1,0,14,0.02,accurate_perception
STU_014,ENT_00132,16,0.77,34,50,0.38,1,1,1,0,44,0.33,focus_mismatch
STU_014,ENT_00133,40,0.65,10,26,0.68,1,1,0,1,16,0.58,stress_underestimation
STU_014,ENT_00134,116,0.09,84,38,0.53,1,0,0,0,101,0.2,productivity_overestimation
STU_014,ENT_00135,109,0.24,54,58,0.28,1,0,1,0,73,0.06,productivity_overestimation
STU_014,ENT_00136,13,0.75,24,22,0.72,1,1,0,1,31,0.85,stress_underestimation
STU_014,ENT_00137,27,0.61,39,73,0.09,1,1,1,0,55,0.37,focus_mismatch
STU_014,ENT_00138,22,0.56,52,75,0.06,1,1,0,0,55,0.29,focus_mismatch
STU_014,ENT_00139,39,0.59,53,73,0.09,1,0,1,0,55,0.39,focus_mismatch
STU_014,ENT_00140,19,0.67,41,70,0.12,1,1,1,0,43,0.18,focus_mismatch
STU_015,ENT_00141,10,0.7,14,19,0.76,0,0,0,0,29,0.37,context_mismatch
STU_015,ENT_00142,23,0.51,10,17,0.79,1,1,1,1,27,0.88,stress_underestimation
STU_015,ENT_00143,94,0.12,33,27,0.66,1,0,0,0,52,0.17,productivity_overestimation
STU_015,ENT_00144,20,0.55,43,77,0.04,1,0,1,0,52,0.35,focus_mismatch
STU_015,ENT_00145,32,0.7,21,43,0.46,0,0,1,1,37,0.22,context_mismatch
STU_015,ENT_00146,12,0.85,48,61,0.24,1,0,0,0,50,0.22,focus_mismatch
STU_015,ENT_00147,30,0.76,14,25,0.69,1,0,0,1,34,0.75,stress_underestimation
STU_015,ENT_00148,28,0.78,32,17,0.79,1,1,1,1,33,0.63,stress_underestimation
STU_015,ENT_00149,0,1.0,8,17,0.79,1,1,1,0,28,0.01,accurate_perception
STU_015,ENT_00150,26,0.65,50,52,0.35,1,1,0,0,62,0.25,focus_mismatch
STU_016,ENT_00151,43,0.7,36,76,0.05,1,1,1,0,49,0.38,focus_mismatch
STU_016,ENT_00152,22,0.84,9,11,0.86,1,1,1,0,22,0.09,accurate_perception
STU_016,ENT_00153,16,0.81,18,37,0.54,0,0,0,0,30,0.27,context_mismatch
STU_016,ENT_00154,59,0.55,31,34,0.57,1,1,0,1,38,0.56,stress_underestimation
STU_016,ENT_00155,22,0.71,21,33,0.59,0,1,0,0,37,0.23,context_mismatch
STU_016,ENT_00156,34,0.51,25,20,0.75,1,1,0,1,33,0.55,stress_underestimation
STU_016,ENT_00157,9,0.84,28,57,0.29,1,0,1,0,42,0.4,focus_mismatch
STU_016,ENT_00158,80,0.34,72,40,0.5,1,0,0,1,89,0.28,productivity_overestimation
STU_016,ENT_00159,26,0.82,35,21,0.74,0,1,0,1,41,0.09,context_mismatch
STU_016,ENT_00160,18,0.7,35,29,0.64,1,0,0,1,37,0.9,stress_underestimation
STU_017,ENT_00161,26,0.79,14,17,0.79,1,1,1,1,28,0.53,stress_underestimation
STU_017,ENT_00162,12,0.84,1,18,0.78,1,1,0,0,17,0.17,accurate_perception
STU_017,ENT_00163,1,0.98,2,11,0.86,1,1,0,0,22,0.05,accurate_perception
STU_017,ENT_00164,11,0.83,4,7,0.91,1,1,1,0,23,0.03,accurate_perception
STU_017,ENT_00165,63,0.41,40,12,0.85,0,1,0,1,58,0.08,context_mismatch
STU_017,ENT_00166,14,0.87,12,9,0.89,1,1,1,0,14,0.06,accurate_perception
STU_017,ENT_00167,42,0.16,50,29,0.64,1,0,1,1,61,0.29,productivity_overestimation
STU_017,ENT_00168,15,0.67,24,23,0.71,1,0,0,1,33,0.54,stress_underestimation
STU_017,ENT_00169,26,0.81,20,41,0.49,1,1,0,1,35,0.84,stress_underestimation
STU_017,ENT_00170,82,0.08,62,45,0.44,1,0,1,1,68,0.39,productivity_overestimation
STU_018,ENT_00171,1,0.97,9,17,0.79,1,1,1,0,12,0.11,accurate_perception
STU_018,ENT_00172,62,0.56,11,35,0.56,0,0,1,0,13,0.22,context_mismatch
STU_018,ENT_00173,25,0.71,13,34,0.57,1,0,1,1,23,0.68,stress_underestimation
STU_018,ENT_00174,27,0.64,11,16,0.8,1,0,0,1,26,0.82,stress_underestimation
STU_018,ENT_00175,14,0.71,22,20,0.75,1,1,0,1,38,0.65,stress_underestimation
STU_018,ENT_00176,101,0.16,56,27,0.66,1,0,1,1,76,0.32,stress_underestimation
STU_018,ENT_00177,17,0.73,41,55,0.31,1,1,0,0,48,0.15,accurate_perception
STU_018,ENT_00178,6,0.89,13,8,0.9,1,1,1,0,32,0.1,accurate_perception
STU_018,ENT_00179,42,0.7,35,80,0,1,1,0,0,45,0.28,focus_mismatch
STU_018,ENT_00180,22,0.75,44,61,0.24,1,1,1,0,51,0.17,focus_mismatch
STU_019,ENT_00181,19,0.72,20,41,0.49,0,1,1,0,28,0.22,context_mismatch
STU_019,ENT_00182,37,0.64,40,26,0.68,1,0,1,1,42,0.52,stress_underestimation
STU_019,ENT_00183,18,0.79,39,23,0.71,1,1,1,1,57,0.55,stress_underestimation
STU_019,ENT_00184,17,0.53,20,28,0.65,1,1,0,1,24,0.81,focus_mismatch
STU_019,ENT_00185,21,0.86,10,11,0.86,1,1,1,0,11,0.06,accurate_perception
STU_019,ENT_00186,10,0.76,11,44,0.45,1,0,0,1,16,0.9,stress_underestimation
STU_019,ENT_00187,13,0.62,53,63,0.21,1,0,1,0,71,0.1,focus_mismatch
STU_019,ENT_00188,38,0.74,40,78,0.03,1,0,1,0,54,0.4,focus_mismatch
STU_019,ENT_00189,8,0.94,0,7,0.91,1,1,0,0,9,0.15,accurate_perception
STU_019,ENT_00190,11,0.91,12,4,0.95,1,1,1,0,17,0.13,accurate_perception
STU_020,ENT_00191,39,0.57,34,38,0.53,0,1,0,0,52,0.12,productivity_overestimation
STU_020,ENT_00192,62,0.47,39,42,0.47,0,1,0,1,48,0.05,context_mismatch
STU_020,ENT_00193,23,0.6,23,33,0.59,0,1,0,1,29,0.32,context_mismatch
STU_020,ENT_00194,37,0.68,12,26,0.68,1,0,0,1,28,0.87,stress_underestimation
STU_020,ENT_00195,10,0.9,15,8,0.9,1,1,1,0,31,0.02,accurate_perception
STU_020,ENT_00196,35,0.05,73,49,0.39,1,0,1,1,85,0.29,productivity_overestimation
STU_020,ENT_00197,11,0.63,27,17,0.79,1,0,0,1,42,0.94,stress_underestimation
STU_020,ENT_00198,10,0.81,37,29,0.64,1,1,1,1,54,0.54,stress_underestimation
STU_020,ENT_00199,59,0.58,33,18,0.78,0,0,0,0,42,0.3,context_mismatch
STU_020,ENT_00200,107,0.12,39,42,0.47,1,0,1,1,42,0.08,stress_underestimation
STU_021,ENT_00201,51,0.53,11,34,0.57,1,1,0,1,12,0.8,stress_underestimation
STU_021,ENT_00202,25,0.29,38,23,0.71,1,0,0,1,56,0.09,productivity_overestimation
STU_021,ENT_00203,20,0.81,26,36,0.55,1,0,1,1,27,0.64,stress_underestimation
STU_021,ENT_00204,34,0.68,26,76,0.05,1,1,0,0,38,0.43,focus_mismatch
STU_021,ENT_00205,26,0.63,27,39,0.51,1,1,1,1,36,0.88,stress_underestimation
STU_021,ENT_00206,8,0.83,41,80,0,1,0,0,0,49,0.24,focus_mismatch
STU_021,ENT_00207,18,0.84,1,8,0.9,1,1,1,0,20,0.05,accurate_perception
STU_021,ENT_00208,3,0.98,9,12,0.85,1,1,0,0,9,0.19,accurate_perception
STU_021,ENT_00209,12,0.78,47,60,0.25,1,0,0,0,54,0.24,focus_mismatch
STU_021,ENT_00210,57,0.56,21,26,0.68,0,1,1,0,36,0.04,context_mismatch
STU_022,ENT_00211,31,0.56,48,59,0.26,1,0,1,0,65,0.11,focus_mismatch
STU_022,ENT_00212,40,0.62,28,27,0.66,1,0,1,1,38,0.75,stress_underestimation
STU_022,ENT_00213,99,0.27,40,42,0.47,1,0,1,0,55,0.29,productivity_overestimation
STU_022,ENT_00214,100,0.3,90,24,0.7,1,0,0,0,103,0.31,productivity_overestimation
STU_022,ENT_00215,41,0.63,11,33,0.59,0,1,0,1,11,0.2,context_mismatch
STU_022,ENT_00216,11,0.87,13,18,0.78,1,1,1,0,18,0.16,accurate_perception
STU_022,ENT_00217,33,0.21,47,42,0.47,1,0,0,1,59,0.03,productivity_overestimation
STU_022,ENT_00218,12,0.8,45,50,0.38,1,0,0,0,57,0.13,focus_mismatch
STU_022,ENT_00219,15,0.83,10,15,0.81,1,1,0,0,13,0.11,accurate_perception
STU_022,ENT_00220,8,0.95,8,17,0.79,1,1,0,0,10,0.01,accurate_perception
STU_023,ENT_00221,13,0.8,55,46,0.43,1,0,0,0,67,0.31,focus_mismatch
STU_023,ENT_00222,2,0.97,12,12,0.85,1,1,0,0,16,0.15,accurate_perception
STU_023,ENT_00223,41,0.65,12,41,0.49,1,1,1,1,31,0.85,stress_underestimation
STU_023,ENT_00224,51,0.6,21,24,0.7,0,1,1,0,39,0.07,context_mismatch
STU_023,ENT_00225,10,0.75,18,17,0.79,1,0,1,1,38,0.82,stress_underestimation
STU_023,ENT_00226,14,0.82,21,38,0.53,0,1,0,0,26,0.05,context_mismatch
STU_023,ENT_00227,93,0.08,35,55,0.31,1,0,1,1,35,0.35,productivity_overestimation
STU_023,ENT_00228,35,0.56,15,27,0.66,1,0,0,1,30,0.64,stress_underestimation
STU_023,ENT_00229,36,0.29,46,43,0.46,1,0,1,0,61,0.29,productivity_overestimation
STU_023,ENT_00230,37,0.33,83,41,0.49,1,0,0,1,93,0.32,productivity_overestimation
STU_024,ENT_00231,23,0.73,40,57,0.29,1,1,0,0,52,0.16,focus_mismatch
STU_024,ENT_00232,15,0.78,22,25,0.69,1,1,1,1,40,0.66,stress_underestimation
STU_024,ENT_00233,10,0.9,14,8,0.9,1,1,0,0,16,0.16,accurate_perception
STU_024,ENT_00234,52,0.6,31,23,0.71,1,0,1,1,43,0.69,focus_mismatch
STU_024,ENT_00235,65,0.29,74,43,0.46,1,0,1,0,81,0.04,productivity_overestimation
STU_024,ENT_00236,5,0.93,10,14,0.82,1,1,0,0,23,0.19,accurate_perception
STU_024,ENT_00237,18,0.57,14,42,0.47,0,1,0,0,23,0.19,context_mismatch
STU_024,ENT_00238,5,0.88,15,8,0.9,1,1,0,0,18,0.07,accurate_perception
STU_024,ENT_00239,84,0.29,31,27,0.66,1,0,0,1,36,0.26,productivity_overestimation
STU_024,ENT_00240,56,0.55,40,37,0.54,0,1,0,0,60,0.32,context_mismatch
STU_025,ENT_00241,32,0.71,24,21,0.74,1,1,1,1,30,0.5,stress_underestimation
STU_025,ENT_00242,28,0.78,15,32,0.6,1,1,0,1,18,0.59,stress_underestimation
STU_025,ENT_00243,107,0.24,37,57,0.29,1,0,1,1,51,0.14,productivity_overestimation
STU_025,ENT_00244,39,0.71,14,36,0.55,1,1,1,1,17,0.61,stress_underestimation
STU_025,ENT_00245,18,0.85,13,14,0.82,1,1,1,0,33,0.04,accurate_perception
STU_025,ENT_00246,48,0.67,15,19,0.76,1,1,0,1,26,0.78,stress_underestimation
STU_025,ENT_00247,8,0.91,13,17,0.79,1,1,1,0,26,0.14,accurate_perception
STU_025,ENT_00248,61,0.29,48,34,0.57,1,0,0,0,65,0.11,productivity_overestimation
STU_025,ENT_00249,118,0.09,47,27,0.66,1,0,1,1,48,0.22,productivity_overestimation
STU_025,ENT_00250,60,0.3,49,35,0.56,1,0,1,0,60,0.18,productivity_overestimation
STU_026,ENT_00251,36,0.12,74,57,0.29,1,0,0,1,93,0.34,productivity_overestimation
STU_026,ENT_00252,11,0.78,21,33,0.59,1,1,0,1,31,0.74,stress_underestimation
STU_026,ENT_00253,25,0.63,14,16,0.8,0,1,1,0,34,0.4,context_mismatch
STU_026,ENT_00254,4,0.97,15,14,0.82,1,1,0,0,35,0.03,accurate_perception
STU_026,ENT_00255,17,0.8,22,15,0.81,0,1,0,1,33,0.37,context_mismatch
STU_026,ENT_00256,20,0.78,33,15,0.81,0,1,0,1,44,0.27,context_mismatch
STU_026,ENT_00257,92,0.3,47,51,0.36,1,0,0,1,57,0.33,productivity_overestimation
STU_026,ENT_00258,31,0.33,32,23,0.71,1,0,1,0,46,0.25,context_mismatch
STU_026,ENT_00259,64,0.26,86,28,0.65,1,0,1,1,94,0.06,productivity_overestimation
STU_026,ENT_00260,23,0.7,22,13,0.84,0,1,1,1,29,0.28,context_mismatch
STU_027,ENT_00261,19,0.54,17,33,0.59,1,1,0,1,27,0.5,stress_underestimation
STU_027,ENT_00262,123,0.12,76,25,0.69,1,0,0,0,87,0.04,productivity_overestimation
STU_027,ENT_00263,14,0.7,26,14,0.82,0,0,0,1,40,0.26,context_mismatch
STU_027,ENT_00264,16,0.72,37,29,0.64,1,0,0,1,41,0.9,stress_underestimation
STU_027,ENT_00265,41,0.61,17,19,0.76,1,1,1,1,34,0.54,stress_underestimation
STU_027,ENT_00266,33,0.73,16,24,0.7,1,0,0,1,36,0.68,context_mismatch
STU_027,ENT_00267,31,0.67,38,43,0.46,0,0,0,0,42,0.37,context_mismatch
STU_027,ENT_00268,123,0.1,79,50,0.38,1,0,1,0,81,0.01,context_mismatch
STU_027,ENT_00269,9,0.74,49,77,0.04,1,1,1,0,61,0.25,focus_mismatch
STU_027,ENT_00270,84,0.14,88,52,0.35,1,0,0,0,92,0.39,productivity_overestimation
STU_028,ENT_00271,66,0.17,33,35,0.56,1,0,0,0,46,0.03,productivity_overestimation
STU_028,ENT_00272,29,0.73,13,20,0.75,1,0,1,1,13,0.56,stress_underestimation
STU_028,ENT_00273,67,0.09,76,37,0.54,1,0,1,0,76,0.31,productivity_overestimation
STU_028,ENT_00274,14,0.83,25,14,0.82,0,1,0,1,40,0.14,context_mismatch
STU_028,ENT_00275,10,0.8,17,17,0.79,0,0,1,0,17,0.34,context_mismatch
STU_028,ENT_00276,15,0.83,27,12,0.85,0,1,0,0,40,0.13,context_mismatch
STU_028,ENT_00277,38,0.46,15,13,0.84,0,0,0,1,27,0.39,stress_underestimation
STU_028,ENT_00278,49,0.65,21,10,0.88,0,0,1,0,30,0.23,context_mismatch
STU_028,ENT_00279,44,0.28,78,54,0.32,1,0,1,0,91,0.06,focus_mismatch
STU_028,ENT_00280,37,0.5,22,36,0.55,1,1,0,1,29,0.59,stress_underestimation
STU_029,ENT_00281,16,0.57,53,59,0.26,1,1,0,0,64,0.35,focus_mismatch
STU_029,ENT_00282,8,0.94,2,14,0.82,1,1,0,0,3,0.12,accurate_perception
STU_029,ENT_00283,8,0.83,32,35,0.56,0,1,1,0,39,0.18,context_mismatch
STU_029,ENT_00284,21,0.55,20,29,0.64,1,1,0,1,26,0.74,stress_underestimation
STU_029,ENT_00285,21,0.76,36,29,0.64,0,0,0,0,46,0.33,context_mismatch
STU_029,ENT_00286,70,0.42,18,29,0.64,0,0,1,0,32,0.38,context_mismatch
STU_029,ENT_00287,24,0.76,10,17,0.79,0,0,1,0,22,0.05,context_mismatch
STU_029,ENT_00288,41,0.63,25,49,0.39,1,0,0,0,45,0.17,focus_mismatch
STU_029,ENT_00289,0,1.0,5,3,0.96,1,1,1,0,18,0.18,accurate_perception
STU_029,ENT_00290,72,0.1,88,33,0.59,1,0,1,0,102,0.11,productivity_overestimation
STU_030,ENT_00291,11,0.68,27,43,0.46,1,1,0,1,39,0.54,stress_underestimation
STU_030,ENT_00292,12,0.78,10,40,0.5,1,1,0,1,27,0.66,stress_underestimation
STU_030,ENT_00293,29,0.61,44,65,0.19,1,0,1,0,52,0.11,stress_underestimation
STU_030,ENT_00294,54,0.44,18,25,0.69,0,0,0,0,30,0.23,context_mismatch
STU_030,ENT_00295,37,0.73,54,67,0.16,1,0,0,0,65,0.35,focus_mismatch
STU_030,ENT_00296,3,0.97,9,17,0.79,1,1,0,0,10,0.04,accurate_perception
STU_030,ENT_00297,29,0.51,29,44,0.45,1,0,0,1,34,0.65,stress_underestimation
STU_030,ENT_00298,38,0.72,49,54,0.32,1,0,0,0,60,0.4,focus_mismatch
STU_030,ENT_00299,29,0.62,14,25,0.69,1,0,1,1,34,0.93,stress_underestimation
STU_030,ENT_00300,38,0.66,22,21,0.74,0,1,1,1,26,0.28,context_mismatch
STU_031,ENT_00301,7,0.77,30,47,0.41,1,1,1,0,49,0.42,focus_mismatch
STU_031,ENT_00302,5,0.95,11,9,0.89,1,1,1,0,16,0.2,accurate_perception
STU_031,ENT_00303,15,0.63,47,60,0.25,1,0,1,0,50,0.22,focus_mismatch
STU_031,ENT_00304,7,0.81,38,41,0.49,0,1,1,0,41,0.22,context_mismatch
STU_031,ENT_00305,56,0.57,34,47,0.41,1,0,0,0,37,0.21,context_mismatch
STU_031,ENT_00306,28,0.8,20,15,0.81,0,1,0,1,40,0.01,context_mismatch
STU_031,ENT_00307,127,0.11,56,32,0.6,1,0,0,1,65,0.26,productivity_overestimation
STU_031,ENT_00308,16,0.56,12,37,0.54,0,1,1,1,27,0.25,context_mismatch
STU_031,ENT_00309,13,0.61,19,17,0.79,0,1,1,0,27,0.2,context_mismatch
STU_031,ENT_00310,43,0.57,11,38,0.53,0,1,1,0,18,0.19,context_mismatch
STU_032,ENT_00311,12,0.88,7,15,0.81,1,1,0,0,19,0.11,accurate_perception
STU_032,ENT_00312,31,0.63,27,64,0.2,1,1,1,0,28,0.42,focus_mismatch
STU_032,ENT_00313,105,0.28,90,31,0.61,1,0,0,0,96,0.39,productivity_overestimation
STU_032,ENT_00314,3,0.96,8,6,0.93,1,1,1,0,10,0.06,accurate_perception
STU_032,ENT_00315,37,0.63,35,10,0.88,0,1,1,0,39,0.17,context_mismatch
STU_032,ENT_00316,32,0.69,35,18,0.78,1,1,0,1,48,0.9,stress_underestimation
STU_032,ENT_00317,98,0.13,69,29,0.64,1,0,1,1,79,0.02,productivity_overestimation
STU_032,ENT_00318,18,0.5,35,41,0.49,1,1,1,1,50,0.63,stress_underestimation
STU_032,ENT_00319,1,0.99,10,16,0.8,1,1,0,0,23,0.05,accurate_perception
STU_032,ENT_00320,4,0.9,11,17,0.79,1,1,0,0,27,0.16,accurate_perception
STU_033,ENT_00321,8,0.79,15,11,0.86,0,0,1,0,22,0.33,accurate_perception
STU_033,ENT_00322,34,0.77,22,42,0.47,0,0,0,1,33,0.01,context_mismatch
STU_033,ENT_00323,10,0.89,8,7,0.91,1,1,1,0,10,0.15,accurate_perception
STU_033,ENT_00324,5,0.94,8,8,0.9,1,1,0,0,24,0.13,accurate_perception
STU_033,ENT_00325,40,0.56,44,61,0.24,1,1,0,0,64,0.35,focus_mismatch
STU_033,ENT_00326,72,0.5,31,29,0.64,0,1,1,1,47,0.04,context_mismatch
STU_033,ENT_00327,57,0.58,35,49,0.39,1,1,1,0,43,0.32,focus_mismatch
STU_033,ENT_00328,36,0.7,53,60,0.25,1,0,1,0,72,0.38,focus_mismatch
STU_033,ENT_00329,11,0.84,39,23,0.71,1,1,0,1,40,0.67,stress_underestimation
STU_033,ENT_00330,39,0.62,45,79,0.01,1,1,1,0,56,0.42,focus_mismatch
STU_034,ENT_00331,13,0.91,5,10,0.88,1,1,0,0,15,0.19,accurate_perception
STU_034,ENT_00332,12,0.79,18,33,0.59,0,1,1,0,33,0.34,focus_mismatch
STU_034,ENT_00333,41,0.61,52,52,0.35,1,1,0,0,65,0.29,context_mismatch
STU_034,ENT_00334,13,0.72,29,74,0.07,1,1,1,0,34,0.4,focus_mismatch
STU_034,ENT_00335,53,0.42,18,38,0.53,0,0,0,0,23,0.23,context_mismatch
STU_034,ENT_00336,35,0.72,23,27,0.66,1,1,0,1,40,0.5,stress_underestimation
STU_034,ENT_00337,22,0.71,46,46,0.43,1,0,1,0,53,0.32,focus_mismatch
STU_034,ENT_00338,53,0.63,15,29,0.64,0,0,0,0,24,0.12,context_mismatch
STU_034,ENT_00339,71,0.26,51,28,0.65,1,0,1,1,57,0.14,productivity_overestimation
STU_034,ENT_00340,56,0.62,31,53,0.34,1,0,1,0,36,0.31,focus_mismatch
STU_035,ENT_00341,33,0.73,27,39,0.51,1,0,0,1,30,0.95,stress_underestimation
STU_035,ENT_00342,4,0.88,15,10,0.88,1,1,0,0,21,0.14,accurate_perception
STU_035,ENT_00343,7,0.94,4,10,0.88,1,1,1,0,7,0.08,accurate_perception
STU_035,ENT_00344,10,0.91,8,8,0.9,1,1,0,0,14,0.17,accurate_perception
STU_035,ENT_00345,16,0.8,20,40,0.5,0,0,0,0,22,0.01,context_mismatch
STU_035,ENT_00346,126,0.07,34,52,0.35,1,0,1,0,54,0.36,productivity_overestimation
STU_035,ENT_00347,35,0.48,37,12,0.85,0,1,0,0,47,0.32,context_mismatch
STU_035,ENT_00348,7,0.84,10,7,0.91,1,1,0,0,24,0.07,accurate_perception
STU_035,ENT_00349,22,0.66,37,52,0.35,1,1,0,0,45,0.44,focus_mismatch
STU_035,ENT_00350,25,0.79,29,52,0.35,1,0,1,0,34,0.44,focus_mismatch
STU_036,ENT_00351,122,0.16,69,42,0.47,1,0,1,0,73,0.35,productivity_overestimation
STU_036,ENT_00352,16,0.83,0,12,0.85,1,1,1,0,16,0.14,accurate_perception
STU_036,ENT_00353,27,0.74,26,25,0.69,1,0,0,1,33,0.8,stress_underestimation
STU_036,ENT_00354,24,0.79,29,43,0.46,1,0,1,1,34,0.79,stress_underestimation
STU_036,ENT_00355,27,0.7,35,60,0.25,1,1,0,0,42,0.12,focus_mismatch
STU_036,ENT_00356,64,0.18,58,56,0.3,1,0,0,0,72,0.34,productivity_overestimation
STU_036,ENT_00357,33,0.65,27,32,0.6,1,0,0,1,46,0.86,stress_underestimation
STU_036,ENT_00358,116,0.19,53,41,0.49,1,0,0,0,67,0.33,productivity_overestimation
STU_036,ENT_00359,48,0.62,13,29,0.64,1,0,1,1,23,0.6,stress_underestimation
STU_036,ENT_00360,37,0.67,26,51,0.36,1,0,1,0,39,0.27,focus_mismatch
STU_037,ENT_00361,12,0.89,6,16,0.8,1,1,0,0,9,0.14,accurate_perception
STU_037,ENT_00362,11,0.69,29,77,0.04,1,1,0,0,30,0.1,focus_mismatch
STU_037,ENT_00363,18,0.79,47,56,0.3,1,0,1,0,51,0.36,focus_mismatch
STU_037,ENT_00364,42,0.63,39,34,0.57,1,0,1,1,49,0.68,stress_underestimation
STU_037,ENT_00365,21,0.76,34,77,0.04,1,1,0,0,51,0.35,focus_mismatch
STU_037,ENT_00366,10,0.82,32,18,0.78,0,0,1,1,52,0.22,context_mismatch
STU_037,ENT_00367,7,0.84,23,37,0.54,1,1,1,1,39,0.86,stress_underestimation
STU_037,ENT_00368,4,0.95,9,7,0.91,1,1,0,0,13,0.14,accurate_perception
STU_037,ENT_00369,58,0.51,24,41,0.49,1,0,0,1,41,0.89,stress_underestimation
STU_037,ENT_00370,28,0.78,32,40,0.5,1,1,1,1,44,0.8,stress_underestimation
STU_038,ENT_00371,56,0.57,31,61,0.24,1,1,1,0,51,0.39,focus_mismatch
STU_038,ENT_00372,19,0.83,24,28,0.65,0,0,0,1,29,0.03,context_mismatch
STU_038,ENT_00373,22,0.51,28,20,0.75,0,1,1,0,32,0.13,productivity_overestimation
STU_038,ENT_00374,8,0.92,2,13,0.84,1,1,1,0,12,0.16,accurate_perception
STU_038,ENT_00375,42,0.21,52,25,0.69,1,0,0,0,62,0.35,productivity_overestimation
STU_038,ENT_00376,15,0.78,13,10,0.88,0,1,1,0,33,0.1,context_mismatch
STU_038,ENT_00377,50,0.54,22,17,0.79,0,1,0,1,22,0.29,context_mismatch
STU_038,ENT_00378,53,0.61,16,35,0.56,1,1,1,1,19,0.54,stress_underestimation
STU_038,ENT_00379,114,0.11,79,60,0.25,1,0,0,0,92,0.35,productivity_overestimation
STU_038,ENT_00380,37,0.34,31,29,0.64,1,0,1,1,32,0.29,productivity_overestimation
STU_039,ENT_00381,3,0.92,8,9,0.89,1,1,1,0,22,0.08,accurate_perception
STU_039,ENT_00382,31,0.64,34,14,0.82,0,0,1,1,45,0.34,context_mismatch
STU_039,ENT_00383,20,0.53,22,38,0.53,0,1,1,1,27,0.01,context_mismatch
STU_039,ENT_00384,21,0.55,38,36,0.55,1,1,1,1,55,0.75,stress_underestimation
STU_039,ENT_00385,0,1.0,6,11,0.86,1,1,1,0,17,0.15,accurate_perception
STU_039,ENT_00386,61,0.58,18,41,0.49,1,0,0,1,36,0.58,stress_underestimation
STU_039,ENT_00387,65,0.53,12,36,0.55,1,1,1,1,30,0.59,stress_underestimation
STU_039,ENT_00388,23,0.68,20,22,0.72,0,1,0,0,29,0.13,context_mismatch
STU_039,ENT_00389,32,0.35,30,30,0.62,1,0,1,1,37,0.1,productivity_overestimation
STU_039,ENT_00390,82,0.27,59,50,0.38,1,0,1,1,68,0.14,productivity_overestimation
STU_040,ENT_00391,1,0.98,6,6,0.93,1,1,0,0,26,0.05,accurate_perception
STU_040,ENT_00392,11,0.92,1,8,0.9,1,1,0,0,18,0.11,accurate_perception
STU_040,ENT_00393,87,0.12,76,57,0.29,1,0,0,1,92,0.05,productivity_overestimation
STU_040,ENT_00394,17,0.79,34,20,0.75,0,0,0,0,52,0.06,context_mismatch
STU_040,ENT_00395,35,0.69,26,67,0.16,1,0,0,0,33,0.37,productivity_overestimation
STU_040,ENT_00396,2,0.97,15,14,0.82,1,1,0,0,16,0.18,productivity_overestimation
STU_040,ENT_00397,18,0.58,28,32,0.6,1,0,1,1,39,0.79,stress_underestimation
STU_040,ENT_00398,26,0.82,37,78,0.03,1,1,1,0,48,0.39,focus_mismatch
STU_040,ENT_00399,37,0.59,32,55,0.31,1,0,0,0,40,0.28,focus_mismatch
STU_040,ENT_00400,6,0.89,3,12,0.85,1,1,0,0,18,0.1,accurate_perception
STU_041,ENT_00401,18,0.83,4,7,0.91,1,1,1,0,5,0.13,accurate_perception
STU_041,ENT_00402,4,0.92,0,14,0.82,1,1,1,0,9,0.18,accurate_perception
STU_041,ENT_00403,51,0.11,68,46,0.43,1,0,1,0,73,0.32,productivity_overestimation
STU_041,ENT_00404,31,0.67,17,14,0.82,0,1,1,0,17,0.05,context_mismatch
STU_041,ENT_00405,38,0.73,40,56,0.3,1,0,1,0,57,0.41,focus_mismatch
STU_041,ENT_00406,4,0.91,13,2,0.97,1,1,0,0,24,0.1,accurate_perception
STU_041,ENT_00407,96,0.19,52,44,0.45,1,0,0,0,60,0.17,productivity_overestimation
STU_041,ENT_00408,11,0.81,33,71,0.11,1,0,0,0,33,0.1,focus_mismatch
STU_041,ENT_00409,33,0.27,56,40,0.5,1,0,1,1,69,0.04,productivity_overestimation
STU_041,ENT_00410,20,0.68,34,35,0.56,0,0,1,0,51,0.22,context_mismatch
STU_042,ENT_00411,66,0.14,79,42,0.47,1,0,1,1,82,0.29,productivity_overestimation
STU_042,ENT_00412,28,0.68,20,40,0.5,1,0,0,1,40,0.68,accurate_perception
STU_042,ENT_00413,18,0.87,2,13,0.84,1,1,1,0,14,0.12,accurate_perception
STU_042,ENT_00414,24,0.7,34,45,0.44,1,0,1,1,34,0.72,stress_underestimation
STU_042,ENT_00415,24,0.79,41,77,0.04,1,0,1,0,42,0.32,focus_mismatch
STU_042,ENT_00416,15,0.87,11,14,0.82,1,1,0,0,23,0.13,accurate_perception
STU_042,ENT_00417,8,0.92,11,13,0.84,1,1,0,0,19,0.19,accurate_perception
STU_042,ENT_00418,47,0.13,62,46,0.43,1,0,1,0,78,0.22,productivity_overestimation
STU_042,ENT_00419,9,0.8,47,61,0.24,1,1,1,0,65,0.44,focus_mismatch
STU_042,ENT_00420,11,0.82,10,42,0.47,1,1,1,1,22,0.62,stress_underestimation
STU_043,ENT_00421,21,0.64,26,26,0.68,1,0,0,1,33,0.87,stress_underestimation
STU_043,ENT_00422,14,0.83,20,30,0.62,1,1,1,1,28,0.9,stress_underestimation
STU_043,ENT_00423,54,0.57,17,38,0.53,1,1,0,1,24,0.6,stress_underestimation
STU_043,ENT_00424,12,0.84,0,17,0.79,1,1,0,0,17,0.15,accurate_perception
STU_043,ENT_00425,90,0.35,85,56,0.3,1,0,1,1,101,0.2,productivity_overestimation
STU_043,ENT_00426,13,0.78,40,30,0.62,1,0,0,1,45,0.66,stress_underestimation
STU_043,ENT_00427,22,0.51,16,36,0.55,1,1,1,1,27,0.55,stress_underestimation
STU_043,ENT_00428,6,0.9,11,12,0.85,1,1,1,0,24,0.04,accurate_perception
STU_043,ENT_00429,48,0.6,28,20,0.75,1,0,1,1,31,0.81,stress_underestimation
STU_043,ENT_00430,68,0.48,25,19,0.76,0,0,1,0,29,0.17,context_mismatch
STU_044,ENT_00431,55,0.6,37,32,0.6,1,0,1,1,42,0.54,productivity_overestimation
STU_044,ENT_00432,31,0.66,36,68,0.15,1,1,0,0,49,0.22,focus_mismatch
STU_044,ENT_00433,38,0.73,15,32,0.6,1,1,0,1,31,0.65,stress_underestimation
STU_044,ENT_00434,107,0.14,39,60,0.25,1,0,0,0,49,0.26,productivity_overestimation
STU_044,ENT_00435,91,0.16,50,40,0.5,1,0,0,1,69,0.28,productivity_overestimation
STU_044,ENT_00436,19,0.7,38,73,0.09,1,0,1,0,38,0.16,focus_mismatch
STU_044,ENT_00437,22,0.63,12,18,0.78,1,1,0,1,24,0.52,stress_underestimation
STU_044,ENT_00438,0,1.0,9,14,0.82,1,1,0,0,18,0.05,accurate_perception
STU_044,ENT_00439,3,0.93,15,12,0.85,1,1,0,0,32,0.09,accurate_perception
STU_044,ENT_00440,81,0.19,86,60,0.25,1,0,0,1,106,0.21,productivity_overestimation
STU_045,ENT_00441,59,0.6,23,33,0.59,0,1,0,0,23,0.12,context_mismatch
STU_045,ENT_00442,37,0.71,55,76,0.05,1,1,1,0,68,0.2,focus_mismatch
STU_045,ENT_00443,55,0.48,23,45,0.44,0,1,0,0,43,0.07,context_mismatch
STU_045,ENT_00444,38,0.51,19,27,0.66,0,1,0,0,21,0.08,context_mismatch
STU_045,ENT_00445,9,0.87,6,17,0.79,1,1,1,0,10,0.06,focus_mismatch
STU_045,ENT_00446,5,0.84,0,16,0.8,1,1,0,0,4,0.05,context_mismatch
STU_045,ENT_00447,59,0.19,51,22,0.72,1,0,1,0,55,0.34,stress_underestimation
STU_045,ENT_00448,27,0.31,83,44,0.45,1,0,0,0,90,0.05,productivity_overestimation
STU_045,ENT_00449,23,0.73,26,16,0.8,0,0,0,0,35,0.16,context_mismatch
STU_045,ENT_00450,15,0.7,18,18,0.78,1,1,0,1,29,0.63,stress_underestimation
STU_046,ENT_00451,49,0.65,15,15,0.81,1,1,0,1,22,0.55,accurate_perception
STU_046,ENT_00452,46,0.56,12,39,0.51,1,0,1,1,31,0.72,stress_underestimation
STU_046,ENT_00453,57,0.55,35,32,0.6,1,0,0,1,45,0.72,stress_underestimation
STU_046,ENT_00454,45,0.65,10,21,0.74,1,1,1,1,18,0.83,stress_underestimation
STU_046,ENT_00455,30,0.67,15,33,0.59,1,1,1,1,23,0.83,stress_underestimation
STU_046,ENT_00456,43,0.59,51,63,0.21,1,1,0,0,65,0.29,focus_mismatch
STU_046,ENT_00457,29,0.63,17,34,0.57,1,1,0,1,34,0.53,stress_underestimation
STU_046,ENT_00458,49,0.09,50,38,0.53,1,0,1,1,53,0.26,productivity_overestimation
STU_046,ENT_00459,20,0.82,15,5,0.94,1,1,0,0,16,0.04,accurate_perception
STU_046,ENT_00460,39,0.72,11,26,0.68,0,1,1,0,13,0.24,context_mismatch
STU_047,ENT_00461,86,0.24,65,43,0.46,1,0,0,1,66,0.33,productivity_overestimation
STU_047,ENT_00462,59,0.08,63,33,0.59,1,0,0,0,70,0.04,productivity_overestimation
STU_047,ENT_00463,1,0.98,3,15,0.81,1,1,0,0,21,0.15,accurate_perception
STU_047,ENT_00464,39,0.56,27,20,0.75,1,1,1,1,32,0.65,stress_underestimation
STU_047,ENT_00465,83,0.22,84,40,0.5,1,0,1,1,104,0.16,productivity_overestimation
STU_047,ENT_00466,61,0.5,39,45,0.44,0,1,0,0,53,0.38,context_mismatch
STU_047,ENT_00467,10,0.67,19,43,0.46,1,0,1,1,25,0.94,stress_underestimation
STU_047,ENT_00468,10,0.69,39,33,0.59,1,0,1,1,50,0.52,stress_underestimation
STU_047,ENT_00469,15,0.76,28,15,0.81,0,1,0,1,30,0.37,context_mismatch
STU_047,ENT_00470,97,0.26,82,56,0.3,1,0,1,0,91,0.24,focus_mismatch
STU_048,ENT_00471,9,0.88,13,15,0.81,1,1,0,0,16,0.19,accurate_perception
STU_048,ENT_00472,16,0.73,19,16,0.8,1,0,0,1,23,0.74,stress_underestimation
STU_048,ENT_00473,18,0.85,34,38,0.53,0,0,0,0,46,0.17,context_mismatch
STU_048,ENT_00474,10,0.86,13,14,0.82,1,1,0,0,17,0.15,accurate_perception
STU_048,ENT_00475,71,0.22,69,55,0.31,1,0,1,0,77,0.1,productivity_overestimation
STU_048,ENT_00476,25,0.65,21,26,0.68,1,0,0,1,41,0.66,productivity_overestimation
STU_048,ENT_00477,16,0.69,31,59,0.26,1,1,1,0,33,0.15,focus_mismatch
STU_048,ENT_00478,8,0.78,20,10,0.88,0,0,0,0,20,0.18,context_mismatch
STU_048,ENT_00479,90,0.27,60,55,0.31,1,0,0,0,60,0.28,productivity_overestimation
STU_048,ENT_00480,69,0.52,35,21,0.74,1,1,0,1,35,0.71,productivity_overestimation
STU_049,ENT_00481,51,0.55,32,69,0.14,1,1,1,0,35,0.28,focus_mismatch
STU_049,ENT_00482,28,0.7,42,74,0.07,1,0,0,0,58,0.11,focus_mismatch
STU_049,ENT_00483,27,0.71,30,32,0.6,0,1,0,0,46,0.4,context_mismatch
STU_049,ENT_00484,8,0.78,40,15,0.81,1,1,1,1,52,0.57,stress_underestimation
STU_049,ENT_00485,12,0.71,19,28,0.65,1,1,0,1,25,0.74,stress_underestimation
STU_049,ENT_00486,89,0.14,88,53,0.34,1,0,0,0,92,0.17,productivity_overestimation
STU_049,ENT_00487,30,0.71,30,52,0.35,1,1,1,0,34,0.39,focus_mismatch
STU_049,ENT_00488,59,0.54,14,27,0.66,0,0,1,0,14,0.05,context_mismatch
STU_049,ENT_00489,45,0.58,21,15,0.81,1,0,0,1,25,0.85,stress_underestimation
STU_049,ENT_00490,89,0.17,38,50,0.38,1,0,1,0,39,0.08,productivity_overestimation
STU_050,ENT_00491,8,0.74,49,57,0.29,1,0,1,0,63,0.12,focus_mismatch
STU_050,ENT_00492,32,0.65,11,39,0.51,1,1,1,1,30,0.64,stress_underestimation
STU_050,ENT_00493,84,0.18,86,22,0.72,1,0,0,0,98,0.21,productivity_overestimation
STU_050,ENT_00494,29,0.17,79,39,0.51,1,0,0,1,92,0.18,productivity_overestimation
STU_050,ENT_00495,9,0.94,3,4,0.95,1,1,0,0,21,0.04,accurate_perception
STU_050,ENT_00496,97,0.18,59,31,0.61,1,0,1,0,61,0.35,productivity_overestimation
STU_050,ENT_00497,54,0.54,32,18,0.78,1,1,0,1,48,0.66,stress_underestimation
STU_050,ENT_00498,45,0.63,15,39,0.51,1,1,0,1,19,0.89,stress_underestimation
STU_050,ENT_00499,6,0.88,9,16,0.8,1,1,0,0,12,0.13,accurate_perception
STU_050,ENT_00500,5,0.91,0,17,0.79,1,1,1,0,15,0.12,accurate_perception
STU_051,ENT_00501,50,0.52,10,34,0.57,1,0,1,1,30,0.63,stress_underestimation
STU_051,ENT_00502,41,0.7,14,12,0.85,0,0,0,1,33,0.23,context_mismatch
STU_051,ENT_00503,22,0.85,5,11,0.86,1,1,0,0,23,0.19,accurate_perception
STU_051,ENT_00504,1,0.97,13,4,0.95,1,1,1,0,15,0.17,accurate_perception
STU_051,ENT_00505,5,0.89,6,8,0.9,1,1,1,0,9,0.12,accurate_perception
STU_051,ENT_00506,82,0.25,57,38,0.53,1,0,0,1,75,0.1,productivity_overestimation
STU_051,ENT_00507,20,0.73,50,76,0.05,1,0,1,0,57,0.41,focus_mismatch
STU_051,ENT_00508,2,0.96,13,8,0.9,1,1,0,0,23,0.08,accurate_perception
STU_051,ENT_00509,34,0.74,35,23,0.71,1,0,0,1,52,0.64,stress_underestimation
STU_051,ENT_00510,1,0.97,5,2,0.97,1,1,1,0,15,0.04,accurate_perception
STU_052,ENT_00511,28,0.69,53,74,0.07,1,1,0,0,66,0.26,focus_mismatch
STU_052,ENT_00512,9,0.76,42,80,0,1,0,1,0,52,0.17,focus_mismatch
STU_052,ENT_00513,57,0.6,20,15,0.81,1,1,0,1,25,0.74,stress_underestimation
STU_052,ENT_00514,4,0.95,1,12,0.85,1,1,0,0,3,0.05,accurate_perception
STU_052,ENT_00515,28,0.53,21,17,0.79,0,0,1,0,35,0.37,context_mismatch
STU_052,ENT_00516,89,0.33,49,53,0.34,1,0,0,1,52,0.06,productivity_overestimation
STU_052,ENT_00517,141,0.06,75,44,0.45,1,0,0,0,76,0.0,productivity_overestimation
STU_052,ENT_00518,46,0.57,49,78,0.03,1,1,1,0,58,0.11,focus_mismatch
STU_052,ENT_00519,20,0.64,31,38,0.53,0,0,0,0,39,0.06,context_mismatch
STU_052,ENT_00520,92,0.16,47,40,0.5,1,0,0,0,56,0.38,productivity_overestimation
STU_053,ENT_00521,9,0.82,15,2,0.97,1,1,1,0,16,0.18,accurate_perception
STU_053,ENT_00522,3,0.92,11,16,0.8,1,1,1,0,17,0.06,accurate_perception
STU_053,ENT_00523,26,0.77,43,74,0.07,1,0,0,0,57,0.13,focus_mismatch
STU_053,ENT_00524,12,0.83,37,19,0.76,1,1,1,1,47,0.68,stress_underestimation
STU_053,ENT_00525,55,0.61,25,32,0.6,0,1,1,0,36,0.11,context_mismatch
STU_053,ENT_00526,33,0.28,65,40,0.5,1,0,1,0,82,0.32,productivity_overestimation
STU_053,ENT_00527,69,0.34,34,44,0.45,1,0,0,1,52,0.08,productivity_overestimation
STU_053,ENT_00528,75,0.12,77,24,0.7,1,0,1,1,96,0.05,productivity_overestimation
STU_053,ENT_00529,1,0.99,3,4,0.95,1,1,1,0,22,0.14,accurate_perception
STU_053,ENT_00530,18,0.77,34,10,0.88,0,0,0,1,51,0.06,context_mismatch
STU_054,ENT_00531,74,0.31,66,39,0.51,1,0,0,1,79,0.37,productivity_overestimation
STU_054,ENT_00532,48,0.67,22,42,0.47,0,0,0,0,39,0.02,context_mismatch
STU_054,ENT_00533,12,0.6,17,15,0.81,1,1,1,1,37,0.77,stress_underestimation
STU_054,ENT_00534,59,0.24,38,50,0.38,1,0,1,0,49,0.22,productivity_overestimation
STU_054,ENT_00535,28,0.43,14,11,0.86,0,1,0,1,18,0.17,context_mismatch
STU_054,ENT_00536,27,0.76,44,72,0.1,1,0,1,0,57,0.26,focus_mismatch
STU_054,ENT_00537,29,0.67,37,41,0.49,0,0,0,1,50,0.2,context_mismatch
STU_054,ENT_00538,29,0.72,28,17,0.79,0,1,0,1,44,0.03,context_mismatch
STU_054,ENT_00539,40,0.68,12,34,0.57,1,0,1,1,14,0.78,stress_underestimation
STU_054,ENT_00540,18,0.82,34,32,0.6,1,0,1,1,49,0.7,stress_underestimation
STU_055,ENT_00541,68,0.06,77,58,0.28,1,0,1,1,95,0.29,productivity_overestimation
STU_055,ENT_00542,83,0.25,81,38,0.53,1,0,0,0,83,0.11,productivity_overestimation
STU_055,ENT_00543,10,0.74,52,62,0.22,1,1,1,0,55,0.1,focus_mismatch
STU_055,ENT_00544,123,0.16,46,31,0.61,1,0,0,0,62,0.19,productivity_overestimation
STU_055,ENT_00545,15,0.79,49,76,0.05,1,1,0,0,56,0.37,focus_mismatch
STU_055,ENT_00546,25,0.8,30,16,0.8,1,1,0,1,44,0.52,stress_underestimation
STU_055,ENT_00547,50,0.26,46,50,0.38,1,0,0,0,59,0.21,stress_underestimation
STU_055,ENT_00548,24,0.69,40,26,0.68,1,1,0,1,48,0.91,stress_underestimation
STU_055,ENT_00549,21,0.67,48,60,0.25,1,0,1,0,53,0.28,focus_mismatch
STU_055,ENT_00550,14,0.55,31,18,0.78,1,1,0,1,40,0.6,stress_underestimation
STU_056,ENT_00551,2,0.94,3,8,0.9,1,1,0,0,6,0.14,accurate_perception
STU_056,ENT_00552,6,0.94,9,10,0.88,1,1,0,0,11,0.09,accurate_perception
STU_056,ENT_00553,37,0.75,33,65,0.19,1,0,1,0,41,0.37,focus_mismatch
STU_056,ENT_00554,18,0.77,24,21,0.74,0,0,0,0,30,0.39,context_mismatch
STU_056,ENT_00555,12,0.77,29,21,0.74,1,0,0,1,32,0.82,accurate_perception
STU_056,ENT_00556,34,0.67,30,35,0.56,1,0,1,1,38,0.8,stress_underestimation
STU_056,ENT_00557,12,0.83,40,76,0.05,1,1,0,0,42,0.24,focus_mismatch
STU_056,ENT_00558,11,0.63,20,32,0.6,0,1,1,0,40,0.02,context_mismatch
STU_056,ENT_00559,31,0.68,45,63,0.21,1,0,1,0,46,0.16,focus_mismatch
STU_056,ENT_00560,8,0.93,15,13,0.84,1,1,1,0,35,0.02,accurate_perception
STU_057,ENT_00561,0,1.0,15,9,0.89,1,1,0,0,32,0.08,accurate_perception
STU_057,ENT_00562,88,0.05,33,41,0.49,1,0,1,1,34,0.32,productivity_overestimation
STU_057,ENT_00563,11,0.81,29,79,0.01,1,0,1,0,30,0.42,focus_mismatch
STU_057,ENT_00564,26,0.72,32,22,0.72,1,0,1,1,33,0.58,stress_underestimation
STU_057,ENT_00565,28,0.79,36,17,0.79,1,0,1,1,55,0.72,stress_underestimation
STU_057,ENT_00566,21,0.84,20,35,0.56,0,0,1,1,24,0.23,context_mismatch
STU_057,ENT_00567,59,0.55,18,17,0.79,0,0,0,0,29,0.07,context_mismatch
STU_057,ENT_00568,21,0.76,34,34,0.57,0,0,0,0,36,0.35,context_mismatch
STU_057,ENT_00569,5,0.97,4,17,0.79,1,1,1,0,24,0.04,accurate_perception
STU_057,ENT_00570,82,0.06,75,31,0.61,1,0,0,1,77,0.24,productivity_overestimation
STU_058,ENT_00571,64,0.51,26,17,0.79,0,0,1,1,43,0.14,context_mismatch
STU_058,ENT_00572,38,0.57,14,40,0.5,1,1,0,1,15,0.58,productivity_overestimation
STU_058,ENT_00573,16,0.76,11,39,0.51,0,0,1,1,28,0.02,context_mismatch
STU_058,ENT_00574,18,0.86,10,16,0.8,1,1,0,0,20,0.08,accurate_perception
STU_058,ENT_00575,18,0.59,22,22,0.72,0,0,0,0,37,0.19,stress_underestimation
STU_058,ENT_00576,21,0.56,33,39,0.51,0,0,1,1,41,0.14,context_mismatch
STU_058,ENT_00577,7,0.85,14,16,0.8,1,1,0,0,24,0.08,accurate_perception
STU_058,ENT_00578,21,0.69,12,22,0.72,1,1,0,1,18,0.72,stress_underestimation
STU_058,ENT_00579,100,0.27,45,35,0.56,1,0,0,1,52,0.17,productivity_overestimation
STU_058,ENT_00580,46,0.56,48,75,0.06,1,0,0,0,60,0.25,focus_mismatch
STU_059,ENT_00581,55,0.58,34,32,0.6,1,0,0,1,40,0.83,stress_underestimation
STU_059,ENT_00582,20,0.7,32,20,0.75,0,1,0,1,32,0.3,context_mismatch
STU_059,ENT_00583,17,0.81,24,35,0.56,1,0,1,1,34,0.53,stress_underestimation
STU_059,ENT_00584,51,0.24,80,56,0.3,1,0,1,0,82,0.32,productivity_overestimation
STU_059,ENT_00585,13,0.82,38,26,0.68,1,0,0,1,52,0.67,stress_underestimation
STU_059,ENT_00586,19,0.75,20,18,0.78,0,0,0,1,35,0.05,context_mismatch
STU_059,ENT_00587,91,0.28,52,40,0.5,1,0,0,1,65,0.2,productivity_overestimation
STU_059,ENT_00588,14,0.63,25,17,0.79,0,1,1,0,27,0.25,context_mismatch
STU_059,ENT_00589,128,0.1,36,24,0.7,1,0,0,0,40,0.11,productivity_overestimation
STU_059,ENT_00590,23,0.84,39,44,0.45,0,0,0,0,53,0.14,context_mismatch
STU_060,ENT_00591,8,0.75,30,43,0.46,0,1,0,0,50,0.23,context_mismatch
STU_060,ENT_00592,55,0.23,40,39,0.51,1,0,1,1,51,0.09,productivity_overestimation
STU_060,ENT_00593,40,0.69,44,55,0.31,1,0,0,0,53,0.35,focus_mismatch
STU_060,ENT_00594,22,0.58,43,65,0.19,1,0,0,0,54,0.25,focus_mismatch
STU_060,ENT_00595,45,0.55,27,29,0.64,1,0,1,1,27,0.64,stress_underestimation
STU_060,ENT_00596,41,0.56,27,38,0.53,1,1,1,1,42,0.82,stress_underestimation
STU_060,ENT_00597,37,0.75,24,44,0.45,1,1,0,1,39,0.55,stress_underestimation
STU_060,ENT_00598,17,0.64,17,41,0.49,1,1,0,1,18,0.54,stress_underestimation
STU_060,ENT_00599,39,0.28,31,32,0.6,1,0,0,0,45,0.22,productivity_overestimation
STU_060,ENT_00600,15,0.63,55,77,0.04,1,0,1,0,66,0.42,focus_mismatch
STU_061,ENT_00601,54,0.55,36,67,0.16,1,1,1,0,53,0.44,focus_mismatch
STU_061,ENT_00602,45,0.63,48,72,0.1,1,1,1,0,66,0.15,focus_mismatch
STU_061,ENT_00603,17,0.65,12,31,0.61,0,1,1,0,32,0.0,context_mismatch
STU_061,ENT_00604,4,0.95,6,6,0.93,1,1,1,0,18,0.04,accurate_perception
STU_061,ENT_00605,12,0.87,7,16,0.8,1,1,1,0,7,0.01,accurate_perception
STU_061,ENT_00606,17,0.75,38,63,0.21,1,0,1,0,58,0.27,focus_mismatch
STU_061,ENT_00607,21,0.53,21,38,0.53,1,1,1,1,29,0.7,stress_underestimation
STU_061,ENT_00608,21,0.77,52,46,0.43,1,1,0,0,53,0.16,focus_mismatch
STU_061,ENT_00609,39,0.56,38,68,0.15,1,1,0,0,47,0.12,focus_mismatch
STU_061,ENT_00610,22,0.85,5,5,0.94,1,1,0,0,15,0.11,accurate_perception
STU_062,ENT_00611,30,0.74,27,18,0.78,1,1,1,1,43,0.51,stress_underestimation
STU_062,ENT_00612,116,0.1,39,33,0.59,1,0,1,0,56,0.33,productivity_overestimation
STU_062,ENT_00613,24,0.82,51,52,0.35,1,0,0,0,66,0.42,focus_mismatch
STU_062,ENT_00614,39,0.67,15,31,0.61,0,1,1,0,18,0.3,context_mismatch
STU_062,ENT_00615,59,0.58,23,17,0.79,1,0,0,1,38,0.51,stress_underestimation
STU_062,ENT_00616,3,0.91,15,3,0.96,1,1,0,0,23,0.02,productivity_overestimation
STU_062,ENT_00617,2,0.98,6,8,0.9,1,1,0,0,17,0.04,context_mismatch
STU_062,ENT_00618,52,0.62,37,20,0.75,1,0,1,1,40,0.76,stress_underestimation
STU_062,ENT_00619,1,0.99,0,7,0.91,1,1,0,0,3,0.19,accurate_perception
STU_062,ENT_00620,114,0.22,73,48,0.4,1,0,1,0,84,0.07,productivity_overestimation
STU_063,ENT_00621,22,0.74,13,30,0.62,0,1,0,0,28,0.21,context_mismatch
STU_063,ENT_00622,45,0.62,19,34,0.57,0,1,0,1,33,0.29,context_mismatch
STU_063,ENT_00623,47,0.43,40,40,0.5,0,1,1,0,55,0.01,context_mismatch
STU_063,ENT_00624,67,0.16,36,57,0.29,1,0,0,0,42,0.03,productivity_overestimation
STU_063,ENT_00625,21,0.8,33,76,0.05,1,1,1,0,53,0.36,focus_mismatch
STU_063,ENT_00626,60,0.2,79,29,0.64,1,0,1,1,87,0.04,productivity_overestimation
STU_063,ENT_00627,14,0.76,12,41,0.49,1,1,0,1,17,0.51,stress_underestimation
STU_063,ENT_00628,65,0.44,31,14,0.82,0,1,1,0,46,0.08,context_mismatch
STU_063,ENT_00629,59,0.06,86,47,0.41,1,0,0,0,96,0.15,productivity_overestimation
STU_063,ENT_00630,65,0.24,86,39,0.51,1,0,0,0,90,0.2,productivity_overestimation
STU_064,ENT_00631,63,0.2,73,55,0.31,1,0,0,1,78,0.19,productivity_overestimation
STU_064,ENT_00632,35,0.56,20,28,0.65,0,0,1,0,24,0.24,context_mismatch
STU_064,ENT_00633,19,0.74,28,69,0.14,1,1,0,0,39,0.22,focus_mismatch
STU_064,ENT_00634,14,0.62,39,17,0.79,1,0,0,1,44,0.55,productivity_overestimation
STU_064,ENT_00635,23,0.32,31,37,0.54,1,0,1,1,41,0.24,productivity_overestimation
STU_064,ENT_00636,44,0.44,20,23,0.71,0,1,0,1,30,0.32,context_mismatch
STU_064,ENT_00637,21,0.69,36,14,0.82,0,0,1,0,45,0.11,context_mismatch
STU_064,ENT_00638,22,0.73,33,66,0.18,1,0,0,0,49,0.3,focus_mismatch
STU_064,ENT_00639,26,0.54,23,29,0.64,0,1,0,0,31,0.17,context_mismatch
STU_064,ENT_00640,25,0.72,37,31,0.61,1,0,0,1,51,0.72,stress_underestimation
STU_065,ENT_00641,81,0.27,63,23,0.71,1,0,1,0,67,0.15,productivity_overestimation
STU_065,ENT_00642,45,0.64,36,42,0.47,1,0,1,1,49,0.59,stress_underestimation
STU_065,ENT_00643,28,0.58,13,22,0.72,1,0,1,1,22,0.51,stress_underestimation
STU_065,ENT_00644,44,0.56,33,55,0.31,1,0,1,0,41,0.11,focus_mismatch
STU_065,ENT_00645,17,0.67,11,15,0.81,1,0,0,1,13,0.77,stress_underestimation
STU_065,ENT_00646,16,0.8,32,53,0.34,1,0,0,0,48,0.3,focus_mismatch
STU_065,ENT_00647,45,0.53,13,34,0.57,1,1,1,1,25,0.87,stress_underestimation
STU_065,ENT_00648,69,0.45,18,23,0.71,0,1,1,0,36,0.1,focus_mismatch
STU_065,ENT_00649,27,0.65,17,36,0.55,1,1,0,1,28,0.66,stress_underestimation
STU_065,ENT_00650,9,0.72,11,45,0.44,1,0,0,1,20,0.75,stress_underestimation
STU_066,ENT_00651,59,0.5,22,38,0.53,0,0,0,0,30,0.37,context_mismatch
STU_066,ENT_00652,29,0.81,54,55,0.31,1,1,0,0,74,0.32,focus_mismatch
STU_066,ENT_00653,6,0.82,33,40,0.5,0,1,0,0,36,0.29,context_mismatch
STU_066,ENT_00654,39,0.67,33,45,0.44,0,1,0,0,34,0.28,context_mismatch
STU_066,ENT_00655,23,0.57,20,24,0.7,1,0,0,1,36,0.57,stress_underestimation
STU_066,ENT_00656,31,0.76,39,65,0.19,1,1,0,0,43,0.41,focus_mismatch
STU_066,ENT_00657,104,0.11,53,46,0.43,1,0,1,0,65,0.16,productivity_overestimation
STU_066,ENT_00658,96,0.33,70,59,0.26,1,0,0,0,84,0.36,productivity_overestimation
STU_066,ENT_00659,38,0.68,29,61,0.24,1,0,0,0,34,0.44,focus_mismatch
STU_066,ENT_00660,1,0.98,3,17,0.79,1,1,1,0,9,0.04,accurate_perception
STU_067,ENT_00661,42,0.7,38,53,0.34,1,0,1,0,47,0.31,focus_mismatch
STU_067,ENT_00662,51,0.06,45,36,0.55,1,0,1,1,56,0.36,productivity_overestimation
STU_067,ENT_00663,77,0.31,73,45,0.44,1,0,0,0,86,0.29,productivity_overestimation
STU_067,ENT_00664,1,0.98,11,17,0.79,1,1,0,0,30,0.2,accurate_perception
STU_067,ENT_00665,15,0.89,11,14,0.82,1,1,1,0,28,0.03,context_mismatch
STU_067,ENT_00666,1,0.98,2,6,0.93,1,1,1,0,18,0.06,accurate_perception
STU_067,ENT_00667,6,0.9,11,10,0.88,1,1,0,0,20,0.19,accurate_perception
STU_067,ENT_00668,22,0.65,20,20,0.75,1,1,1,1,40,0.75,stress_underestimation
STU_067,ENT_00669,6,0.83,5,10,0.88,1,1,0,0,18,0.14,accurate_perception
STU_067,ENT_00670,22,0.85,40,80,0,1,1,0,0,44,0.27,focus_mismatch
STU_068,ENT_00671,21,0.49,36,42,0.47,0,1,1,1,54,0.36,context_mismatch
STU_068,ENT_00672,28,0.07,73,51,0.36,1,0,0,0,73,0.35,productivity_overestimation
STU_068,ENT_00673,1,0.99,4,12,0.85,1,1,1,0,18,0.01,accurate_perception
STU_068,ENT_00674,108,0.05,71,22,0.72,1,0,1,1,89,0.13,productivity_overestimation
STU_068,ENT_00675,24,0.83,12,4,0.95,1,1,1,0,20,0.02,accurate_perception
STU_068,ENT_00676,50,0.61,49,69,0.14,1,1,0,0,69,0.2,focus_mismatch
STU_068,ENT_00677,46,0.32,38,58,0.28,1,0,1,1,49,0.27,productivity_overestimation
STU_068,ENT_00678,72,0.22,35,47,0.41,1,0,1,1,54,0.32,productivity_overestimation
STU_068,ENT_00679,72,0.35,71,34,0.57,1,0,0,0,87,0.37,productivity_overestimation
STU_068,ENT_00680,2,0.98,9,17,0.79,1,1,1,0,13,0.03,accurate_perception
STU_069,ENT_00681,30,0.56,54,49,0.39,1,0,1,0,70,0.28,focus_mismatch
STU_069,ENT_00682,33,0.21,31,52,0.35,1,0,1,0,45,0.3,productivity_overestimation
STU_069,ENT_00683,10,0.81,35,64,0.2,1,1,0,0,49,0.37,focus_mismatch
STU_069,ENT_00684,36,0.43,37,26,0.68,0,0,0,0,37,0.21,context_mismatch
STU_069,ENT_00685,3,0.9,9,17,0.79,1,1,1,0,28,0.12,accurate_perception
STU_069,ENT_00686,49,0.58,25,53,0.34,1,0,1,0,25,0.14,focus_mismatch
STU_069,ENT_00687,22,0.59,38,60,0.25,1,0,0,0,52,0.13,focus_mismatch
STU_069,ENT_00688,4,0.95,15,16,0.8,1,1,0,0,29,0.09,accurate_perception
STU_069,ENT_00689,33,0.4,23,37,0.54,0,1,1,1,40,0.23,context_mismatch
STU_069,ENT_00690,25,0.26,44,51,0.36,1,0,1,0,57,0.21,productivity_overestimation
STU_070,ENT_00691,16,0.84,14,13,0.84,1,1,1,0,14,0.14,accurate_perception
STU_070,ENT_00692,11,0.91,14,12,0.85,1,1,1,0,23,0.03,accurate_perception
STU_070,ENT_00693,17,0.78,44,55,0.31,1,0,1,0,46,0.2,focus_mismatch
STU_070,ENT_00694,7,0.85,15,15,0.81,1,1,0,0,21,0.06,accurate_perception
STU_070,ENT_00695,17,0.47,11,42,0.47,0,0,1,0,30,0.17,context_mismatch
STU_070,ENT_00696,25,0.75,34,12,0.85,0,1,1,0,50,0.34,context_mismatch
STU_070,ENT_00697,7,0.84,13,39,0.51,1,0,1,1,16,0.77,stress_underestimation
STU_070,ENT_00698,24,0.31,40,43,0.46,1,0,0,1,56,0.28,productivity_overestimation
STU_070,ENT_00699,22,0.84,14,8,0.9,1,1,1,0,14,0.19,accurate_perception
STU_070,ENT_00700,123,0.08,75,43,0.46,1,0,1,1,82,0.14,productivity_overestimation
STU_071,ENT_00701,103,0.18,87,46,0.43,1,0,0,1,103,0.38,productivity_overestimation
STU_071,ENT_00702,34,0.55,55,78,0.03,1,0,1,0,65,0.13,focus_mismatch
STU_071,ENT_00703,22,0.83,1,6,0.93,1,1,0,0,17,0.2,accurate_perception
STU_071,ENT_00704,71,0.14,30,42,0.47,1,0,1,1,49,0.36,productivity_overestimation
STU_071,ENT_00705,91,0.24,71,59,0.26,1,0,0,1,91,0.28,productivity_overestimation
STU_071,ENT_00706,19,0.65,41,53,0.34,1,1,0,0,57,0.17,focus_mismatch
STU_071,ENT_00707,19,0.8,28,44,0.45,0,1,0,0,37,0.33,context_mismatch
STU_071,ENT_00708,13,0.86,11,18,0.78,1,1,0,0,31,0.02,accurate_perception
STU_071,ENT_00709,14,0.84,37,44,0.45,0,0,0,0,55,0.12,context_mismatch
STU_071,ENT_00710,44,0.64,36,22,0.72,0,1,0,0,49,0.04,context_mismatch
STU_072,ENT_00711,4,0.9,2,16,0.8,1,1,1,0,18,0.07,accurate_perception
STU_072,ENT_00712,78,0.23,57,60,0.25,1,0,1,1,72,0.28,productivity_overestimation
STU_072,ENT_00713,25,0.7,29,74,0.07,1,0,0,0,43,0.34,focus_mismatch
STU_072,ENT_00714,20,0.84,3,15,0.81,1,1,1,0,21,0.02,accurate_perception
STU_072,ENT_00715,11,0.89,15,11,0.86,1,1,1,0,19,0.01,accurate_perception
STU_072,ENT_00716,93,0.11,30,51,0.36,1,0,1,0,32,0.22,productivity_overestimation
STU_072,ENT_00717,56,0.33,60,44,0.45,1,0,1,0,76,0.3,productivity_overestimation
STU_072,ENT_00718,93,0.27,81,25,0.69,1,0,1,1,93,0.15,productivity_overestimation
STU_072,ENT_00719,9,0.74,47,55,0.31,1,0,1,0,56,0.3,focus_mismatch
STU_072,ENT_00720,13,0.71,34,33,0.59,1,0,0,1,49,0.73,stress_underestimation
STU_073,ENT_00721,4,0.88,7,8,0.9,1,1,0,0,25,0.17,accurate_perception
STU_073,ENT_00722,125,0.06,51,21,0.74,1,0,1,1,51,0.07,productivity_overestimation
STU_073,ENT_00723,39,0.44,19,20,0.75,0,0,0,0,21,0.1,context_mismatch
STU_073,ENT_00724,32,0.61,32,15,0.81,1,0,0,1,42,0.68,stress_underestimation
STU_073,ENT_00725,28,0.81,16,13,0.84,0,0,1,1,31,0.23,context_mismatch
STU_073,ENT_00726,43,0.54,23,45,0.44,0,0,0,0,43,0.01,context_mismatch
STU_073,ENT_00727,11,0.92,9,6,0.93,1,1,0,0,23,0.11,accurate_perception
STU_073,ENT_00728,73,0.34,64,35,0.56,1,0,0,1,81,0.38,productivity_overestimation
STU_073,ENT_00729,12,0.6,54,48,0.4,1,1,1,0,62,0.2,focus_mismatch
STU_073,ENT_00730,23,0.71,30,47,0.41,1,0,0,0,42,0.21,focus_mismatch
STU_074,ENT_00731,19,0.86,10,18,0.78,1,1,1,0,20,0.18,accurate_perception
STU_074,ENT_00732,20,0.84,16,25,0.69,1,1,1,1,20,0.65,stress_underestimation
STU_074,ENT_00733,8,0.73,27,28,0.65,1,1,0,1,47,0.74,stress_underestimation
STU_074,ENT_00734,11,0.89,11,14,0.82,1,1,1,0,11,0.08,accurate_perception
STU_074,ENT_00735,17,0.78,46,62,0.22,1,1,1,0,65,0.17,focus_mismatch
STU_074,ENT_00736,21,0.84,18,16,0.8,1,1,0,1,24,0.82,stress_underestimation
STU_074,ENT_00737,17,0.61,27,56,0.3,1,0,1,0,31,0.36,focus_mismatch
STU_074,ENT_00738,25,0.75,44,79,0.01,1,1,1,0,58,0.34,stress_underestimation
STU_074,ENT_00739,43,0.62,23,42,0.47,1,1,0,1,37,0.81,stress_underestimation
STU_074,ENT_00740,17,0.82,24,32,0.6,1,1,0,1,34,0.68,stress_underestimation
STU_075,ENT_00741,33,0.68,54,49,0.39,1,0,0,0,64,0.17,focus_mismatch
STU_075,ENT_00742,24,0.78,35,33,0.59,1,1,0,1,50,0.61,stress_underestimation
STU_075,ENT_00743,28,0.62,49,49,0.39,1,1,1,0,69,0.37,focus_mismatch
STU_075,ENT_00744,5,0.89,4,4,0.95,1,1,0,0,18,0.01,focus_mismatch
STU_075,ENT_00745,86,0.22,84,38,0.53,1,0,0,1,103,0.16,productivity_overestimation
STU_075,ENT_00746,18,0.69,53,72,0.1,1,0,0,0,53,0.22,focus_mismatch
STU_075,ENT_00747,56,0.22,67,24,0.7,1,0,0,0,71,0.36,productivity_overestimation
STU_075,ENT_00748,25,0.6,14,25,0.69,0,0,1,0,32,0.05,context_mismatch
STU_075,ENT_00749,35,0.69,14,19,0.76,1,1,1,1,23,0.77,stress_underestimation
STU_075,ENT_00750,25,0.19,84,55,0.31,1,0,0,0,90,0.17,productivity_overestimation
STU_076,ENT_00751,28,0.75,44,74,0.07,1,1,0,0,62,0.4,focus_mismatch
STU_076,ENT_00752,43,0.6,25,12,0.85,0,0,1,0,32,0.26,context_mismatch
STU_076,ENT_00753,25,0.56,15,35,0.56,0,0,1,0,26,0.0,accurate_perception
STU_076,ENT_00754,9,0.81,11,33,0.59,0,0,0,0,16,0.08,context_mismatch
STU_076,ENT_00755,26,0.59,10,21,0.74,1,0,1,1,10,0.91,stress_underestimation
STU_076,ENT_00756,24,0.49,17,39,0.51,0,1,0,0,33,0.26,context_mismatch
STU_076,ENT_00757,20,0.82,50,53,0.34,1,0,0,0,62,0.17,focus_mismatch
STU_076,ENT_00758,50,0.29,42,57,0.29,1,0,0,1,52,0.32,productivity_overestimation
STU_076,ENT_00759,18,0.84,25,43,0.46,1,0,0,1,40,0.54,stress_underestimation
STU_076,ENT_00760,7,0.94,11,18,0.78,1,1,1,0,25,0.1,accurate_perception
STU_077,ENT_00761,46,0.62,28,27,0.66,0,1,1,1,46,0.37,context_mismatch
STU_077,ENT_00762,28,0.5,19,23,0.71,0,1,0,0,30,0.23,context_mismatch
STU_077,ENT_00763,3,0.93,1,9,0.89,1,1,0,0,20,0.09,accurate_perception
STU_077,ENT_00764,70,0.2,54,37,0.54,1,0,1,0,61,0.07,productivity_overestimation
STU_077,ENT_00765,15,0.62,30,44,0.45,0,0,0,0,33,0.37,context_mismatch
STU_077,ENT_00766,4,0.95,9,10,0.88,1,1,0,0,17,0.15,accurate_perception
STU_077,ENT_00767,39,0.64,50,67,0.16,1,1,1,0,68,0.43,focus_mismatch
STU_077,ENT_00768,27,0.13,60,33,0.59,1,0,0,0,77,0.21,productivity_overestimation
STU_077,ENT_00769,43,0.65,38,57,0.29,1,1,1,0,52,0.17,focus_mismatch
STU_077,ENT_00770,9,0.73,35,41,0.49,0,1,0,0,48,0.09,context_mismatch
STU_078,ENT_00771,40,0.51,11,40,0.5,1,0,1,1,21,0.94,stress_underestimation
STU_078,ENT_00772,57,0.57,12,27,0.66,1,1,1,1,22,0.71,stress_underestimation
STU_078,ENT_00773,40,0.54,15,32,0.6,1,0,1,1,15,0.77,stress_underestimation
STU_078,ENT_00774,14,0.63,27,78,0.03,1,1,1,0,43,0.12,productivity_overestimation
STU_078,ENT_00775,58,0.59,38,79,0.01,1,1,1,0,50,0.36,focus_mismatch
STU_078,ENT_00776,32,0.77,15,40,0.5,0,1,0,1,29,0.08,context_mismatch
STU_078,ENT_00777,10,0.67,41,60,0.25,1,1,1,0,56,0.42,focus_mismatch
STU_078,ENT_00778,2,0.98,11,16,0.8,1,1,0,0,20,0.14,accurate_perception
STU_078,ENT_00779,53,0.61,39,72,0.1,1,1,0,0,44,0.42,focus_mismatch
STU_078,ENT_00780,9,0.79,38,27,0.66,0,1,0,1,44,0.37,context_mismatch
STU_079,ENT_00781,35,0.57,41,51,0.36,1,1,0,0,46,0.24,focus_mismatch
STU_079,ENT_00782,5,0.95,12,16,0.8,1,1,0,0,24,0.07,accurate_perception
STU_079,ENT_00783,1,0.99,14,12,0.85,1,1,1,0,16,0.1,accurate_perception
STU_079,ENT_00784,26,0.77,15,20,0.75,0,0,1,1,24,0.04,context_mismatch
STU_079,ENT_00785,74,0.4,14,27,0.66,0,1,0,0,15,0.07,context_mismatch
STU_079,ENT_00786,23,0.77,22,16,0.8,0,1,0,0,22,0.02,stress_underestimation
STU_079,ENT_00787,63,0.51,10,15,0.81,0,1,0,0,20,0.4,context_mismatch
STU_079,ENT_00788,55,0.53,36,41,0.49,1,0,0,1,49,0.58,stress_underestimation
STU_079,ENT_00789,24,0.82,40,35,0.56,0,1,0,0,43,0.09,context_mismatch
STU_079,ENT_00790,7,0.87,2,9,0.89,1,1,1,0,10,0.13,accurate_perception
STU_080,ENT_00791,3,0.96,3,17,0.79,1,1,0,0,21,0.14,accurate_perception
STU_080,ENT_00792,28,0.33,51,28,0.65,1,0,1,0,61,0.25,productivity_overestimation
STU_080,ENT_00793,78,0.32,54,48,0.4,1,0,1,0,54,0.2,productivity_overestimation
STU_080,ENT_00794,26,0.76,17,39,0.51,1,0,0,1,32,0.56,stress_underestimation
STU_080,ENT_00795,13,0.73,33,38,0.53,0,1,0,0,53,0.11,context_mismatch
STU_080,ENT_00796,30,0.14,44,21,0.74,1,0,1,1,50,0.14,productivity_overestimation
STU_080,ENT_00797,35,0.76,44,59,0.26,1,1,0,0,49,0.28,focus_mismatch
STU_080,ENT_00798,4,0.87,6,6,0.93,1,1,1,0,11,0.03,accurate_perception
STU_080,ENT_00799,64,0.53,24,38,0.53,1,1,0,1,31,0.82,stress_underestimation
STU_080,ENT_00800,18,0.83,18,22,0.72,0,1,1,0,29,0.38,context_mismatch
STU_081,ENT_00801,37,0.27,82,29,0.64,1,0,1,1,94,0.01,productivity_overestimation
STU_081,ENT_00802,18,0.55,15,38,0.53,1,1,1,1,29,0.71,stress_underestimation
STU_081,ENT_00803,25,0.75,14,21,0.74,1,0,0,1,30,0.51,stress_underestimation
STU_081,ENT_00804,51,0.34,54,43,0.46,1,0,1,1,72,0.12,accurate_perception
STU_081,ENT_00805,15,0.9,11,10,0.88,1,1,0,0,26,0.1,accurate_perception
STU_081,ENT_00806,19,0.75,25,22,0.72,1,0,1,1,25,0.78,stress_underestimation
STU_081,ENT_00807,17,0.85,5,9,0.89,1,1,1,0,7,0.0,accurate_perception
STU_081,ENT_00808,76,0.48,15,37,0.54,0,1,0,0,31,0.28,context_mismatch
STU_081,ENT_00809,26,0.77,28,50,0.38,1,1,1,0,36,0.38,focus_mismatch
STU_081,ENT_00810,66,0.56,10,30,0.62,1,0,1,1,23,0.85,stress_underestimation
STU_082,ENT_00811,49,0.57,16,18,0.78,0,1,1,0,19,0.2,context_mismatch
STU_082,ENT_00812,69,0.49,18,22,0.72,0,1,0,0,37,0.25,context_mismatch
STU_082,ENT_00813,17,0.85,10,4,0.95,1,1,1,0,17,0.01,accurate_perception
STU_082,ENT_00814,27,0.77,31,15,0.81,1,0,0,1,31,0.59,stress_underestimation
STU_082,ENT_00815,30,0.69,44,66,0.18,1,1,1,0,54,0.22,focus_mismatch
STU_082,ENT_00816,58,0.57,21,13,0.84,0,1,1,0,33,0.0,context_mismatch
STU_082,ENT_00817,27,0.81,55,62,0.22,1,0,0,0,74,0.23,focus_mismatch
STU_082,ENT_00818,134,0.05,90,60,0.25,1,0,1,1,101,0.01,productivity_overestimation
STU_082,ENT_00819,44,0.67,29,38,0.53,1,0,1,1,44,0.69,stress_underestimation
STU_082,ENT_00820,55,0.6,32,21,0.74,1,0,0,1,48,0.89,stress_underestimation
STU_083,ENT_00821,13,0.9,15,5,0.94,1,1,1,0,22,0.13,accurate_perception
STU_083,ENT_00822,8,0.84,15,15,0.81,1,1,0,1,22,0.84,stress_underestimation
STU_083,ENT_00823,77,0.33,76,60,0.25,1,0,0,1,86,0.04,productivity_overestimation
STU_083,ENT_00824,125,0.16,71,44,0.45,1,0,0,1,78,0.32,productivity_overestimation
STU_083,ENT_00825,5,0.93,3,8,0.9,1,1,0,0,7,0.11,accurate_perception
STU_083,ENT_00826,60,0.23,84,32,0.6,1,0,0,1,94,0.39,productivity_overestimation
STU_083,ENT_00827,38,0.71,13,22,0.72,1,1,0,1,27,0.74,stress_underestimation
STU_083,ENT_00828,42,0.69,29,63,0.21,1,0,0,0,38,0.31,focus_mismatch
STU_083,ENT_00829,17,0.86,12,11,0.86,1,1,1,0,22,0.01,accurate_perception
STU_083,ENT_00830,70,0.42,37,21,0.74,0,1,0,1,42,0.16,context_mismatch
STU_084,ENT_00831,15,0.85,22,35,0.56,0,0,1,1,31,0.29,context_mismatch
STU_084,ENT_00832,21,0.61,28,40,0.5,1,0,1,1,48,0.64,stress_underestimation
STU_084,ENT_00833,43,0.09,81,33,0.59,1,0,1,0,81,0.29,productivity_overestimation
STU_084,ENT_00834,91,0.35,89,30,0.62,1,0,0,0,104,0.04,productivity_overestimation
STU_084,ENT_00835,0,1.0,7,14,0.82,1,1,1,0,14,0.01,accurate_perception
STU_084,ENT_00836,25,0.63,35,37,0.54,1,0,0,1,55,0.89,stress_underestimation
STU_084,ENT_00837,51,0.54,25,18,0.78,1,0,1,1,43,0.76,stress_underestimation
STU_084,ENT_00838,18,0.85,23,37,0.54,1,1,0,1,33,0.56,focus_mismatch
STU_084,ENT_00839,37,0.3,61,53,0.34,1,0,0,0,79,0.21,productivity_overestimation
STU_084,ENT_00840,57,0.57,38,36,0.55,1,0,0,1,43,0.89,stress_underestimation
STU_085,ENT_00841,67,0.49,12,20,0.75,0,1,0,0,15,0.03,context_mismatch
STU_085,ENT_00842,13,0.83,32,45,0.44,1,1,0,0,48,0.12,focus_mismatch
STU_085,ENT_00843,22,0.67,26,25,0.69,1,1,1,1,32,0.74,stress_underestimation
STU_085,ENT_00844,46,0.6,55,58,0.28,1,0,0,0,61,0.31,focus_mismatch
STU_085,ENT_00845,9,0.86,5,14,0.82,1,1,1,0,7,0.08,accurate_perception
STU_085,ENT_00846,108,0.07,70,37,0.54,1,0,0,0,88,0.29,productivity_overestimation
STU_085,ENT_00847,122,0.1,54,47,0.41,1,0,0,0,61,0.39,accurate_perception
STU_085,ENT_00848,6,0.94,10,13,0.84,1,1,1,0,14,0.16,accurate_perception
STU_085,ENT_00849,10,0.83,40,34,0.57,0,0,0,0,49,0.07,context_mismatch
STU_085,ENT_00850,92,0.31,47,55,0.31,1,0,1,0,52,0.36,productivity_overestimation
STU_086,ENT_00851,37,0.71,27,44,0.45,0,1,1,0,35,0.24,focus_mismatch
STU_086,ENT_00852,9,0.93,1,10,0.88,1,1,0,0,21,0.18,accurate_perception
STU_086,ENT_00853,52,0.57,35,26,0.68,1,1,1,1,48,0.63,stress_underestimation
STU_086,ENT_00854,23,0.81,38,64,0.2,1,1,0,0,58,0.4,context_mismatch
STU_086,ENT_00855,19,0.87,0,17,0.79,1,1,0,0,13,0.19,accurate_perception
STU_086,ENT_00856,39,0.74,38,36,0.55,1,0,1,1,44,0.51,stress_underestimation
STU_086,ENT_00857,6,0.95,1,9,0.89,1,1,1,0,6,0.12,accurate_perception
STU_086,ENT_00858,53,0.63,26,19,0.76,1,1,0,1,38,0.69,stress_underestimation
STU_086,ENT_00859,10,0.77,19,17,0.79,0,1,0,0,25,0.12,focus_mismatch
STU_086,ENT_00860,13,0.84,36,42,0.47,0,0,1,0,51,0.36,accurate_perception
STU_087,ENT_00861,102,0.06,55,31,0.61,1,0,1,1,68,0.0,productivity_overestimation
STU_087,ENT_00862,27,0.33,39,20,0.75,1,0,0,1,51,0.09,productivity_overestimation
STU_087,ENT_00863,66,0.13,72,48,0.4,1,0,0,1,83,0.06,productivity_overestimation
STU_087,ENT_00864,14,0.53,22,18,0.78,0,1,0,1,23,0.13,context_mismatch
STU_087,ENT_00865,17,0.69,50,76,0.05,1,0,1,0,62,0.21,focus_mismatch
STU_087,ENT_00866,24,0.84,10,40,0.5,1,0,1,1,10,0.65,stress_underestimation
STU_087,ENT_00867,4,0.93,13,2,0.97,1,1,1,0,22,0.1,accurate_perception
STU_087,ENT_00868,114,0.1,79,37,0.54,1,0,0,0,86,0.35,productivity_overestimation
STU_087,ENT_00869,8,0.9,6,7,0.91,1,1,0,0,24,0.2,accurate_perception
STU_087,ENT_00870,23,0.53,39,22,0.72,0,0,0,0,45,0.01,context_mismatch
STU_088,ENT_00871,6,0.83,20,24,0.7,0,1,1,0,33,0.02,context_mismatch
STU_088,ENT_00872,8,0.88,7,15,0.81,1,1,1,0,8,0.06,accurate_perception
STU_088,ENT_00873,3,0.9,13,5,0.94,1,1,1,0,28,0.04,accurate_perception
STU_088,ENT_00874,3,0.96,10,6,0.93,1,1,0,0,21,0.07,accurate_perception
STU_088,ENT_00875,91,0.13,54,57,0.29,1,0,1,0,58,0.35,productivity_overestimation
STU_088,ENT_00876,11,0.9,2,5,0.94,1,1,0,0,21,0.19,accurate_perception
STU_088,ENT_00877,110,0.1,42,28,0.65,1,0,0,1,50,0.22,productivity_overestimation
STU_088,ENT_00878,40,0.69,54,52,0.35,1,1,1,0,67,0.12,focus_mismatch
STU_088,ENT_00879,24,0.74,19,19,0.76,1,0,0,1,25,0.53,stress_underestimation
STU_088,ENT_00880,58,0.28,65,44,0.45,1,0,0,1,73,0.16,productivity_overestimation
STU_089,ENT_00881,5,0.83,14,18,0.78,1,1,0,0,30,0.1,accurate_perception
STU_089,ENT_00882,73,0.47,27,12,0.85,0,0,1,0,31,0.02,context_mismatch
STU_089,ENT_00883,28,0.57,51,60,0.25,1,0,1,0,51,0.29,focus_mismatch
STU_089,ENT_00884,19,0.83,27,43,0.46,1,1,1,1,46,0.56,stress_underestimation
STU_089,ENT_00885,16,0.57,18,45,0.44,1,0,0,1,35,0.94,stress_underestimation
STU_089,ENT_00886,37,0.74,30,45,0.44,1,1,0,1,47,0.79,stress_underestimation
STU_089,ENT_00887,27,0.69,14,35,0.56,0,1,1,0,27,0.29,context_mismatch
STU_089,ENT_00888,130,0.1,42,31,0.61,1,0,1,1,47,0.38,productivity_overestimation
STU_089,ENT_00889,9,0.72,12,22,0.72,0,0,0,0,26,0.17,context_mismatch
STU_089,ENT_00890,3,0.96,12,5,0.94,1,1,0,0,15,0.08,accurate_perception
STU_090,ENT_00891,28,0.78,29,62,0.22,1,0,0,0,29,0.38,focus_mismatch
STU_090,ENT_00892,40,0.07,60,28,0.65,1,0,1,1,69,0.33,productivity_overestimation
STU_090,ENT_00893,27,0.45,13,12,0.85,0,1,1,0,26,0.2,context_mismatch
STU_090,ENT_00894,78,0.47,17,28,0.65,0,1,0,1,20,0.35,context_mismatch
STU_090,ENT_00895,14,0.68,21,17,0.79,0,0,1,0,26,0.24,context_mismatch
STU_090,ENT_00896,54,0.25,69,39,0.51,1,0,1,1,72,0.14,productivity_overestimation
STU_090,ENT_00897,23,0.75,35,17,0.79,1,0,1,1,39,0.85,stress_underestimation
STU_090,ENT_00898,72,0.09,76,47,0.41,1,0,1,1,86,0.06,productivity_overestimation
STU_090,ENT_00899,19,0.64,23,37,0.54,1,1,1,1,43,0.86,stress_underestimation
STU_090,ENT_00900,63,0.2,82,54,0.32,1,0,1,0,100,0.15,productivity_overestimation
STU_091,ENT_00901,85,0.12,43,20,0.75,1,0,0,0,58,0.14,productivity_overestimation
STU_091,ENT_00902,4,0.97,9,6,0.93,1,1,1,0,26,0.09,accurate_perception
STU_091,ENT_00903,136,0.07,37,28,0.65,1,0,0,0,37,0.15,productivity_overestimation
STU_091,ENT_00904,48,0.43,10,20,0.75,0,0,0,0,17,0.06,focus_mismatch
STU_091,ENT_00905,42,0.69,48,53,0.34,1,1,0,0,58,0.26,focus_mismatch
STU_091,ENT_00906,54,0.52,11,35,0.56,1,0,1,1,23,0.57,stress_underestimation
STU_091,ENT_00907,24,0.79,34,77,0.04,1,0,1,0,39,0.25,focus_mismatch
STU_091,ENT_00908,34,0.17,44,23,0.71,1,0,0,1,61,0.07,productivity_overestimation
STU_091,ENT_00909,10,0.74,51,70,0.12,1,1,1,0,62,0.16,focus_mismatch
STU_091,ENT_00910,18,0.67,10,31,0.61,0,0,0,0,13,0.07,focus_mismatch
STU_092,ENT_00911,13,0.58,11,44,0.45,1,0,1,1,29,0.54,stress_underestimation
STU_092,ENT_00912,36,0.65,25,64,0.2,1,1,1,0,37,0.36,focus_mismatch
STU_092,ENT_00913,18,0.74,20,18,0.78,1,1,1,1,36,0.73,stress_underestimation
STU_092,ENT_00914,1,0.98,9,3,0.96,1,1,1,0,23,0.03,accurate_perception
STU_092,ENT_00915,37,0.69,40,20,0.75,0,1,0,0,50,0.31,context_mismatch
STU_092,ENT_00916,26,0.76,32,69,0.14,1,0,1,0,51,0.45,context_mismatch
STU_092,ENT_00917,50,0.51,37,39,0.51,1,1,1,1,39,0.89,stress_underestimation
STU_092,ENT_00918,42,0.52,21,33,0.59,0,0,1,0,35,0.07,context_mismatch
STU_092,ENT_00919,37,0.59,43,52,0.35,1,1,1,0,52,0.11,focus_mismatch
STU_092,ENT_00920,45,0.68,40,34,0.57,1,1,0,1,53,0.54,stress_underestimation
STU_093,ENT_00921,16,0.75,47,60,0.25,1,0,0,0,50,0.15,focus_mismatch
STU_093,ENT_00922,34,0.32,52,25,0.69,1,0,0,1,69,0.19,productivity_overestimation
STU_093,ENT_00923,1,0.99,13,14,0.82,1,1,0,0,23,0.04,productivity_overestimation
STU_093,ENT_00924,87,0.19,39,54,0.32,1,0,1,1,45,0.06,productivity_overestimation
STU_093,ENT_00925,7,0.79,40,72,0.1,1,0,1,0,40,0.12,focus_mismatch
STU_093,ENT_00926,108,0.08,47,24,0.7,1,0,1,1,61,0.03,productivity_overestimation
STU_093,ENT_00927,56,0.42,20,37,0.54,0,1,1,0,33,0.08,context_mismatch
STU_093,ENT_00928,34,0.65,32,44,0.45,1,1,0,1,51,0.75,stress_underestimation
STU_093,ENT_00929,19,0.84,33,45,0.44,1,1,0,1,47,0.57,stress_underestimation
STU_093,ENT_00930,23,0.75,41,61,0.24,1,0,0,0,45,0.45,focus_mismatch
STU_094,ENT_00931,25,0.77,38,57,0.29,1,0,0,0,44,0.31,focus_mismatch
STU_094,ENT_00932,18,0.67,53,64,0.2,1,1,0,0,56,0.28,focus_mismatch
STU_094,ENT_00933,39,0.65,38,79,0.01,1,1,1,0,43,0.14,focus_mismatch
STU_094,ENT_00934,9,0.88,9,15,0.81,1,1,0,0,12,0.14,accurate_perception
STU_094,ENT_00935,35,0.74,28,71,0.11,1,1,0,0,47,0.36,focus_mismatch
STU_094,ENT_00936,8,0.81,17,21,0.74,1,1,0,1,23,0.67,stress_underestimation
STU_094,ENT_00937,10,0.78,10,35,0.56,0,1,1,0,18,0.2,context_mismatch
STU_094,ENT_00938,38,0.4,11,36,0.55,0,0,1,0,22,0.06,context_mismatch
STU_094,ENT_00939,16,0.83,32,72,0.1,1,1,1,0,52,0.17,focus_mismatch
STU_094,ENT_00940,9,0.75,37,56,0.3,1,1,1,0,50,0.28,focus_mismatch
STU_095,ENT_00941,26,0.78,51,61,0.24,1,0,0,0,57,0.43,focus_mismatch
STU_095,ENT_00942,24,0.27,66,25,0.69,1,0,0,1,70,0.01,productivity_overestimation
STU_095,ENT_00943,30,0.73,19,22,0.72,1,0,1,1,31,0.88,stress_underestimation
STU_095,ENT_00944,8,0.93,3,5,0.94,1,1,0,0,22,0.09,accurate_perception
STU_095,ENT_00945,18,0.62,39,33,0.59,0,0,0,0,39,0.04,context_mismatch
STU_095,ENT_00946,30,0.67,45,65,0.19,1,1,0,0,50,0.38,focus_mismatch
STU_095,ENT_00947,17,0.88,15,13,0.84,1,1,0,0,34,0.2,accurate_perception
STU_095,ENT_00948,45,0.1,64,21,0.74,1,0,1,0,68,0.21,productivity_overestimation
STU_095,ENT_00949,12,0.84,4,4,0.95,1,1,0,0,19,0.05,accurate_perception
STU_095,ENT_00950,10,0.76,26,37,0.54,0,1,1,0,32,0.1,context_mismatch
STU_096,ENT_00951,32,0.78,19,33,0.59,1,0,1,1,34,0.93,stress_underestimation
STU_096,ENT_00952,66,0.24,54,58,0.28,1,0,1,1,65,0.08,productivity_overestimation
STU_096,ENT_00953,48,0.56,33,77,0.04,1,1,1,0,53,0.2,focus_mismatch
STU_096,ENT_00954,23,0.76,35,37,0.54,0,0,0,0,41,0.1,context_mismatch
STU_096,ENT_00955,9,0.88,10,2,0.97,1,1,1,0,28,0.04,accurate_perception
STU_096,ENT_00956,48,0.67,16,43,0.46,0,0,0,1,35,0.11,context_mismatch
STU_096,ENT_00957,34,0.74,35,72,0.1,1,1,0,0,36,0.17,focus_mismatch
STU_096,ENT_00958,15,0.84,10,7,0.91,1,1,1,0,17,0.12,accurate_perception
STU_096,ENT_00959,9,0.86,1,14,0.82,1,1,0,0,17,0.18,accurate_perception
STU_096,ENT_00960,33,0.13,55,42,0.47,1,0,1,0,65,0.22,productivity_overestimation
STU_097,ENT_00961,11,0.69,36,17,0.79,0,1,1,1,43,0.04,accurate_perception
STU_097,ENT_00962,2,0.96,5,9,0.89,1,1,1,0,16,0.02,accurate_perception
STU_097,ENT_00963,21,0.79,26,52,0.35,1,1,0,0,36,0.13,focus_mismatch
STU_097,ENT_00964,23,0.82,28,74,0.07,1,0,1,0,32,0.21,focus_mismatch
STU_097,ENT_00965,36,0.75,41,78,0.03,1,0,1,0,56,0.3,focus_mismatch
STU_097,ENT_00966,29,0.59,32,24,0.7,1,0,1,1,39,0.75,stress_underestimation
STU_097,ENT_00967,37,0.7,25,58,0.28,1,0,0,0,37,0.26,focus_mismatch
STU_097,ENT_00968,20,0.53,30,39,0.51,0,0,1,1,34,0.04,context_mismatch
STU_097,ENT_00969,28,0.63,16,35,0.56,0,0,1,0,25,0.17,context_mismatch
STU_097,ENT_00970,48,0.53,17,18,0.78,1,0,0,1,17,0.58,stress_underestimation
STU_098,ENT_00971,76,0.22,57,42,0.47,1,0,1,0,73,0.06,productivity_overestimation
STU_098,ENT_00972,12,0.83,13,14,0.82,1,1,1,0,19,0.04,accurate_perception
STU_098,ENT_00973,58,0.45,30,13,0.84,0,0,1,0,31,0.09,context_mismatch
STU_098,ENT_00974,49,0.52,22,35,0.56,0,1,0,0,30,0.09,context_mismatch
STU_098,ENT_00975,13,0.75,33,24,0.7,1,0,1,1,52,0.58,stress_underestimation
STU_098,ENT_00976,17,0.75,30,55,0.31,1,1,0,0,34,0.41,focus_mismatch
STU_098,ENT_00977,76,0.34,40,24,0.7,1,0,1,0,55,0.24,productivity_overestimation
STU_098,ENT_00978,19,0.79,51,63,0.21,1,0,1,0,56,0.28,focus_mismatch
STU_098,ENT_00979,15,0.88,11,17,0.79,1,1,1,0,19,0.2,accurate_perception
STU_098,ENT_00980,29,0.53,38,31,0.61,0,1,0,0,54,0.11,context_mismatch
STU_099,ENT_00981,2,0.94,11,6,0.93,1,1,1,0,18,0.1,accurate_perception
STU_099,ENT_00982,50,0.58,45,69,0.14,1,0,1,0,65,0.44,focus_mismatch
STU_099,ENT_00983,36,0.75,37,66,0.18,1,1,0,0,45,0.43,focus_mismatch
STU_099,ENT_00984,32,0.09,66,49,0.39,1,0,1,1,66,0.12,productivity_overestimation
STU_099,ENT_00985,15,0.87,9,7,0.91,1,1,0,0,11,0.1,accurate_perception
STU_099,ENT_00986,24,0.23,61,23,0.71,1,0,0,1,72,0.0,productivity_overestimation
STU_099,ENT_00987,4,0.87,4,18,0.78,1,1,0,0,12,0.19,accurate_perception
STU_099,ENT_00988,21,0.83,7,13,0.84,1,1,0,0,27,0.16,accurate_perception
STU_099,ENT_00989,14,0.83,30,64,0.2,1,1,0,0,40,0.34,focus_mismatch
STU_099,ENT_00990,17,0.64,19,21,0.74,1,1,0,1,39,0.63,stress_underestimation
STU_100,ENT_00991,19,0.64,26,30,0.62,0,1,1,0,40,0.14,context_mismatch
STU_100,ENT_00992,68,0.17,69,28,0.65,1,0,0,1,87,0.31,productivity_overestimation
STU_100,ENT_00993,9,0.8,22,19,0.76,1,0,1,1,38,0.86,stress_underestimation
STU_100,ENT_00994,2,0.94,3,12,0.85,1,1,1,0,21,0.16,accurate_perception
STU_100,ENT_00995,18,0.75,47,48,0.4,1,0,0,0,64,0.28,focus_mismatch
STU_100,ENT_00996,12,0.87,15,2,0.97,1,1,0,0,21,0.12,accurate_perception
STU_100,ENT_00997,4,0.87,15,5,0.94,1,1,0,0,31,0.0,accurate_perception
STU_100,ENT_00998,6,0.84,51,60,0.25,1,1,1,0,65,0.39,focus_mismatch
STU_100,ENT_00999,16,0.85,5,9,0.89,1,1,0,0,22,0.1,accurate_perception
STU_100,ENT_01000,34,0.63,22,27,0.66,0,1,0,1,36,0.32,context_mismatch
STU_101,ENT_01001,7,0.92,9,2,0.97,1,1,1,0,29,0.01,accurate_perception
STU_101,ENT_01002,88,0.19,47,49,0.39,1,0,1,0,58,0.39,productivity_overestimation
STU_101,ENT_01003,111,0.21,34,52,0.35,1,0,1,0,45,0.26,productivity_overestimation
STU_101,ENT_01004,26,0.75,39,29,0.64,0,1,0,0,59,0.37,context_mismatch
STU_101,ENT_01005,16,0.82,31,39,0.51,1,1,0,1,49,0.81,stress_underestimation
STU_101,ENT_01006,70,0.05,44,30,0.62,1,0,1,0,59,0.27,productivity_overestimation
STU_101,ENT_01007,21,0.77,13,25,0.69,0,0,0,1,26,0.36,context_mismatch
STU_101,ENT_01008,9,0.76,34,29,0.64,1,1,0,1,34,0.78,stress_underestimation
STU_101,ENT_01009,0,1.0,6,8,0.9,1,1,1,0,20,0.05,accurate_perception
STU_101,ENT_01010,21,0.64,12,22,0.72,0,0,0,1,15,0.38,context_mismatch
STU_102,ENT_01011,14,0.89,10,4,0.95,1,1,0,0,30,0.04,accurate_perception
STU_102,ENT_01012,19,0.65,52,80,0,1,0,1,0,66,0.38,focus_mismatch
STU_102,ENT_01013,23,0.71,28,51,0.36,1,1,0,0,47,0.18,focus_mismatch
STU_102,ENT_01014,16,0.5,12,32,0.6,0,0,1,0,30,0.03,context_mismatch
STU_102,ENT_01015,42,0.56,43,52,0.35,1,1,1,0,51,0.43,focus_mismatch
STU_102,ENT_01016,7,0.79,14,13,0.84,0,0,1,1,24,0.33,context_mismatch
STU_102,ENT_01017,49,0.57,36,47,0.41,1,0,0,0,55,0.43,focus_mismatch
STU_102,ENT_01018,19,0.87,3,3,0.96,1,1,1,0,19,0.01,accurate_perception
STU_102,ENT_01019,51,0.31,31,34,0.57,1,0,1,0,37,0.01,productivity_overestimation
STU_102,ENT_01020,81,0.42,32,34,0.57,0,0,0,0,49,0.28,context_mismatch
STU_103,ENT_01021,10,0.88,7,3,0.96,1,1,1,0,25,0.05,stress_underestimation
STU_103,ENT_01022,62,0.5,17,38,0.53,1,0,0,1,31,0.53,stress_underestimation
STU_103,ENT_01023,19,0.46,25,35,0.56,0,0,0,1,33,0.03,context_mismatch
STU_103,ENT_01024,39,0.3,75,48,0.4,1,0,1,1,92,0.38,productivity_overestimation
STU_103,ENT_01025,40,0.65,11,16,0.8,0,1,1,0,30,0.28,context_mismatch
STU_103,ENT_01026,15,0.62,33,29,0.64,0,0,0,0,37,0.15,context_mismatch
STU_103,ENT_01027,112,0.06,47,22,0.72,1,0,1,1,56,0.24,productivity_overestimation
STU_103,ENT_01028,1,0.97,14,14,0.82,1,1,1,0,20,0.01,accurate_perception
STU_103,ENT_01029,107,0.06,89,42,0.47,1,0,0,0,99,0.36,productivity_overestimation
STU_103,ENT_01030,65,0.55,37,37,0.54,0,1,0,1,38,0.37,context_mismatch
STU_104,ENT_01031,18,0.82,23,39,0.51,0,1,1,0,37,0.38,context_mismatch
STU_104,ENT_01032,43,0.71,12,27,0.66,0,0,0,1,30,0.12,context_mismatch
STU_104,ENT_01033,27,0.75,13,10,0.88,0,1,1,1,21,0.26,context_mismatch
STU_104,ENT_01034,81,0.06,60,42,0.47,1,0,1,0,78,0.16,productivity_overestimation
STU_104,ENT_01035,21,0.68,49,61,0.24,1,1,1,0,64,0.19,focus_mismatch
STU_104,ENT_01036,7,0.94,14,7,0.91,1,1,0,0,15,0.12,accurate_perception
STU_104,ENT_01037,10,0.83,1,13,0.84,1,1,1,0,12,0.12,accurate_perception
STU_104,ENT_01038,80,0.15,83,43,0.46,1,0,0,1,96,0.03,productivity_overestimation
STU_104,ENT_01039,5,0.9,15,13,0.84,1,1,1,0,24,0.19,accurate_perception
STU_104,ENT_01040,9,0.82,13,11,0.86,0,0,1,0,29,0.2,context_mismatch
STU_105,ENT_01041,41,0.66,22,19,0.76,0,0,0,0,29,0.38,context_mismatch
STU_105,ENT_01042,47,0.54,26,43,0.46,1,0,1,1,42,0.71,stress_underestimation
STU_105,ENT_01043,32,0.54,17,33,0.59,0,1,1,0,20,0.3,context_mismatch
STU_105,ENT_01044,32,0.63,12,31,0.61,1,1,1,1,19,0.72,stress_underestimation
STU_105,ENT_01045,41,0.51,31,36,0.55,0,0,0,1,40,0.1,context_mismatch
STU_105,ENT_01046,7,0.84,6,17,0.79,1,1,1,0,20,0.18,accurate_perception
STU_105,ENT_01047,45,0.46,36,12,0.85,0,1,1,0,38,0.28,context_mismatch
STU_105,ENT_01048,118,0.16,74,45,0.44,1,0,1,0,77,0.28,productivity_overestimation
STU_105,ENT_01049,59,0.56,55,67,0.16,1,1,0,0,75,0.42,focus_mismatch
STU_105,ENT_01050,99,0.27,88,57,0.29,1,0,1,0,88,0.06,productivity_overestimation
STU_106,ENT_01051,27,0.65,33,31,0.61,1,1,1,1,48,0.6,stress_underestimation
STU_106,ENT_01052,85,0.17,39,31,0.61,1,0,1,0,45,0.33,productivity_overestimation
STU_106,ENT_01053,56,0.14,48,27,0.66,1,0,1,1,55,0.19,productivity_overestimation
STU_106,ENT_01054,15,0.77,46,59,0.26,1,1,1,0,52,0.15,focus_mismatch
STU_106,ENT_01055,46,0.52,27,43,0.46,1,0,0,1,27,0.72,stress_underestimation
STU_106,ENT_01056,19,0.71,34,74,0.07,1,0,1,0,37,0.35,focus_mismatch
STU_106,ENT_01057,55,0.35,52,27,0.66,1,0,0,0,59,0.3,productivity_overestimation
STU_106,ENT_01058,5,0.93,2,18,0.78,1,1,1,0,12,0.14,accurate_perception
STU_106,ENT_01059,27,0.21,32,60,0.25,1,0,1,0,50,0.1,productivity_overestimation
STU_106,ENT_01060,80,0.47,33,21,0.74,0,1,0,0,53,0.05,context_mismatch
STU_107,ENT_01061,41,0.57,44,80,0,1,0,0,0,45,0.35,focus_mismatch
STU_107,ENT_01062,21,0.67,40,36,0.55,1,0,0,1,49,0.88,stress_underestimation
STU_107,ENT_01063,29,0.68,13,24,0.7,1,0,1,1,22,0.93,stress_underestimation
STU_107,ENT_01064,34,0.61,31,30,0.62,0,0,1,0,35,0.28,context_mismatch
STU_107,ENT_01065,22,0.76,34,46,0.43,1,1,1,0,47,0.28,productivity_overestimation
STU_107,ENT_01066,22,0.65,18,27,0.66,1,0,1,1,25,0.72,stress_underestimation
STU_107,ENT_01067,10,0.93,6,7,0.91,1,1,1,0,9,0.16,accurate_perception
STU_107,ENT_01068,53,0.51,10,38,0.53,1,1,0,1,20,0.85,stress_underestimation
STU_107,ENT_01069,41,0.68,27,26,0.68,1,0,0,1,39,0.88,stress_underestimation
STU_107,ENT_01070,27,0.54,27,23,0.71,0,0,0,0,27,0.01,context_mismatch
STU_108,ENT_01071,17,0.82,9,11,0.86,1,1,1,0,29,0.0,accurate_perception
STU_108,ENT_01072,7,0.89,4,14,0.82,1,1,0,0,12,0.16,accurate_perception
STU_108,ENT_01073,2,0.95,3,6,0.93,1,1,1,0,15,0.15,accurate_perception
STU_108,ENT_01074,24,0.78,33,64,0.2,1,1,1,0,41,0.17,focus_mismatch
STU_108,ENT_01075,91,0.12,65,46,0.43,1,0,1,1,82,0.19,productivity_overestimation
STU_108,ENT_01076,1,0.99,14,5,0.94,1,1,1,0,14,0.04,accurate_perception
STU_108,ENT_01077,45,0.24,39,41,0.49,1,0,1,0,44,0.04,productivity_overestimation
STU_108,ENT_01078,124,0.17,63,50,0.38,1,0,0,0,78,0.02,productivity_overestimation
STU_108,ENT_01079,18,0.74,23,34,0.57,1,0,0,1,40,0.81,stress_underestimation
STU_108,ENT_01080,73,0.26,65,52,0.35,1,0,0,0,78,0.37,productivity_overestimation
STU_109,ENT_01081,4,0.95,6,7,0.91,1,1,0,0,9,0.09,stress_underestimation
STU_109,ENT_01082,2,0.98,12,15,0.81,1,1,1,0,15,0.0,accurate_perception
STU_109,ENT_01083,19,0.72,28,26,0.68,1,0,1,1,34,0.63,stress_underestimation
STU_109,ENT_01084,61,0.5,39,31,0.61,0,0,1,0,54,0.21,stress_underestimation
STU_109,ENT_01085,9,0.83,6,8,0.9,1,1,0,0,23,0.14,accurate_perception
STU_109,ENT_01086,7,0.83,11,9,0.89,1,1,1,0,17,0.13,accurate_perception
STU_109,ENT_01087,48,0.64,54,70,0.12,1,1,1,0,74,0.3,focus_mismatch
STU_109,ENT_01088,34,0.13,66,36,0.55,1,0,0,0,82,0.05,productivity_overestimation
STU_109,ENT_01089,34,0.73,16,40,0.5,0,0,1,0,22,0.31,context_mismatch
STU_109,ENT_01090,26,0.8,12,25,0.69,1,0,0,1,26,0.73,stress_underestimation
STU_110,ENT_01091,38,0.58,32,34,0.57,0,1,0,0,48,0.12,context_mismatch
STU_110,ENT_01092,7,0.82,47,62,0.22,1,0,0,0,64,0.39,focus_mismatch
STU_110,ENT_01093,41,0.65,15,26,0.68,1,0,0,1,26,0.88,stress_underestimation
STU_110,ENT_01094,25,0.56,10,38,0.53,1,0,0,1,16,0.66,productivity_overestimation
STU_110,ENT_01095,6,0.92,8,2,0.97,1,1,1,0,16,0.01,accurate_perception
STU_110,ENT_01096,14,0.82,15,2,0.97,1,1,1,0,35,0.2,accurate_perception
STU_110,ENT_01097,49,0.06,75,29,0.64,1,0,0,0,79,0.35,productivity_overestimation
STU_110,ENT_01098,32,0.76,28,65,0.19,1,1,0,0,34,0.44,focus_mismatch
STU_110,ENT_01099,19,0.85,0,13,0.84,1,1,1,0,12,0.19,accurate_perception
STU_110,ENT_01100,27,0.77,33,19,0.76,1,1,0,1,34,0.58,stress_underestimation
STU_111,ENT_01101,13,0.76,40,41,0.49,1,0,1,1,51,0.62,stress_underestimation
STU_111,ENT_01102,72,0.19,88,27,0.66,1,0,0,0,90,0.07,productivity_overestimation
STU_111,ENT_01103,24,0.77,30,21,0.74,1,1,0,1,37,0.54,stress_underestimation
STU_111,ENT_01104,28,0.76,11,24,0.7,1,1,0,1,19,0.63,stress_underestimation
STU_111,ENT_01105,62,0.11,46,38,0.53,1,0,0,1,61,0.11,productivity_overestimation
STU_111,ENT_01106,22,0.71,11,20,0.75,0,1,1,0,17,0.22,context_mismatch
STU_111,ENT_01107,24,0.72,27,42,0.47,0,1,1,0,33,0.21,context_mismatch
STU_111,ENT_01108,28,0.69,14,40,0.5,0,1,0,1,32,0.13,context_mismatch
STU_111,ENT_01109,27,0.74,30,45,0.44,1,1,1,0,40,0.27,focus_mismatch
STU_111,ENT_01110,4,0.9,0,7,0.91,1,1,1,0,19,0.09,accurate_perception
STU_112,ENT_01111,43,0.58,21,38,0.53,1,1,1,1,30,0.81,context_mismatch
STU_112,ENT_01112,28,0.78,43,70,0.12,1,0,0,0,48,0.16,focus_mismatch
STU_112,ENT_01113,111,0.22,38,28,0.65,1,0,0,1,39,0.32,productivity_overestimation
STU_112,ENT_01114,23,0.67,24,20,0.75,1,0,0,1,29,0.57,stress_underestimation
STU_112,ENT_01115,2,0.95,11,6,0.93,1,1,0,0,16,0.0,accurate_perception
STU_112,ENT_01116,61,0.32,83,44,0.45,1,0,1,1,86,0.28,productivity_overestimation
STU_112,ENT_01117,27,0.61,36,24,0.7,1,1,0,1,38,0.68,stress_underestimation
STU_112,ENT_01118,33,0.71,17,39,0.51,1,1,0,1,17,0.65,stress_underestimation
STU_112,ENT_01119,68,0.46,11,22,0.72,0,0,0,0,21,0.17,context_mismatch
STU_112,ENT_01120,40,0.25,32,50,0.38,1,0,1,1,45,0.38,productivity_overestimation
STU_113,ENT_01121,38,0.53,33,36,0.55,1,0,0,1,33,0.89,stress_underestimation
STU_113,ENT_01122,44,0.04,57,45,0.44,1,0,1,0,65,0.12,productivity_overestimation
STU_113,ENT_01123,10,0.77,20,37,0.54,1,1,1,1,33,0.85,stress_underestimation
STU_113,ENT_01124,28,0.65,31,61,0.24,1,1,0,0,45,0.25,focus_mismatch
STU_113,ENT_01125,8,0.82,33,68,0.15,1,1,1,0,42,0.22,focus_mismatch
STU_113,ENT_01126,27,0.18,50,48,0.4,1,0,0,1,69,0.25,productivity_overestimation
STU_113,ENT_01127,20,0.84,4,5,0.94,1,1,1,0,24,0.15,accurate_perception
STU_113,ENT_01128,71,0.51,28,43,0.46,0,1,1,0,39,0.03,focus_mismatch
STU_113,ENT_01129,19,0.84,20,17,0.79,1,1,0,1,25,0.68,stress_underestimation
STU_113,ENT_01130,22,0.65,35,18,0.78,1,0,0,1,44,0.62,stress_underestimation
STU_114,ENT_01131,43,0.57,31,75,0.06,1,1,0,0,36,0.2,focus_mismatch
STU_114,ENT_01132,7,0.94,0,10,0.88,1,1,1,0,0,0.08,accurate_perception
STU_114,ENT_01133,4,0.96,3,12,0.85,1,1,1,0,3,0.04,accurate_perception
STU_114,ENT_01134,4,0.93,13,16,0.8,1,1,1,0,23,0.13,accurate_perception
STU_114,ENT_01135,32,0.64,29,73,0.09,1,1,0,0,44,0.4,focus_mismatch
STU_114,ENT_01136,21,0.82,15,4,0.95,1,1,1,0,26,0.11,accurate_perception
STU_114,ENT_01137,28,0.78,46,73,0.09,1,1,1,0,65,0.11,focus_mismatch
STU_114,ENT_01138,28,0.74,27,28,0.65,0,1,1,0,44,0.15,context_mismatch
STU_114,ENT_01139,41,0.62,43,52,0.35,1,1,0,0,48,0.16,focus_mismatch
STU_114,ENT_01140,48,0.61,35,62,0.22,1,1,1,0,55,0.32,focus_mismatch
STU_115,ENT_01141,58,0.17,48,49,0.39,1,0,1,1,53,0.06,productivity_overestimation
STU_115,ENT_01142,23,0.23,54,26,0.68,1,0,1,1,67,0.39,productivity_overestimation
STU_115,ENT_01143,11,0.67,29,17,0.79,1,1,0,1,36,0.65,stress_underestimation
STU_115,ENT_01144,104,0.05,86,58,0.28,1,0,0,1,92,0.22,productivity_overestimation
STU_115,ENT_01145,33,0.34,50,32,0.6,1,0,0,0,50,0.12,productivity_overestimation
STU_115,ENT_01146,63,0.29,62,49,0.39,1,0,1,0,72,0.32,productivity_overestimation
STU_115,ENT_01147,24,0.84,13,3,0.96,1,1,1,0,28,0.17,accurate_perception
STU_115,ENT_01148,12,0.69,34,37,0.54,1,0,1,1,35,0.72,stress_underestimation
STU_115,ENT_01149,19,0.76,45,77,0.04,1,1,0,0,48,0.25,focus_mismatch
STU_115,ENT_01150,60,0.57,14,31,0.61,0,0,0,0,17,0.08,context_mismatch
STU_116,ENT_01151,5,0.96,9,12,0.85,1,1,1,0,19,0.14,accurate_perception
STU_116,ENT_01152,31,0.74,26,19,0.76,0,1,1,0,37,0.09,context_mismatch
STU_116,ENT_01153,56,0.54,31,38,0.53,0,1,0,0,35,0.3,context_mismatch
STU_116,ENT_01154,30,0.55,43,58,0.28,1,1,1,0,43,0.15,focus_mismatch
STU_116,ENT_01155,83,0.32,71,42,0.47,1,0,1,0,87,0.23,productivity_overestimation
STU_116,ENT_01156,16,0.79,15,40,0.5,0,1,1,0,17,0.01,context_mismatch
STU_116,ENT_01157,17,0.75,30,17,0.79,0,0,0,0,48,0.2,context_mismatch
STU_116,ENT_01158,17,0.88,12,3,0.96,1,1,0,0,22,0.13,accurate_perception
STU_116,ENT_01159,60,0.06,63,56,0.3,1,0,0,0,68,0.1,productivity_overestimation
STU_116,ENT_01160,35,0.69,44,47,0.41,1,1,0,0,46,0.29,focus_mismatch
STU_117,ENT_01161,50,0.59,26,64,0.2,1,0,0,0,44,0.18,focus_mismatch
STU_117,ENT_01162,69,0.24,60,32,0.6,1,0,0,0,75,0.18,productivity_overestimation
STU_117,ENT_01163,94,0.05,85,47,0.41,1,0,1,0,99,0.29,productivity_overestimation
STU_117,ENT_01164,47,0.13,68,46,0.43,1,0,1,1,73,0.2,productivity_overestimation
STU_117,ENT_01165,72,0.21,47,41,0.49,1,0,1,1,50,0.25,productivity_overestimation
STU_117,ENT_01166,42,0.21,40,51,0.36,1,0,1,0,53,0.03,productivity_overestimation
STU_117,ENT_01167,10,0.76,31,56,0.3,1,0,1,0,37,0.37,focus_mismatch
STU_117,ENT_01168,32,0.54,28,23,0.71,0,0,1,0,40,0.06,context_mismatch
STU_117,ENT_01169,12,0.91,13,17,0.79,1,1,0,0,21,0.16,accurate_perception
STU_117,ENT_01170,54,0.14,83,42,0.47,1,0,1,1,96,0.18,productivity_overestimation
STU_118,ENT_01171,105,0.17,59,28,0.65,1,0,1,1,65,0.01,productivity_overestimation
STU_118,ENT_01172,49,0.6,20,34,0.57,0,0,1,0,34,0.25,context_mismatch
STU_118,ENT_01173,4,0.91,1,17,0.79,1,1,0,0,13,0.16,accurate_perception
STU_118,ENT_01174,42,0.71,11,27,0.66,1,0,0,1,19,0.79,stress_underestimation
STU_118,ENT_01175,16,0.81,35,49,0.39,1,1,0,0,39,0.39,focus_mismatch
STU_118,ENT_01176,12,0.88,9,10,0.88,1,1,0,0,13,0.14,accurate_perception
STU_118,ENT_01177,13,0.66,48,73,0.09,1,0,1,0,62,0.16,focus_mismatch
STU_118,ENT_01178,20,0.74,14,11,0.86,0,0,1,1,26,0.16,context_mismatch
STU_118,ENT_01179,12,0.91,13,2,0.97,1,1,0,0,29,0.2,accurate_perception
STU_118,ENT_01180,27,0.62,33,17,0.79,1,0,1,1,50,0.54,stress_underestimation
STU_119,ENT_01181,9,0.91,2,8,0.9,1,1,0,0,15,0.15,accurate_perception
STU_119,ENT_01182,83,0.07,51,56,0.3,1,0,0,1,64,0.21,productivity_overestimation
STU_119,ENT_01183,67,0.17,44,20,0.75,1,0,0,1,52,0.17,productivity_overestimation
STU_119,ENT_01184,28,0.73,34,21,0.74,1,1,1,1,38,0.89,stress_underestimation
STU_119,ENT_01185,17,0.65,34,12,0.85,0,0,0,1,36,0.14,context_mismatch
STU_119,ENT_01186,28,0.6,32,62,0.22,1,0,0,0,32,0.37,focus_mismatch
STU_119,ENT_01187,49,0.66,52,73,0.09,1,0,0,0,66,0.23,focus_mismatch
STU_119,ENT_01188,30,0.45,26,21,0.74,0,0,1,0,29,0.3,context_mismatch
STU_119,ENT_01189,53,0.57,35,17,0.79,1,1,1,1,38,0.61,stress_underestimation
STU_119,ENT_01190,1,0.97,11,13,0.84,1,1,1,0,13,0.19,accurate_perception
STU_120,ENT_01191,65,0.53,35,35,0.56,1,1,0,1,43,0.51,stress_underestimation
STU_120,ENT_01192,75,0.48,14,10,0.88,0,0,0,0,15,0.28,context_mismatch
STU_120,ENT_01193,50,0.64,23,20,0.75,1,0,1,1,27,0.92,stress_underestimation
STU_120,ENT_01194,61,0.54,10,20,0.75,1,1,1,1,30,0.64,stress_underestimation
STU_120,ENT_01195,81,0.41,38,11,0.86,0,1,1,0,42,0.29,context_mismatch
STU_120,ENT_01196,33,0.06,35,34,0.57,1,0,0,1,38,0.4,productivity_overestimation
STU_120,ENT_01197,24,0.73,34,45,0.44,1,1,1,0,42,0.26,focus_mismatch
STU_120,ENT_01198,83,0.27,42,56,0.3,1,0,0,0,46,0.09,productivity_overestimation
STU_120,ENT_01199,13,0.73,38,28,0.65,0,0,0,0,43,0.09,context_mismatch
STU_120,ENT_01200,25,0.63,34,27,0.66,0,0,1,0,38,0.17,context_mismatch
STU_121,ENT_01201,32,0.79,25,56,0.3,1,0,1,0,32,0.32,focus_mismatch
STU_121,ENT_01202,8,0.89,14,14,0.82,1,1,1,0,28,0.2,accurate_perception
STU_121,ENT_01203,79,0.2,51,41,0.49,1,0,1,0,66,0.1,productivity_overestimation
STU_121,ENT_01204,36,0.59,21,40,0.5,1,1,1,1,38,0.51,stress_underestimation
STU_121,ENT_01205,14,0.76,52,53,0.34,1,1,0,0,65,0.21,focus_mismatch
STU_121,ENT_01206,2,0.99,6,18,0.78,1,1,0,0,13,0.03,accurate_perception
STU_121,ENT_01207,12,0.78,37,33,0.59,1,0,1,1,44,0.66,stress_underestimation
STU_121,ENT_01208,15,0.85,4,9,0.89,1,1,0,0,23,0.11,accurate_perception
STU_121,ENT_01209,11,0.8,38,36,0.55,0,1,1,0,47,0.13,productivity_overestimation
STU_121,ENT_01210,88,0.27,34,58,0.28,1,0,1,0,38,0.3,productivity_overestimation
STU_122,ENT_01211,20,0.85,12,15,0.81,1,1,0,0,19,0.12,accurate_perception
STU_122,ENT_01212,16,0.59,16,19,0.76,0,1,1,0,26,0.27,accurate_perception
STU_122,ENT_01213,32,0.67,31,24,0.7,0,1,0,0,48,0.33,context_mismatch
STU_122,ENT_01214,1,0.99,12,3,0.96,1,1,1,0,20,0.17,accurate_perception
STU_122,ENT_01215,66,0.26,78,51,0.36,1,0,0,1,81,0.09,productivity_overestimation
STU_122,ENT_01216,25,0.8,36,30,0.62,1,1,1,1,39,0.53,stress_underestimation
STU_122,ENT_01217,17,0.74,38,66,0.18,1,1,1,0,40,0.44,stress_underestimation
STU_122,ENT_01218,46,0.25,79,26,0.68,1,0,0,1,97,0.22,productivity_overestimation
STU_122,ENT_01219,40,0.58,43,51,0.36,1,0,1,0,50,0.14,focus_mismatch
STU_122,ENT_01220,29,0.75,21,16,0.8,1,1,1,1,37,0.76,stress_underestimation
STU_123,ENT_01221,59,0.56,25,56,0.3,1,1,1,0,38,0.13,focus_mismatch
STU_123,ENT_01222,92,0.25,45,42,0.47,1,0,1,1,46,0.18,productivity_overestimation
STU_123,ENT_01223,48,0.6,49,80,0,1,1,1,0,60,0.36,focus_mismatch
STU_123,ENT_01224,14,0.73,35,59,0.26,1,1,0,0,37,0.14,focus_mismatch
STU_123,ENT_01225,30,0.57,32,42,0.47,1,1,0,1,46,0.65,stress_underestimation
STU_123,ENT_01226,20,0.84,9,11,0.86,1,1,0,0,26,0.15,accurate_perception
STU_123,ENT_01227,27,0.75,38,44,0.45,1,1,0,1,48,0.57,stress_underestimation
STU_123,ENT_01228,1,0.99,2,11,0.86,1,1,1,0,9,0.06,accurate_perception
STU_123,ENT_01229,17,0.51,17,41,0.49,0,0,0,0,31,0.35,context_mismatch
STU_123,ENT_01230,10,0.82,14,17,0.79,1,1,1,0,31,0.08,accurate_perception
STU_124,ENT_01231,37,0.31,77,44,0.45,1,0,1,1,88,0.28,productivity_overestimation
STU_124,ENT_01232,42,0.33,64,40,0.5,1,0,1,1,68,0.03,productivity_overestimation
STU_124,ENT_01233,37,0.73,54,51,0.36,1,1,0,0,57,0.29,focus_mismatch
STU_124,ENT_01234,33,0.69,36,45,0.44,0,0,1,0,37,0.11,context_mismatch
STU_124,ENT_01235,56,0.35,65,21,0.74,1,0,1,1,66,0.22,productivity_overestimation
STU_124,ENT_01236,31,0.66,43,62,0.22,1,1,0,0,43,0.43,focus_mismatch
STU_124,ENT_01237,81,0.12,49,48,0.4,1,0,0,1,67,0.13,productivity_overestimation
STU_124,ENT_01238,15,0.84,52,65,0.19,1,0,0,0,53,0.44,focus_mismatch
STU_124,ENT_01239,59,0.21,76,30,0.62,1,0,0,0,95,0.1,productivity_overestimation
STU_124,ENT_01240,16,0.69,35,52,0.35,1,0,0,0,47,0.13,focus_mismatch
STU_125,ENT_01241,45,0.62,15,31,0.61,0,0,1,0,28,0.14,context_mismatch
STU_125,ENT_01242,13,0.86,10,4,0.95,1,1,1,0,13,0.09,accurate_perception
STU_125,ENT_01243,14,0.56,28,68,0.15,1,0,0,0,44,0.1,productivity_overestimation
STU_125,ENT_01244,13,0.84,30,22,0.72,0,1,1,0,41,0.21,context_mismatch
STU_125,ENT_01245,21,0.82,41,56,0.3,1,0,1,0,55,0.39,accurate_perception
STU_125,ENT_01246,128,0.14,36,38,0.53,1,0,0,1,54,0.27,productivity_overestimation
STU_125,ENT_01247,0,1.0,14,12,0.85,1,1,0,0,31,0.19,accurate_perception
STU_125,ENT_01248,121,0.07,53,35,0.56,1,0,0,0,68,0.1,productivity_overestimation
STU_125,ENT_01249,1,0.99,2,5,0.94,1,1,0,0,12,0.13,accurate_perception
STU_125,ENT_01250,77,0.25,50,38,0.53,1,0,1,0,56,0.18,productivity_overestimation
STU_126,ENT_01251,88,0.2,36,51,0.36,1,0,1,1,55,0.22,productivity_overestimation
STU_126,ENT_01252,22,0.76,51,78,0.03,1,0,1,0,53,0.17,focus_mismatch
STU_126,ENT_01253,25,0.76,10,32,0.6,1,0,0,1,21,0.67,stress_underestimation
STU_126,ENT_01254,11,0.69,41,56,0.3,1,1,1,0,42,0.34,focus_mismatch
STU_126,ENT_01255,31,0.26,75,24,0.7,1,0,0,0,93,0.2,productivity_overestimation
STU_126,ENT_01256,2,0.94,0,11,0.86,1,1,1,0,10,0.18,accurate_perception
STU_126,ENT_01257,26,0.67,29,54,0.32,1,0,1,0,37,0.32,focus_mismatch
STU_126,ENT_01258,16,0.81,39,38,0.53,1,1,1,1,52,0.81,stress_underestimation
STU_126,ENT_01259,30,0.62,30,10,0.88,0,1,0,0,44,0.28,context_mismatch
STU_126,ENT_01260,23,0.81,12,41,0.49,0,0,0,1,20,0.13,context_mismatch
STU_127,ENT_01261,44,0.64,28,61,0.24,1,0,1,0,34,0.24,focus_mismatch
STU_127,ENT_01262,15,0.85,40,75,0.06,1,0,0,0,41,0.14,focus_mismatch
STU_127,ENT_01263,4,0.92,4,16,0.8,1,1,0,0,5,0.09,accurate_perception
STU_127,ENT_01264,23,0.76,28,16,0.8,1,0,0,1,36,0.65,stress_underestimation
STU_127,ENT_01265,67,0.09,62,38,0.53,1,0,0,0,82,0.09,productivity_overestimation
STU_127,ENT_01266,54,0.53,29,22,0.72,1,1,0,1,46,0.57,stress_underestimation
STU_127,ENT_01267,3,0.92,10,7,0.91,1,1,0,0,14,0.07,accurate_perception
STU_127,ENT_01268,67,0.43,34,34,0.57,0,0,1,0,35,0.3,context_mismatch
STU_127,ENT_01269,2,0.95,12,11,0.86,1,1,1,0,19,0.09,accurate_perception
STU_127,ENT_01270,21,0.81,27,39,0.51,0,1,1,0,47,0.06,context_mismatch
STU_128,ENT_01271,35,0.56,29,64,0.2,1,0,0,0,46,0.26,focus_mismatch
STU_128,ENT_01272,9,0.89,14,15,0.81,1,1,1,0,28,0.15,accurate_perception
STU_128,ENT_01273,48,0.46,16,43,0.46,0,0,1,0,34,0.29,context_mismatch
STU_128,ENT_01274,43,0.7,35,39,0.51,1,1,1,1,41,0.79,stress_underestimation
STU_128,ENT_01275,3,0.97,1,15,0.81,1,1,1,0,11,0.04,accurate_perception
STU_128,ENT_01276,17,0.66,16,37,0.54,1,1,1,1,24,0.8,stress_underestimation
STU_128,ENT_01277,91,0.22,39,32,0.6,1,0,0,1,46,0.13,productivity_overestimation
STU_128,ENT_01278,8,0.83,26,34,0.57,1,0,1,1,28,0.54,stress_underestimation
STU_128,ENT_01279,13,0.58,31,67,0.16,1,0,0,0,40,0.44,focus_mismatch
STU_128,ENT_01280,16,0.79,20,30,0.62,1,0,1,1,37,0.64,stress_underestimation
STU_129,ENT_01281,2,0.99,5,15,0.81,1,1,1,0,25,0.11,accurate_perception
STU_129,ENT_01282,17,0.74,39,19,0.76,1,1,0,1,43,0.84,stress_underestimation
STU_129,ENT_01283,30,0.67,39,33,0.59,0,1,0,1,53,0.23,context_mismatch
STU_129,ENT_01284,14,0.85,27,68,0.15,1,0,1,0,36,0.15,focus_mismatch
STU_129,ENT_01285,18,0.88,11,4,0.95,1,1,0,0,26,0.12,focus_mismatch
STU_129,ENT_01286,33,0.6,41,62,0.22,1,0,1,0,46,0.27,context_mismatch
STU_129,ENT_01287,53,0.55,33,27,0.66,0,1,1,1,50,0.03,focus_mismatch
STU_129,ENT_01288,13,0.58,22,30,0.62,1,1,0,1,30,0.81,stress_underestimation
STU_129,ENT_01289,32,0.56,33,32,0.6,0,1,1,1,42,0.08,context_mismatch
STU_129,ENT_01290,99,0.32,87,52,0.35,1,0,0,0,91,0.01,productivity_overestimation
STU_130,ENT_01291,23,0.47,34,25,0.69,0,0,0,0,34,0.0,context_mismatch
STU_130,ENT_01292,19,0.74,45,74,0.07,1,1,0,0,48,0.38,focus_mismatch
STU_130,ENT_01293,7,0.81,12,20,0.75,1,0,0,1,19,0.69,stress_underestimation
STU_130,ENT_01294,18,0.85,15,8,0.9,1,1,1,0,20,0.12,accurate_perception
STU_130,ENT_01295,40,0.67,15,17,0.79,1,0,0,1,32,0.56,stress_underestimation
STU_130,ENT_01296,11,0.8,17,39,0.51,1,0,0,1,35,0.79,stress_underestimation
STU_130,ENT_01297,72,0.12,77,42,0.47,1,0,1,0,97,0.21,productivity_overestimation
STU_130,ENT_01298,67,0.43,38,32,0.6,0,0,0,1,51,0.3,stress_underestimation
STU_130,ENT_01299,7,0.77,47,68,0.15,1,0,0,0,57,0.3,focus_mismatch
STU_130,ENT_01300,28,0.78,42,65,0.19,1,0,1,0,47,0.18,productivity_overestimation
STU_131,ENT_01301,58,0.29,59,45,0.44,1,0,1,1,63,0.18,productivity_overestimation
STU_131,ENT_01302,56,0.29,85,44,0.45,1,0,0,0,85,0.16,productivity_overestimation
STU_131,ENT_01303,23,0.83,13,21,0.74,1,0,0,1,21,0.71,stress_underestimation
STU_131,ENT_01304,21,0.34,47,55,0.31,1,0,0,0,66,0.08,productivity_overestimation
STU_131,ENT_01305,64,0.25,36,42,0.47,1,0,0,0,51,0.38,productivity_overestimation
STU_131,ENT_01306,20,0.58,40,10,0.88,0,1,1,1,60,0.06,context_mismatch
STU_131,ENT_01307,86,0.21,76,41,0.49,1,0,0,1,80,0.32,productivity_overestimation
STU_131,ENT_01308,12,0.87,7,12,0.85,1,1,1,0,17,0.18,accurate_perception
STU_131,ENT_01309,40,0.72,47,66,0.18,1,0,1,0,57,0.42,focus_mismatch
STU_131,ENT_01310,28,0.73,40,60,0.25,1,1,0,0,50,0.41,focus_mismatch
STU_132,ENT_01311,24,0.43,24,41,0.49,0,1,0,0,30,0.18,context_mismatch
STU_132,ENT_01312,31,0.52,17,22,0.72,1,0,1,1,36,0.66,stress_underestimation
STU_132,ENT_01313,19,0.6,27,43,0.46,1,0,1,1,46,0.58,stress_underestimation
STU_132,ENT_01314,22,0.67,35,22,0.72,1,1,0,1,35,0.82,stress_underestimation
STU_132,ENT_01315,4,0.93,2,15,0.81,1,1,0,0,6,0.07,accurate_perception
STU_132,ENT_01316,72,0.08,59,37,0.54,1,0,1,1,78,0.08,productivity_overestimation
STU_132,ENT_01317,46,0.08,65,40,0.5,1,0,1,1,75,0.15,productivity_overestimation
STU_132,ENT_01318,65,0.17,69,40,0.5,1,0,1,0,79,0.26,productivity_overestimation
STU_132,ENT_01319,5,0.95,2,17,0.79,1,1,0,0,6,0.19,accurate_perception
STU_132,ENT_01320,11,0.89,10,13,0.84,1,1,0,0,20,0.02,accurate_perception
STU_133,ENT_01321,70,0.25,74,45,0.44,1,0,0,0,76,0.22,productivity_overestimation
STU_133,ENT_01322,15,0.83,1,2,0.97,1,1,1,0,8,0.13,accurate_perception
STU_133,ENT_01323,6,0.83,26,18,0.78,0,1,0,0,46,0.16,context_mismatch
STU_133,ENT_01324,24,0.25,65,46,0.43,1,0,1,0,83,0.02,context_mismatch
STU_133,ENT_01325,81,0.22,62,43,0.46,1,0,1,0,66,0.16,productivity_overestimation
STU_133,ENT_01326,54,0.63,15,27,0.66,1,0,1,1,21,0.62,stress_underestimation
STU_133,ENT_01327,25,0.6,34,42,0.47,0,1,1,0,35,0.07,context_mismatch
STU_133,ENT_01328,13,0.7,19,38,0.53,1,0,0,1,30,0.87,stress_underestimation
STU_133,ENT_01329,55,0.51,16,15,0.81,1,0,1,1,28,0.59,stress_underestimation
STU_133,ENT_01330,27,0.69,50,63,0.21,1,0,0,0,53,0.13,focus_mismatch
STU_134,ENT_01331,1,0.99,9,2,0.97,1,1,0,0,27,0.09,accurate_perception
STU_134,ENT_01332,0,1.0,2,13,0.84,1,1,0,0,22,0.06,accurate_perception
STU_134,ENT_01333,2,0.99,3,8,0.9,1,1,0,0,3,0.18,accurate_perception
STU_134,ENT_01334,109,0.27,85,49,0.39,1,0,0,1,103,0.11,productivity_overestimation
STU_134,ENT_01335,32,0.74,11,15,0.81,1,1,0,1,24,0.87,stress_underestimation
STU_134,ENT_01336,21,0.32,75,37,0.54,1,0,0,1,81,0.29,productivity_overestimation
STU_134,ENT_01337,11,0.67,30,15,0.81,1,0,0,1,43,0.88,stress_underestimation
STU_134,ENT_01338,87,0.27,53,38,0.53,1,0,0,0,67,0.24,productivity_overestimation
STU_134,ENT_01339,8,0.92,11,12,0.85,1,1,1,0,29,0.08,accurate_perception
STU_134,ENT_01340,22,0.75,46,76,0.05,1,1,1,0,59,0.23,focus_mismatch
STU_135,ENT_01341,16,0.74,49,73,0.09,1,0,1,0,59,0.41,focus_mismatch
STU_135,ENT_01342,40,0.71,52,55,0.31,1,0,0,0,58,0.44,focus_mismatch
STU_135,ENT_01343,0,1.0,3,3,0.96,1,1,1,0,11,0.12,accurate_perception
STU_135,ENT_01344,25,0.78,28,76,0.05,1,1,0,0,39,0.36,focus_mismatch
STU_135,ENT_01345,68,0.15,74,46,0.43,1,0,1,0,94,0.09,productivity_overestimation
STU_135,ENT_01346,25,0.82,35,31,0.61,1,0,0,1,37,0.56,stress_underestimation
STU_135,ENT_01347,35,0.49,40,16,0.8,0,0,1,0,49,0.01,context_mismatch
STU_135,ENT_01348,17,0.68,38,52,0.35,1,1,0,0,38,0.33,focus_mismatch
STU_135,ENT_01349,28,0.59,30,40,0.5,0,0,1,1,31,0.2,context_mismatch
STU_135,ENT_01350,8,0.89,13,5,0.94,1,1,1,0,32,0.14,accurate_perception
STU_136,ENT_01351,77,0.34,60,25,0.69,1,0,0,1,62,0.22,productivity_overestimation
STU_136,ENT_01352,32,0.76,29,22,0.72,1,1,0,1,46,0.65,stress_underestimation
STU_136,ENT_01353,104,0.25,85,57,0.29,1,0,1,0,99,0.37,context_mismatch
STU_136,ENT_01354,32,0.64,18,13,0.84,0,0,1,1,23,0.21,context_mismatch
STU_136,ENT_01355,23,0.66,46,52,0.35,1,0,0,0,48,0.44,focus_mismatch
STU_136,ENT_01356,22,0.76,34,21,0.74,0,1,1,0,41,0.12,context_mismatch
STU_136,ENT_01357,96,0.18,36,27,0.66,1,0,1,0,55,0.06,productivity_overestimation
STU_136,ENT_01358,68,0.21,70,43,0.46,1,0,1,0,71,0.17,productivity_overestimation
STU_136,ENT_01359,41,0.59,31,45,0.44,1,1,0,1,38,0.68,stress_underestimation
STU_136,ENT_01360,11,0.92,14,8,0.9,1,1,0,0,31,0.13,accurate_perception
STU_137,ENT_01361,58,0.08,44,22,0.72,1,0,0,0,48,0.06,productivity_overestimation
STU_137,ENT_01362,14,0.82,8,18,0.78,1,1,0,0,8,0.12,accurate_perception
STU_137,ENT_01363,5,0.96,15,8,0.9,1,1,0,0,21,0.1,accurate_perception
STU_137,ENT_01364,72,0.09,39,52,0.35,1,0,0,0,41,0.19,productivity_overestimation
STU_137,ENT_01365,23,0.62,36,22,0.72,1,1,1,1,49,0.53,productivity_overestimation
STU_137,ENT_01366,23,0.82,24,35,0.56,0,0,0,1,39,0.36,context_mismatch
STU_137,ENT_01367,95,0.27,45,30,0.62,1,0,1,1,47,0.2,productivity_overestimation
STU_137,ENT_01368,24,0.27,53,22,0.72,1,0,0,1,67,0.16,productivity_overestimation
STU_137,ENT_01369,32,0.78,26,40,0.5,0,1,1,0,44,0.3,context_mismatch
STU_137,ENT_01370,69,0.53,20,30,0.62,1,0,0,1,28,0.78,stress_underestimation
STU_138,ENT_01371,90,0.15,66,35,0.56,1,0,1,0,75,0.14,productivity_overestimation
STU_138,ENT_01372,55,0.24,79,32,0.6,1,0,1,0,88,0.32,productivity_overestimation
STU_138,ENT_01373,46,0.61,15,43,0.46,0,0,1,1,24,0.29,context_mismatch
STU_138,ENT_01374,42,0.25,53,51,0.36,1,0,1,0,61,0.16,productivity_overestimation
STU_138,ENT_01375,82,0.07,54,27,0.66,1,0,0,1,60,0.0,productivity_overestimation
STU_138,ENT_01376,18,0.71,41,62,0.22,1,1,1,0,42,0.17,focus_mismatch
STU_138,ENT_01377,37,0.66,29,52,0.35,1,0,0,0,30,0.14,accurate_perception
STU_138,ENT_01378,11,0.83,6,15,0.81,1,1,1,0,24,0.01,accurate_perception
STU_138,ENT_01379,28,0.62,44,59,0.26,1,1,1,0,55,0.42,focus_mismatch
STU_138,ENT_01380,7,0.86,6,14,0.82,1,1,1,0,6,0.11,accurate_perception
STU_139,ENT_01381,37,0.1,84,35,0.56,1,0,1,1,98,0.09,productivity_overestimation
STU_139,ENT_01382,26,0.82,13,11,0.86,1,1,0,0,32,0.12,accurate_perception
STU_139,ENT_01383,36,0.59,24,38,0.53,0,0,0,1,43,0.36,context_mismatch
STU_139,ENT_01384,24,0.25,80,47,0.41,1,0,1,1,95,0.13,productivity_overestimation
STU_139,ENT_01385,19,0.76,30,69,0.14,1,1,0,0,40,0.17,focus_mismatch
STU_139,ENT_01386,28,0.57,40,40,0.5,0,0,1,1,47,0.37,context_mismatch
STU_139,ENT_01387,32,0.16,31,44,0.45,1,0,0,1,45,0.17,productivity_overestimation
STU_139,ENT_01388,34,0.17,60,36,0.55,1,0,1,0,78,0.07,productivity_overestimation
STU_139,ENT_01389,70,0.34,33,43,0.46,1,0,0,0,38,0.04,productivity_overestimation
STU_139,ENT_01390,80,0.33,39,48,0.4,1,0,1,1,52,0.06,productivity_overestimation
STU_140,ENT_01391,13,0.91,2,9,0.89,1,1,1,0,20,0.12,accurate_perception
STU_140,ENT_01392,40,0.69,53,72,0.1,1,0,0,0,59,0.18,focus_mismatch
STU_140,ENT_01393,2,0.95,14,5,0.94,1,1,0,0,25,0.11,accurate_perception
STU_140,ENT_01394,46,0.06,79,30,0.62,1,0,0,1,79,0.21,productivity_overestimation
STU_140,ENT_01395,14,0.9,7,6,0.93,1,1,0,0,18,0.17,accurate_perception
STU_140,ENT_01396,60,0.08,40,35,0.56,1,0,1,0,52,0.03,productivity_overestimation
STU_140,ENT_01397,55,0.17,76,54,0.32,1,0,1,1,90,0.36,productivity_overestimation
STU_140,ENT_01398,119,0.21,40,46,0.43,1,0,1,1,41,0.05,productivity_overestimation
STU_140,ENT_01399,19,0.82,37,69,0.14,1,1,1,0,47,0.23,focus_mismatch
STU_140,ENT_01400,6,0.95,4,16,0.8,1,1,1,0,13,0.13,accurate_perception
STU_141,ENT_01401,6,0.88,14,14,0.82,1,1,0,0,25,0.14,accurate_perception
STU_141,ENT_01402,14,0.84,9,5,0.94,1,1,0,0,20,0.07,accurate_perception
STU_141,ENT_01403,29,0.63,42,77,0.04,1,1,1,0,57,0.11,productivity_overestimation
STU_141,ENT_01404,30,0.44,18,45,0.44,0,0,0,0,38,0.2,context_mismatch
STU_141,ENT_01405,27,0.18,50,59,0.26,1,0,1,1,66,0.15,productivity_overestimation
STU_141,ENT_01406,114,0.2,76,55,0.31,1,0,1,0,80,0.4,productivity_overestimation
STU_141,ENT_01407,25,0.68,14,19,0.76,0,0,1,0,22,0.25,context_mismatch
STU_141,ENT_01408,5,0.86,13,8,0.9,1,1,0,0,17,0.16,accurate_perception
STU_141,ENT_01409,58,0.43,18,12,0.85,0,1,0,0,23,0.09,context_mismatch
STU_141,ENT_01410,11,0.88,15,13,0.84,1,1,1,0,23,0.19,accurate_perception
STU_142,ENT_01411,35,0.65,46,54,0.32,1,1,1,0,53,0.38,focus_mismatch
STU_142,ENT_01412,26,0.19,76,51,0.36,1,0,1,1,94,0.02,productivity_overestimation
STU_142,ENT_01413,31,0.78,38,24,0.7,0,0,0,0,41,0.36,context_mismatch
STU_142,ENT_01414,42,0.55,17,15,0.81,0,0,1,1,19,0.19,context_mismatch
STU_142,ENT_01415,47,0.68,40,71,0.11,1,0,1,0,51,0.22,focus_mismatch
STU_142,ENT_01416,50,0.17,55,33,0.59,1,0,1,1,64,0.34,productivity_overestimation
STU_142,ENT_01417,10,0.92,3,4,0.95,1,1,0,0,3,0.02,accurate_perception
STU_142,ENT_01418,60,0.29,33,29,0.64,1,0,0,0,34,0.19,productivity_overestimation
STU_142,ENT_01419,77,0.44,38,20,0.75,0,1,1,0,56,0.04,context_mismatch
STU_142,ENT_01420,7,0.8,25,41,0.49,1,0,0,1,44,0.77,stress_underestimation
STU_143,ENT_01421,12,0.69,30,61,0.24,1,0,1,0,37,0.27,focus_mismatch
STU_143,ENT_01422,10,0.71,21,38,0.53,0,1,1,0,33,0.26,context_mismatch
STU_143,ENT_01423,75,0.5,14,39,0.51,0,0,1,0,32,0.03,context_mismatch
STU_143,ENT_01424,2,0.96,10,11,0.86,1,1,1,0,28,0.14,accurate_perception
STU_143,ENT_01425,68,0.25,76,55,0.31,1,0,0,1,82,0.37,productivity_overestimation
STU_143,ENT_01426,13,0.88,1,3,0.96,1,1,0,0,9,0.17,accurate_perception
STU_143,ENT_01427,93,0.31,38,48,0.4,1,0,1,1,51,0.3,productivity_overestimation
STU_143,ENT_01428,33,0.78,18,45,0.44,1,1,0,1,28,0.72,stress_underestimation
STU_143,ENT_01429,2,0.99,13,7,0.91,1,1,1,0,13,0.01,accurate_perception
STU_143,ENT_01430,67,0.45,16,42,0.47,0,0,1,0,32,0.13,context_mismatch
STU_144,ENT_01431,13,0.84,39,47,0.41,1,1,0,0,53,0.29,productivity_overestimation
STU_144,ENT_01432,22,0.31,88,49,0.39,1,0,0,0,106,0.37,productivity_overestimation
STU_144,ENT_01433,19,0.7,22,26,0.68,0,1,0,0,23,0.21,context_mismatch
STU_144,ENT_01434,126,0.07,81,24,0.7,1,0,1,1,98,0.21,productivity_overestimation
STU_144,ENT_01435,24,0.25,67,51,0.36,1,0,1,0,84,0.21,productivity_overestimation
STU_144,ENT_01436,15,0.66,45,79,0.01,1,0,1,0,58,0.1,context_mismatch
STU_144,ENT_01437,4,0.96,9,7,0.91,1,1,0,0,22,0.13,accurate_perception
STU_144,ENT_01438,21,0.75,19,28,0.65,0,0,0,0,22,0.39,context_mismatch
STU_144,ENT_01439,6,0.8,55,62,0.22,1,0,0,0,69,0.14,focus_mismatch
STU_144,ENT_01440,31,0.67,18,34,0.57,1,0,1,1,29,0.86,stress_underestimation
STU_145,ENT_01441,2,0.98,2,4,0.95,1,1,1,0,12,0.03,accurate_perception
STU_145,ENT_01442,24,0.82,21,35,0.56,1,0,0,1,34,0.88,stress_underestimation
STU_145,ENT_01443,41,0.57,25,35,0.56,1,0,1,1,40,0.6,stress_underestimation
STU_145,ENT_01444,51,0.42,16,38,0.53,0,0,1,1,27,0.14,context_mismatch
STU_145,ENT_01445,16,0.81,14,17,0.79,1,0,0,1,17,0.73,stress_underestimation
STU_145,ENT_01446,64,0.29,50,60,0.25,1,0,1,0,63,0.12,productivity_overestimation
STU_145,ENT_01447,0,1.0,12,10,0.88,1,1,1,0,20,0.2,accurate_perception
STU_145,ENT_01448,29,0.65,38,64,0.2,1,0,1,0,47,0.11,focus_mismatch
STU_145,ENT_01449,9,0.93,11,5,0.94,1,1,0,0,19,0.02,accurate_perception
STU_145,ENT_01450,19,0.73,32,50,0.38,1,0,0,0,49,0.2,focus_mismatch
STU_146,ENT_01451,37,0.75,53,51,0.36,1,1,1,0,54,0.36,focus_mismatch
STU_146,ENT_01452,133,0.06,36,24,0.7,1,0,1,0,51,0.04,productivity_overestimation
STU_146,ENT_01453,54,0.33,35,35,0.56,1,0,1,1,55,0.07,productivity_overestimation
STU_146,ENT_01454,28,0.76,30,53,0.34,1,0,0,0,30,0.45,focus_mismatch
STU_146,ENT_01455,70,0.51,16,37,0.54,0,1,0,0,25,0.33,context_mismatch
STU_146,ENT_01456,29,0.64,44,60,0.25,1,0,1,0,52,0.35,focus_mismatch
STU_146,ENT_01457,14,0.85,4,10,0.88,1,1,0,0,24,0.12,accurate_perception
STU_146,ENT_01458,56,0.51,33,12,0.85,0,0,0,1,39,0.16,context_mismatch
STU_146,ENT_01459,31,0.3,56,20,0.75,1,0,0,0,70,0.14,productivity_overestimation
STU_146,ENT_01460,47,0.61,22,28,0.65,1,1,0,1,42,0.8,stress_underestimation
STU_147,ENT_01461,14,0.82,11,37,0.54,0,1,0,0,16,0.17,accurate_perception
STU_147,ENT_01462,115,0.08,39,38,0.53,1,0,1,1,52,0.11,productivity_overestimation
STU_147,ENT_01463,34,0.62,17,35,0.56,1,1,0,1,25,0.81,stress_underestimation
STU_147,ENT_01464,15,0.81,34,11,0.86,0,0,1,1,41,0.19,context_mismatch
STU_147,ENT_01465,73,0.27,46,53,0.34,1,0,0,0,62,0.11,productivity_overestimation
STU_147,ENT_01466,86,0.31,87,35,0.56,1,0,0,1,94,0.1,productivity_overestimation
STU_147,ENT_01467,18,0.84,29,45,0.44,1,0,0,0,46,0.21,focus_mismatch
STU_147,ENT_01468,4,0.95,8,15,0.81,1,1,0,0,16,0.14,accurate_perception
STU_147,ENT_01469,89,0.19,86,32,0.6,1,0,1,0,96,0.13,productivity_overestimation
STU_147,ENT_01470,52,0.59,10,45,0.44,0,0,1,0,14,0.23,context_mismatch
STU_148,ENT_01471,0,1.0,3,4,0.95,1,1,1,0,20,0.14,accurate_perception
STU_148,ENT_01472,26,0.45,10,26,0.68,0,1,0,0,30,0.4,context_mismatch
STU_148,ENT_01473,33,0.62,27,52,0.35,1,1,0,0,44,0.38,focus_mismatch
STU_148,ENT_01474,60,0.6,31,20,0.75,1,0,0,1,37,0.87,stress_underestimation
STU_148,ENT_01475,71,0.5,10,27,0.66,0,1,0,1,21,0.14,context_mismatch
STU_148,ENT_01476,16,0.84,10,33,0.59,1,1,0,1,15,0.58,stress_underestimation
STU_148,ENT_01477,15,0.57,24,24,0.7,1,0,0,1,43,0.7,stress_underestimation
STU_148,ENT_01478,11,0.76,19,39,0.51,1,1,0,1,24,0.81,stress_underestimation
STU_148,ENT_01479,2,0.93,3,15,0.81,1,1,0,0,8,0.02,accurate_perception
STU_148,ENT_01480,35,0.29,75,37,0.54,1,0,1,1,80,0.35,productivity_overestimation
STU_149,ENT_01481,87,0.18,83,59,0.26,1,0,0,1,91,0.11,productivity_overestimation
STU_149,ENT_01482,59,0.6,27,39,0.51,1,1,0,1,30,0.89,stress_underestimation
STU_149,ENT_01483,13,0.72,42,52,0.35,1,1,0,0,62,0.24,focus_mismatch
STU_149,ENT_01484,36,0.71,50,59,0.26,1,0,0,0,51,0.18,focus_mismatch
STU_149,ENT_01485,84,0.21,63,41,0.49,1,0,0,0,73,0.1,productivity_overestimation
STU_149,ENT_01486,4,0.97,7,6,0.93,1,1,1,0,9,0.14,accurate_perception
STU_149,ENT_01487,86,0.21,59,40,0.5,1,0,1,0,69,0.27,accurate_perception
STU_149,ENT_01488,6,0.95,10,4,0.95,1,1,0,0,30,0.03,accurate_perception
STU_149,ENT_01489,19,0.53,38,40,0.5,1,1,1,1,57,0.85,context_mismatch
STU_149,ENT_01490,28,0.63,34,28,0.65,0,1,0,0,51,0.06,context_mismatch
STU_150,ENT_01491,34,0.68,12,39,0.51,1,0,1,1,21,0.87,stress_underestimation
STU_150,ENT_01492,12,0.91,0,16,0.8,1,1,1,0,1,0.01,productivity_overestimation
STU_150,ENT_01493,80,0.44,18,43,0.46,0,0,1,0,21,0.15,context_mismatch
STU_150,ENT_01494,18,0.63,21,16,0.8,1,1,0,1,33,0.85,stress_underestimation
STU_150,ENT_01495,43,0.57,29,28,0.65,1,1,1,1,29,0.66,stress_underestimation
STU_150,ENT_01496,62,0.52,11,40,0.5,1,0,0,1,27,0.61,stress_underestimation
STU_150,ENT_01497,23,0.77,42,56,0.3,1,1,0,0,49,0.27,focus_mismatch
STU_150,ENT_01498,37,0.53,17,23,0.71,1,0,0,1,29,0.53,stress_underestimation
STU_150,ENT_01499,30,0.55,38,22,0.72,1,1,1,1,54,0.56,stress_underestimation
STU_150,ENT_01500,9,0.79,19,34,0.57,0,1,1,0,30,0.14,context_mismatch
STU_151,ENT_01501,53,0.62,35,68,0.15,1,0,0,0,35,0.2,focus_mismatch
STU_151,ENT_01502,19,0.79,28,42,0.47,0,0,1,0,39,0.29,context_mismatch
STU_151,ENT_01503,103,0.13,59,28,0.65,1,0,0,0,69,0.27,accurate_perception
STU_151,ENT_01504,70,0.5,16,32,0.6,0,1,0,1,19,0.13,context_mismatch
STU_151,ENT_01505,14,0.76,41,74,0.07,1,1,0,0,44,0.35,focus_mismatch
STU_151,ENT_01506,28,0.74,40,57,0.29,1,0,0,0,60,0.15,focus_mismatch
STU_151,ENT_01507,3,0.95,15,4,0.95,1,1,1,0,25,0.15,accurate_perception
STU_151,ENT_01508,31,0.26,87,53,0.34,1,0,1,0,92,0.0,productivity_overestimation
STU_151,ENT_01509,12,0.64,28,71,0.11,1,0,0,0,44,0.39,focus_mismatch
STU_151,ENT_01510,15,0.75,33,23,0.71,1,1,1,1,46,0.55,stress_underestimation
STU_152,ENT_01511,41,0.71,14,26,0.68,1,0,0,1,16,0.64,stress_underestimation
STU_152,ENT_01512,122,0.13,55,34,0.57,1,0,1,1,55,0.14,productivity_overestimation
STU_152,ENT_01513,29,0.77,44,58,0.28,1,0,0,0,58,0.13,focus_mismatch
STU_152,ENT_01514,69,0.05,38,38,0.53,1,0,0,1,39,0.38,productivity_overestimation
STU_152,ENT_01515,1,0.99,13,15,0.81,1,1,1,0,14,0.19,accurate_perception
STU_152,ENT_01516,1,0.98,6,3,0.96,1,1,0,0,7,0.17,accurate_perception
STU_152,ENT_01517,31,0.45,22,11,0.86,0,0,1,1,32,0.18,context_mismatch
STU_152,ENT_01518,8,0.86,11,12,0.85,1,1,0,0,24,0.01,accurate_perception
STU_152,ENT_01519,37,0.3,78,47,0.41,1,0,0,0,94,0.25,productivity_overestimation
STU_152,ENT_01520,26,0.61,10,32,0.6,1,1,0,1,17,0.65,stress_underestimation
STU_153,ENT_01521,44,0.62,44,68,0.15,1,0,0,0,55,0.12,focus_mismatch
STU_153,ENT_01522,0,1.0,9,4,0.95,1,1,0,0,14,0.06,accurate_perception
STU_153,ENT_01523,48,0.6,49,71,0.11,1,1,1,0,58,0.4,focus_mismatch
STU_153,ENT_01524,36,0.68,27,19,0.76,1,1,1,1,45,0.67,stress_underestimation
STU_153,ENT_01525,58,0.19,66,39,0.51,1,0,1,0,72,0.38,productivity_overestimation
STU_153,ENT_01526,62,0.55,22,28,0.65,1,0,0,1,22,0.78,stress_underestimation
STU_153,ENT_01527,9,0.9,14,2,0.97,1,1,0,0,20,0.03,accurate_perception
STU_153,ENT_01528,58,0.61,45,68,0.15,1,0,0,0,61,0.41,focus_mismatch
STU_153,ENT_01529,94,0.35,87,20,0.75,1,0,0,1,90,0.38,productivity_overestimation
STU_153,ENT_01530,45,0.69,35,42,0.47,1,0,1,1,46,0.77,stress_underestimation
STU_154,ENT_01531,38,0.21,54,56,0.3,1,0,1,1,56,0.16,productivity_overestimation
STU_154,ENT_01532,9,0.84,6,6,0.93,1,1,1,0,16,0.16,accurate_perception
STU_154,ENT_01533,34,0.77,27,27,0.66,1,0,1,1,36,0.76,stress_underestimation
STU_154,ENT_01534,13,0.8,25,20,0.75,1,0,0,1,41,0.5,stress_underestimation
STU_154,ENT_01535,35,0.56,41,69,0.14,1,0,1,0,47,0.13,focus_mismatch
STU_154,ENT_01536,31,0.57,26,78,0.03,1,1,0,0,46,0.13,focus_mismatch
STU_154,ENT_01537,32,0.77,30,42,0.47,1,0,0,1,50,0.93,stress_underestimation
STU_154,ENT_01538,6,0.88,15,2,0.97,1,1,1,0,34,0.09,accurate_perception
STU_154,ENT_01539,2,0.96,4,15,0.81,1,1,1,0,15,0.12,accurate_perception
STU_154,ENT_01540,22,0.82,43,55,0.31,1,0,1,0,51,0.37,focus_mismatch
STU_155,ENT_01541,103,0.11,44,49,0.39,1,0,0,0,54,0.37,productivity_overestimation
STU_155,ENT_01542,16,0.89,2,16,0.8,1,1,1,0,8,0.09,accurate_perception
STU_155,ENT_01543,58,0.6,28,69,0.14,1,0,0,0,35,0.36,focus_mismatch
STU_155,ENT_01544,39,0.66,22,32,0.6,0,0,1,0,24,0.09,context_mismatch
STU_155,ENT_01545,27,0.73,37,20,0.75,0,1,1,0,49,0.06,context_mismatch
STU_155,ENT_01546,13,0.63,32,48,0.4,1,1,0,0,40,0.17,focus_mismatch
STU_155,ENT_01547,54,0.33,72,51,0.36,1,0,0,0,74,0.37,context_mismatch
STU_155,ENT_01548,8,0.93,3,7,0.91,1,1,1,0,11,0.13,accurate_perception
STU_155,ENT_01549,8,0.9,7,16,0.8,1,1,1,0,14,0.15,accurate_perception
STU_155,ENT_01550,52,0.47,23,30,0.62,0,0,0,0,37,0.09,context_mismatch
STU_156,ENT_01551,21,0.34,59,27,0.66,1,0,1,1,71,0.28,productivity_overestimation
STU_156,ENT_01552,22,0.76,21,10,0.88,0,0,1,0,23,0.22,context_mismatch
STU_156,ENT_01553,8,0.84,11,14,0.82,1,1,1,0,21,0.0,accurate_perception
STU_156,ENT_01554,35,0.6,41,49,0.39,1,0,1,0,59,0.13,focus_mismatch
STU_156,ENT_01555,17,0.83,28,45,0.44,0,1,1,0,47,0.17,context_mismatch
STU_156,ENT_01556,119,0.08,84,22,0.72,1,0,0,1,103,0.32,productivity_overestimation
STU_156,ENT_01557,17,0.71,18,37,0.54,1,1,1,1,37,0.56,stress_underestimation
STU_156,ENT_01558,50,0.6,30,29,0.64,1,1,0,1,44,0.81,stress_underestimation
STU_156,ENT_01559,14,0.91,0,7,0.91,1,1,1,0,14,0.19,accurate_perception
STU_156,ENT_01560,8,0.94,15,16,0.8,1,1,0,0,30,0.12,accurate_perception
STU_157,ENT_01561,11,0.78,51,54,0.32,1,0,1,0,69,0.21,focus_mismatch
STU_157,ENT_01562,22,0.82,7,7,0.91,1,1,1,0,15,0.07,accurate_perception
STU_157,ENT_01563,38,0.67,46,66,0.18,1,1,1,0,46,0.3,focus_mismatch
STU_157,ENT_01564,23,0.55,18,33,0.59,0,1,0,0,30,0.37,context_mismatch
STU_157,ENT_01565,6,0.93,7,7,0.91,1,1,1,0,11,0.13,accurate_perception
STU_157,ENT_01566,87,0.3,85,34,0.57,1,0,1,0,103,0.22,productivity_overestimation
STU_157,ENT_01567,54,0.26,41,40,0.5,1,0,1,1,56,0.29,productivity_overestimation
STU_157,ENT_01568,78,0.48,37,24,0.7,0,0,0,0,48,0.21,context_mismatch
STU_157,ENT_01569,47,0.66,25,68,0.15,1,1,0,0,37,0.28,focus_mismatch
STU_157,ENT_01570,25,0.75,36,28,0.65,0,1,1,0,45,0.0,context_mismatch
STU_158,ENT_01571,19,0.58,44,75,0.06,1,1,0,0,50,0.16,focus_mismatch
STU_158,ENT_01572,70,0.42,16,33,0.59,0,1,0,0,25,0.04,context_mismatch
STU_158,ENT_01573,16,0.77,44,68,0.15,1,0,0,0,59,0.39,focus_mismatch
STU_158,ENT_01574,12,0.88,8,2,0.97,1,1,1,0,12,0.19,accurate_perception
STU_158,ENT_01575,24,0.79,49,47,0.41,1,1,1,0,61,0.16,focus_mismatch
STU_158,ENT_01576,13,0.71,14,41,0.49,1,1,1,1,18,0.62,stress_underestimation
STU_158,ENT_01577,65,0.32,65,41,0.49,1,0,1,1,75,0.17,productivity_overestimation
STU_158,ENT_01578,90,0.13,38,30,0.62,1,0,1,1,54,0.28,productivity_overestimation
STU_158,ENT_01579,43,0.65,55,72,0.1,1,1,1,0,65,0.38,focus_mismatch
STU_158,ENT_01580,54,0.61,39,34,0.57,1,0,0,1,52,0.87,stress_underestimation
STU_159,ENT_01581,6,0.82,11,11,0.86,1,1,0,0,29,0.13,accurate_perception
STU_159,ENT_01582,1,0.98,10,5,0.94,1,1,0,0,12,0.17,accurate_perception
STU_159,ENT_01583,22,0.69,27,37,0.54,0,0,0,1,36,0.04,context_mismatch
STU_159,ENT_01584,73,0.24,39,51,0.36,1,0,1,1,46,0.39,productivity_overestimation
STU_159,ENT_01585,58,0.6,14,28,0.65,1,0,1,1,30,0.66,stress_underestimation
STU_159,ENT_01586,1,0.99,6,4,0.95,1,1,1,0,11,0.16,accurate_perception
STU_159,ENT_01587,57,0.57,44,57,0.29,1,0,0,0,64,0.41,productivity_overestimation
STU_159,ENT_01588,2,0.98,7,18,0.78,1,1,1,0,22,0.08,accurate_perception
STU_159,ENT_01589,109,0.1,55,50,0.38,1,0,1,0,60,0.27,productivity_overestimation
STU_159,ENT_01590,38,0.74,27,33,0.59,0,1,1,0,31,0.05,context_mismatch
STU_160,ENT_01591,13,0.91,12,16,0.8,1,1,0,0,29,0.18,accurate_perception
STU_160,ENT_01592,7,0.84,15,40,0.5,0,0,0,0,21,0.27,context_mismatch
STU_160,ENT_01593,21,0.83,15,25,0.69,1,0,0,1,33,0.76,stress_underestimation
STU_160,ENT_01594,14,0.75,20,40,0.5,1,0,0,1,37,0.64,stress_underestimation
STU_160,ENT_01595,14,0.77,50,60,0.25,1,0,1,0,59,0.21,focus_mismatch
STU_160,ENT_01596,31,0.31,40,34,0.57,1,0,1,1,40,0.12,productivity_overestimation
STU_160,ENT_01597,15,0.76,53,56,0.3,1,1,1,0,71,0.31,focus_mismatch
STU_160,ENT_01598,49,0.08,72,35,0.56,1,0,1,1,87,0.3,productivity_overestimation
STU_160,ENT_01599,38,0.33,45,53,0.34,1,0,1,0,48,0.06,productivity_overestimation
STU_160,ENT_01600,40,0.47,18,12,0.85,0,1,0,1,32,0.32,context_mismatch
STU_161,ENT_01601,36,0.62,46,68,0.15,1,1,1,0,66,0.16,focus_mismatch
STU_161,ENT_01602,19,0.87,7,11,0.86,1,1,0,0,27,0.18,accurate_perception
STU_161,ENT_01603,44,0.57,55,55,0.31,1,0,1,0,73,0.41,focus_mismatch
STU_161,ENT_01604,21,0.85,0,13,0.84,1,1,0,0,6,0.02,accurate_perception
STU_161,ENT_01605,23,0.8,43,45,0.44,1,1,0,0,45,0.45,focus_mismatch
STU_161,ENT_01606,98,0.07,76,29,0.64,1,0,0,0,81,0.05,productivity_overestimation
STU_161,ENT_01607,26,0.78,26,53,0.34,1,0,1,0,28,0.31,focus_mismatch
STU_161,ENT_01608,73,0.06,76,59,0.26,1,0,0,0,86,0.18,productivity_overestimation
STU_161,ENT_01609,132,0.11,77,59,0.26,1,0,1,0,95,0.01,productivity_overestimation
STU_161,ENT_01610,31,0.6,34,29,0.64,0,0,0,0,43,0.31,context_mismatch
STU_162,ENT_01611,22,0.46,37,31,0.61,0,0,1,1,41,0.27,context_mismatch
STU_162,ENT_01612,22,0.67,40,33,0.59,0,1,0,1,42,0.15,context_mismatch
STU_162,ENT_01613,37,0.7,14,26,0.68,1,1,0,1,21,0.85,stress_underestimation
STU_162,ENT_01614,5,0.89,11,12,0.85,1,1,0,0,15,0.08,accurate_perception
STU_162,ENT_01615,8,0.76,14,11,0.86,0,1,0,0,25,0.17,context_mismatch
STU_162,ENT_01616,48,0.47,24,13,0.84,0,0,1,0,42,0.17,context_mismatch
STU_162,ENT_01617,0,1.0,10,5,0.94,1,1,1,0,15,0.06,accurate_perception
STU_162,ENT_01618,29,0.75,11,24,0.7,1,0,0,1,30,0.56,stress_underestimation
STU_162,ENT_01619,104,0.28,53,48,0.4,1,0,1,1,62,0.36,productivity_overestimation
STU_162,ENT_01620,63,0.18,90,31,0.61,1,0,1,0,93,0.1,productivity_overestimation
STU_163,ENT_01621,77,0.42,34,13,0.84,0,0,1,1,40,0.05,stress_underestimation
STU_163,ENT_01622,26,0.74,25,15,0.81,0,0,1,0,42,0.21,accurate_perception
STU_163,ENT_01623,60,0.55,37,15,0.81,1,0,1,1,51,0.82,stress_underestimation
STU_163,ENT_01624,16,0.83,10,9,0.89,1,1,1,0,11,0.02,accurate_perception
STU_163,ENT_01625,34,0.48,15,35,0.56,0,0,1,1,15,0.08,context_mismatch
STU_163,ENT_01626,15,0.72,25,26,0.68,0,0,1,0,25,0.05,context_mismatch
STU_163,ENT_01627,46,0.6,54,73,0.09,1,1,0,0,66,0.39,focus_mismatch
STU_163,ENT_01628,1,0.98,0,17,0.79,1,1,0,0,8,0.01,accurate_perception
STU_163,ENT_01629,15,0.82,3,4,0.95,1,1,1,0,21,0.01,accurate_perception
STU_163,ENT_01630,4,0.96,7,10,0.88,1,1,1,0,24,0.11,focus_mismatch
STU_164,ENT_01631,49,0.61,32,36,0.55,1,0,1,1,33,0.85,stress_underestimation
STU_164,ENT_01632,82,0.23,89,51,0.36,1,0,1,1,105,0.31,productivity_overestimation
STU_164,ENT_01633,37,0.67,36,17,0.79,0,1,0,0,45,0.24,context_mismatch
STU_164,ENT_01634,56,0.62,25,13,0.84,0,1,0,1,32,0.11,context_mismatch
STU_164,ENT_01635,37,0.71,31,42,0.47,0,1,0,1,34,0.23,context_mismatch
STU_164,ENT_01636,15,0.83,53,55,0.31,1,1,0,0,57,0.4,stress_underestimation
STU_164,ENT_01637,30,0.17,72,30,0.62,1,0,0,0,92,0.25,productivity_overestimation
STU_164,ENT_01638,34,0.75,44,77,0.04,1,1,0,0,47,0.42,focus_mismatch
STU_164,ENT_01639,26,0.7,42,49,0.39,1,1,1,0,51,0.41,focus_mismatch
STU_164,ENT_01640,10,0.8,26,31,0.61,1,0,1,1,42,0.94,stress_underestimation
STU_165,ENT_01641,26,0.83,13,3,0.96,1,1,0,0,28,0.09,accurate_perception
STU_165,ENT_01642,58,0.57,27,70,0.12,1,0,0,0,43,0.43,focus_mismatch
STU_165,ENT_01643,31,0.73,42,72,0.1,1,0,1,0,54,0.26,focus_mismatch
STU_165,ENT_01644,50,0.57,43,47,0.41,1,1,1,0,46,0.18,focus_mismatch
STU_165,ENT_01645,14,0.89,7,17,0.79,1,1,1,0,16,0.04,accurate_perception
STU_165,ENT_01646,49,0.63,34,18,0.78,1,1,0,1,54,0.86,stress_underestimation
STU_165,ENT_01647,27,0.6,22,34,0.57,1,1,1,1,30,0.61,stress_underestimation
STU_165,ENT_01648,13,0.85,0,16,0.8,1,1,1,0,10,0.03,accurate_perception
STU_165,ENT_01649,7,0.85,8,15,0.81,1,1,1,0,12,0.11,focus_mismatch
STU_165,ENT_01650,41,0.69,17,31,0.61,1,0,1,1,25,0.56,stress_underestimation
STU_166,ENT_01651,21,0.57,44,46,0.43,1,0,1,0,46,0.13,focus_mismatch
STU_166,ENT_01652,6,0.96,6,7,0.91,1,1,0,0,9,0.14,accurate_perception
STU_166,ENT_01653,14,0.84,39,16,0.8,1,1,0,1,42,0.75,stress_underestimation
STU_166,ENT_01654,44,0.66,49,62,0.22,1,1,0,0,57,0.27,focus_mismatch
STU_166,ENT_01655,31,0.26,31,37,0.54,1,0,0,1,33,0.16,productivity_overestimation
STU_166,ENT_01656,113,0.09,68,36,0.55,1,0,0,0,68,0.22,productivity_overestimation
STU_166,ENT_01657,38,0.57,38,62,0.22,1,0,0,0,48,0.38,focus_mismatch
STU_166,ENT_01658,52,0.65,29,44,0.45,0,0,1,1,41,0.39,context_mismatch
STU_166,ENT_01659,74,0.26,50,25,0.69,1,0,1,1,60,0.24,productivity_overestimation
STU_166,ENT_01660,2,0.94,15,3,0.96,1,1,0,0,22,0.2,accurate_perception
STU_167,ENT_01661,33,0.58,38,50,0.38,1,0,0,0,57,0.18,focus_mismatch
STU_167,ENT_01662,110,0.14,75,46,0.43,1,0,1,0,93,0.04,productivity_overestimation
STU_167,ENT_01663,72,0.06,71,58,0.28,1,0,1,1,80,0.32,productivity_overestimation
STU_167,ENT_01664,45,0.57,31,34,0.57,0,1,0,1,50,0.34,context_mismatch
STU_167,ENT_01665,81,0.13,82,20,0.75,1,0,1,1,93,0.13,productivity_overestimation
STU_167,ENT_01666,21,0.76,34,29,0.64,0,1,0,0,50,0.08,context_mismatch
STU_167,ENT_01667,28,0.15,86,45,0.44,1,0,0,1,106,0.31,productivity_overestimation
STU_167,ENT_01668,35,0.58,29,31,0.61,0,1,1,0,29,0.37,context_mismatch
STU_167,ENT_01669,105,0.09,78,31,0.61,1,0,0,1,93,0.17,productivity_overestimation
STU_167,ENT_01670,29,0.68,10,34,0.57,0,0,0,0,13,0.07,context_mismatch
STU_168,ENT_01671,43,0.71,26,69,0.14,1,0,1,0,43,0.37,stress_underestimation
STU_168,ENT_01672,84,0.2,38,55,0.31,1,0,1,0,43,0.35,productivity_overestimation
STU_168,ENT_01673,26,0.82,39,62,0.22,1,0,1,0,52,0.45,focus_mismatch
STU_168,ENT_01674,7,0.95,1,7,0.91,1,1,1,0,9,0.04,accurate_perception
STU_168,ENT_01675,44,0.65,52,69,0.14,1,0,1,0,63,0.26,focus_mismatch
STU_168,ENT_01676,16,0.86,3,6,0.93,1,1,1,0,10,0.13,accurate_perception
STU_168,ENT_01677,42,0.7,18,37,0.54,0,1,1,1,38,0.15,context_mismatch
STU_168,ENT_01678,21,0.83,6,6,0.93,1,1,0,0,20,0.03,accurate_perception
STU_168,ENT_01679,28,0.71,12,41,0.49,1,1,1,1,24,0.91,stress_underestimation
STU_168,ENT_01680,30,0.51,36,42,0.47,1,1,0,1,38,0.58,stress_underestimation
STU_169,ENT_01681,36,0.52,22,40,0.5,1,0,0,1,42,0.61,stress_underestimation
STU_169,ENT_01682,24,0.7,14,41,0.49,1,1,0,1,24,0.9,stress_underestimation
STU_169,ENT_01683,30,0.79,26,16,0.8,0,0,0,1,40,0.35,context_mismatch
STU_169,ENT_01684,56,0.15,47,31,0.61,1,0,0,1,58,0.1,productivity_overestimation
STU_169,ENT_01685,2,0.98,15,4,0.95,1,1,0,0,21,0.12,accurate_perception
STU_169,ENT_01686,98,0.25,45,40,0.5,1,0,0,0,59,0.06,productivity_overestimation
STU_169,ENT_01687,29,0.69,28,28,0.65,1,0,1,1,37,0.77,stress_underestimation
STU_169,ENT_01688,64,0.09,73,48,0.4,1,0,0,0,80,0.1,accurate_perception
STU_169,ENT_01689,61,0.56,38,19,0.76,1,0,1,1,56,0.79,stress_underestimation
STU_169,ENT_01690,53,0.45,25,45,0.44,0,0,0,0,30,0.37,context_mismatch
STU_170,ENT_01691,38,0.63,32,13,0.84,0,0,0,0,33,0.06,context_mismatch
STU_170,ENT_01692,5,0.84,12,18,0.78,1,1,0,0,24,0.09,accurate_perception
STU_170,ENT_01693,23,0.84,9,4,0.95,1,1,1,0,21,0.04,accurate_perception
STU_170,ENT_01694,8,0.88,7,12,0.85,1,1,0,0,9,0.13,accurate_perception
STU_170,ENT_01695,5,0.96,6,6,0.93,1,1,1,0,19,0.06,accurate_perception
STU_170,ENT_01696,54,0.49,24,11,0.86,0,1,0,0,32,0.0,context_mismatch
STU_170,ENT_01697,106,0.15,57,22,0.72,1,0,1,1,69,0.39,productivity_overestimation
STU_170,ENT_01698,5,0.88,2,4,0.95,1,1,1,0,9,0.14,accurate_perception
STU_170,ENT_01699,8,0.73,49,62,0.22,1,1,1,0,68,0.11,focus_mismatch
STU_170,ENT_01700,16,0.87,12,6,0.93,1,1,1,0,30,0.11,accurate_perception
STU_171,ENT_01701,7,0.91,3,15,0.81,1,1,1,0,23,0.09,accurate_perception
STU_171,ENT_01702,8,0.93,11,7,0.91,1,1,0,0,13,0.09,accurate_perception
STU_171,ENT_01703,25,0.83,23,18,0.78,0,1,0,0,43,0.34,context_mismatch
STU_171,ENT_01704,36,0.64,42,50,0.38,1,0,0,0,60,0.37,focus_mismatch
STU_171,ENT_01705,14,0.7,39,52,0.35,1,1,1,0,41,0.26,focus_mismatch
STU_171,ENT_01706,34,0.28,64,26,0.68,1,0,1,0,83,0.11,productivity_overestimation
STU_171,ENT_01707,32,0.6,35,75,0.06,1,0,1,0,43,0.26,focus_mismatch
STU_171,ENT_01708,27,0.64,21,28,0.65,0,1,0,0,37,0.13,context_mismatch
STU_171,ENT_01709,116,0.16,75,20,0.75,1,0,0,0,76,0.38,stress_underestimation
STU_171,ENT_01710,10,0.83,30,74,0.07,1,0,1,0,38,0.39,focus_mismatch
STU_172,ENT_01711,24,0.73,25,62,0.22,1,0,0,0,41,0.13,focus_mismatch
STU_172,ENT_01712,54,0.63,32,73,0.09,1,0,0,0,45,0.15,focus_mismatch
STU_172,ENT_01713,64,0.57,55,67,0.16,1,0,1,0,73,0.13,focus_mismatch
STU_172,ENT_01714,14,0.53,31,41,0.49,1,0,1,1,33,0.58,stress_underestimation
STU_172,ENT_01715,7,0.8,11,29,0.64,1,0,0,1,25,0.52,stress_underestimation
STU_172,ENT_01716,40,0.62,38,15,0.81,0,1,0,1,47,0.28,context_mismatch
STU_172,ENT_01717,9,0.92,13,8,0.9,1,1,1,0,32,0.07,accurate_perception
STU_172,ENT_01718,42,0.53,35,34,0.57,1,0,1,1,44,0.59,stress_underestimation
STU_172,ENT_01719,18,0.55,21,19,0.76,0,1,0,0,23,0.27,context_mismatch
STU_172,ENT_01720,24,0.64,20,25,0.69,0,0,1,0,32,0.21,context_mismatch
STU_173,ENT_01721,77,0.22,75,34,0.57,1,0,1,1,92,0.36,productivity_overestimation
STU_173,ENT_01722,50,0.5,22,29,0.64,0,0,0,1,32,0.02,stress_underestimation
STU_173,ENT_01723,59,0.6,21,31,0.61,0,0,0,0,26,0.38,context_mismatch
STU_173,ENT_01724,16,0.7,38,25,0.69,1,1,0,1,58,0.52,stress_underestimation
STU_173,ENT_01725,20,0.84,3,4,0.95,1,1,0,0,19,0.09,accurate_perception
STU_173,ENT_01726,9,0.79,40,37,0.54,1,1,0,1,45,0.68,stress_underestimation
STU_173,ENT_01727,28,0.15,74,37,0.54,1,0,1,0,74,0.27,productivity_overestimation
STU_173,ENT_01728,4,0.97,1,13,0.84,1,1,1,0,14,0.0,accurate_perception
STU_173,ENT_01729,42,0.65,54,56,0.3,1,1,0,0,74,0.44,focus_mismatch
STU_173,ENT_01730,50,0.52,13,41,0.49,0,1,1,1,17,0.08,context_mismatch
STU_174,ENT_01731,7,0.93,0,13,0.84,1,1,1,0,2,0.18,stress_underestimation
STU_174,ENT_01732,14,0.79,31,45,0.44,1,0,0,0,42,0.1,focus_mismatch
STU_174,ENT_01733,9,0.74,27,63,0.21,1,0,1,0,47,0.29,focus_mismatch
STU_174,ENT_01734,11,0.74,55,56,0.3,1,1,1,0,62,0.22,focus_mismatch
STU_174,ENT_01735,98,0.16,33,22,0.72,1,0,0,1,51,0.39,productivity_overestimation
STU_174,ENT_01736,5,0.84,36,44,0.45,1,0,1,1,50,0.75,stress_underestimation
STU_174,ENT_01737,11,0.69,31,37,0.54,1,0,0,1,37,0.9,stress_underestimation
STU_174,ENT_01738,16,0.84,52,68,0.15,1,0,1,0,64,0.11,focus_mismatch
STU_174,ENT_01739,39,0.5,30,20,0.75,1,1,0,1,36,0.53,stress_underestimation
STU_174,ENT_01740,39,0.44,18,44,0.45,0,0,1,1,23,0.02,context_mismatch
STU_175,ENT_01741,44,0.57,37,25,0.69,1,0,0,1,38,0.51,stress_underestimation
STU_175,ENT_01742,49,0.56,25,60,0.25,1,1,1,0,32,0.28,accurate_perception
STU_175,ENT_01743,22,0.46,19,10,0.88,0,1,1,0,37,0.13,context_mismatch
STU_175,ENT_01744,76,0.23,79,57,0.29,1,0,0,1,91,0.12,context_mismatch
STU_175,ENT_01745,16,0.81,24,19,0.76,1,1,0,1,26,0.73,stress_underestimation
STU_175,ENT_01746,28,0.69,50,50,0.38,1,1,0,0,57,0.39,focus_mismatch
STU_175,ENT_01747,1,0.99,5,5,0.94,1,1,0,0,21,0.01,accurate_perception
STU_175,ENT_01748,71,0.26,36,56,0.3,1,0,1,1,39,0.04,productivity_overestimation
STU_175,ENT_01749,53,0.07,86,57,0.29,1,0,1,1,100,0.23,productivity_overestimation
STU_175,ENT_01750,8,0.91,10,3,0.96,1,1,0,0,25,0.18,accurate_perception
STU_176,ENT_01751,21,0.84,40,34,0.57,1,0,0,1,55,0.91,stress_underestimation
STU_176,ENT_01752,113,0.14,72,23,0.71,1,0,1,0,76,0.4,productivity_overestimation
STU_176,ENT_01753,99,0.21,48,59,0.26,1,0,0,0,55,0.25,productivity_overestimation
STU_176,ENT_01754,5,0.9,6,10,0.88,1,1,0,0,22,0.15,accurate_perception
STU_176,ENT_01755,28,0.26,73,20,0.75,1,0,1,0,73,0.29,productivity_overestimation
STU_176,ENT_01756,31,0.72,17,19,0.76,0,0,0,0,32,0.29,context_mismatch
STU_176,ENT_01757,8,0.95,4,3,0.96,1,1,0,0,17,0.1,accurate_perception
STU_176,ENT_01758,27,0.25,52,23,0.71,1,0,1,0,66,0.37,productivity_overestimation
STU_176,ENT_01759,37,0.51,31,14,0.82,0,0,0,1,50,0.06,context_mismatch
STU_176,ENT_01760,39,0.67,52,47,0.41,1,0,0,0,68,0.3,focus_mismatch
STU_177,ENT_01761,24,0.84,36,32,0.6,1,1,1,1,48,0.78,stress_underestimation
STU_177,ENT_01762,11,0.89,1,2,0.97,1,1,0,0,18,0.07,accurate_perception
STU_177,ENT_01763,99,0.28,54,22,0.72,1,0,1,0,58,0.28,productivity_overestimation
STU_177,ENT_01764,34,0.64,49,63,0.21,1,1,1,0,50,0.21,focus_mismatch
STU_177,ENT_01765,28,0.67,32,22,0.72,0,0,0,1,32,0.17,context_mismatch
STU_177,ENT_01766,23,0.79,14,34,0.57,0,1,1,0,18,0.04,context_mismatch
STU_177,ENT_01767,95,0.27,74,55,0.31,1,0,0,1,78,0.11,productivity_overestimation
STU_177,ENT_01768,29,0.69,48,51,0.36,1,1,0,0,55,0.15,focus_mismatch
STU_177,ENT_01769,41,0.72,33,69,0.14,1,0,0,0,43,0.17,focus_mismatch
STU_177,ENT_01770,1,0.99,11,7,0.91,1,1,1,0,22,0.13,accurate_perception
STU_178,ENT_01771,34,0.41,12,25,0.69,0,0,0,1,28,0.33,context_mismatch
STU_178,ENT_01772,13,0.61,39,34,0.57,0,1,1,0,53,0.13,context_mismatch
STU_178,ENT_01773,20,0.83,55,66,0.18,1,0,1,0,62,0.23,focus_mismatch
STU_178,ENT_01774,68,0.33,79,58,0.28,1,0,1,1,81,0.38,productivity_overestimation
STU_178,ENT_01775,68,0.53,27,11,0.86,0,0,0,1,46,0.13,context_mismatch
STU_178,ENT_01776,57,0.17,50,29,0.64,1,0,1,1,62,0.23,productivity_overestimation
STU_178,ENT_01777,2,0.98,4,10,0.88,1,1,0,0,22,0.05,accurate_perception
STU_178,ENT_01778,8,0.88,6,10,0.88,1,1,0,0,11,0.05,accurate_perception
STU_178,ENT_01779,19,0.86,14,3,0.96,1,1,1,0,21,0.11,accurate_perception
STU_178,ENT_01780,27,0.69,25,17,0.79,0,1,0,0,28,0.06,focus_mismatch
STU_179,ENT_01781,12,0.86,5,10,0.88,1,1,1,0,21,0.09,accurate_perception
STU_179,ENT_01782,24,0.62,37,20,0.75,0,0,1,1,47,0.21,context_mismatch
STU_179,ENT_01783,21,0.84,12,15,0.81,1,1,1,0,25,0.14,accurate_perception
STU_179,ENT_01784,6,0.93,11,3,0.96,1,1,1,0,25,0.16,accurate_perception
STU_179,ENT_01785,3,0.92,1,3,0.96,1,1,1,0,5,0.01,accurate_perception
STU_179,ENT_01786,17,0.85,6,16,0.8,1,1,0,0,6,0.02,accurate_perception
STU_179,ENT_01787,23,0.61,41,70,0.12,1,0,0,0,46,0.27,focus_mismatch
STU_179,ENT_01788,6,0.89,12,6,0.93,1,1,1,0,12,0.04,accurate_perception
STU_179,ENT_01789,45,0.15,69,43,0.46,1,0,1,1,75,0.33,productivity_overestimation
STU_179,ENT_01790,3,0.94,5,18,0.78,1,1,1,0,16,0.0,accurate_perception
STU_180,ENT_01791,50,0.58,23,22,0.72,1,1,0,1,24,0.73,stress_underestimation
STU_180,ENT_01792,16,0.61,50,76,0.05,1,0,1,0,55,0.37,focus_mismatch
STU_180,ENT_01793,30,0.45,13,35,0.56,0,1,0,1,30,0.34,context_mismatch
STU_180,ENT_01794,16,0.84,31,30,0.62,1,1,0,1,48,0.84,stress_underestimation
STU_180,ENT_01795,93,0.28,39,28,0.65,1,0,0,0,45,0.39,productivity_overestimation
STU_180,ENT_01796,4,0.92,9,5,0.94,1,1,0,0,13,0.05,accurate_perception
STU_180,ENT_01797,29,0.75,30,56,0.3,1,1,0,0,42,0.24,focus_mismatch
STU_180,ENT_01798,39,0.73,22,43,0.46,1,0,1,1,37,0.86,stress_underestimation
STU_180,ENT_01799,8,0.87,8,17,0.79,1,1,0,0,15,0.02,productivity_overestimation
STU_180,ENT_01800,15,0.75,29,65,0.19,1,0,1,0,31,0.41,focus_mismatch
STU_181,ENT_01801,10,0.87,7,14,0.82,1,1,0,0,22,0.11,accurate_perception
STU_181,ENT_01802,14,0.82,8,12,0.85,1,1,1,0,13,0.11,accurate_perception
STU_181,ENT_01803,6,0.95,2,4,0.95,1,1,0,0,12,0.11,accurate_perception
STU_181,ENT_01804,7,0.89,10,8,0.9,1,1,0,0,25,0.09,accurate_perception
STU_181,ENT_01805,9,0.83,13,7,0.91,1,1,0,0,13,0.2,stress_underestimation
STU_181,ENT_01806,7,0.83,7,8,0.9,1,1,0,0,20,0.15,accurate_perception
STU_181,ENT_01807,85,0.22,60,53,0.34,1,0,1,0,73,0.03,productivity_overestimation
STU_181,ENT_01808,28,0.69,24,11,0.86,0,1,0,1,40,0.23,context_mismatch
STU_181,ENT_01809,19,0.79,16,44,0.45,1,1,1,1,18,0.55,stress_underestimation
STU_181,ENT_01810,29,0.63,15,31,0.61,0,0,0,0,20,0.06,context_mismatch
STU_182,ENT_01811,14,0.63,18,34,0.57,0,1,0,1,27,0.26,context_mismatch
STU_182,ENT_01812,10,0.92,9,14,0.82,1,1,0,0,22,0.06,accurate_perception
STU_182,ENT_01813,47,0.31,56,25,0.69,1,0,1,0,67,0.15,productivity_overestimation
STU_182,ENT_01814,14,0.59,20,32,0.6,0,0,1,0,38,0.08,context_mismatch
STU_182,ENT_01815,52,0.19,86,27,0.66,1,0,0,1,98,0.05,productivity_overestimation
STU_182,ENT_01816,3,0.95,11,7,0.91,1,1,1,0,16,0.07,accurate_perception
STU_182,ENT_01817,78,0.12,84,25,0.69,1,0,0,1,100,0.25,productivity_overestimation
STU_182,ENT_01818,35,0.65,38,63,0.21,1,1,1,0,48,0.19,focus_mismatch
STU_182,ENT_01819,50,0.65,50,61,0.24,1,0,1,0,59,0.38,focus_mismatch
STU_182,ENT_01820,70,0.12,47,36,0.55,1,0,0,1,65,0.11,productivity_overestimation
STU_183,ENT_01821,106,0.25,40,55,0.31,1,0,0,0,58,0.09,productivity_overestimation
STU_183,ENT_01822,12,0.86,8,18,0.78,1,1,1,0,13,0.02,accurate_perception
STU_183,ENT_01823,8,0.74,52,52,0.35,1,1,1,0,67,0.37,focus_mismatch
STU_183,ENT_01824,38,0.74,36,71,0.11,1,1,1,0,54,0.27,focus_mismatch
STU_183,ENT_01825,16,0.88,9,15,0.81,1,1,0,0,11,0.08,accurate_perception
STU_183,ENT_01826,58,0.46,13,32,0.6,0,0,0,0,27,0.08,context_mismatch
STU_183,ENT_01827,22,0.72,55,75,0.06,1,0,1,0,68,0.29,focus_mismatch
STU_183,ENT_01828,15,0.62,42,68,0.15,1,1,0,0,52,0.17,focus_mismatch
STU_183,ENT_01829,5,0.91,6,3,0.96,1,1,0,0,11,0.06,accurate_perception
STU_183,ENT_01830,11,0.87,14,11,0.86,1,1,0,0,22,0.06,accurate_perception
STU_184,ENT_01831,11,0.9,12,15,0.81,1,1,1,0,29,0.16,accurate_perception
STU_184,ENT_01832,23,0.32,85,56,0.3,1,0,1,1,103,0.15,productivity_overestimation
STU_184,ENT_01833,8,0.84,53,73,0.09,1,1,0,0,61,0.12,focus_mismatch
STU_184,ENT_01834,17,0.5,40,33,0.59,0,0,1,0,57,0.06,context_mismatch
STU_184,ENT_01835,47,0.28,42,30,0.62,1,0,1,0,46,0.05,productivity_overestimation
STU_184,ENT_01836,6,0.9,6,5,0.94,1,1,0,0,6,0.04,accurate_perception
STU_184,ENT_01837,10,0.83,13,5,0.94,1,1,1,0,24,0.16,accurate_perception
STU_184,ENT_01838,25,0.19,52,59,0.26,1,0,1,1,53,0.1,productivity_overestimation
STU_184,ENT_01839,22,0.8,33,24,0.7,0,1,0,0,33,0.07,context_mismatch
STU_184,ENT_01840,35,0.71,27,74,0.07,1,0,0,0,32,0.13,focus_mismatch
STU_185,ENT_01841,42,0.63,36,29,0.64,1,1,1,1,53,0.8,stress_underestimation
STU_185,ENT_01842,31,0.76,51,65,0.19,1,1,1,0,70,0.24,focus_mismatch
STU_185,ENT_01843,46,0.57,45,68,0.15,1,0,0,0,59,0.29,focus_mismatch
STU_185,ENT_01844,80,0.31,41,24,0.7,1,0,0,0,42,0.13,productivity_overestimation
STU_185,ENT_01845,24,0.77,32,24,0.7,1,1,1,1,36,0.83,stress_underestimation
STU_185,ENT_01846,23,0.75,35,14,0.82,0,0,0,0,37,0.05,context_mismatch
STU_185,ENT_01847,38,0.16,56,55,0.31,1,0,0,0,58,0.27,productivity_overestimation
STU_185,ENT_01848,16,0.56,44,59,0.26,1,0,1,0,62,0.22,focus_mismatch
STU_185,ENT_01849,50,0.54,25,17,0.79,0,0,1,0,40,0.07,context_mismatch
STU_185,ENT_01850,65,0.48,21,11,0.86,0,1,0,0,33,0.06,context_mismatch
STU_186,ENT_01851,36,0.69,39,22,0.72,0,0,1,1,56,0.29,context_mismatch
STU_186,ENT_01852,10,0.82,34,46,0.43,1,1,1,0,52,0.28,focus_mismatch
STU_186,ENT_01853,18,0.42,29,33,0.59,0,1,0,1,31,0.27,context_mismatch
STU_186,ENT_01854,45,0.68,22,21,0.74,0,1,1,1,27,0.26,context_mismatch
STU_186,ENT_01855,46,0.57,25,44,0.45,1,1,1,1,30,0.86,stress_underestimation
STU_186,ENT_01856,11,0.89,4,4,0.95,1,1,1,0,8,0.16,productivity_overestimation
STU_186,ENT_01857,41,0.6,20,17,0.79,1,1,0,1,38,0.52,stress_underestimation
STU_186,ENT_01858,52,0.59,33,36,0.55,1,0,1,1,52,0.68,stress_underestimation
STU_186,ENT_01859,42,0.63,31,25,0.69,1,1,0,1,51,0.73,stress_underestimation
STU_186,ENT_01860,10,0.86,1,3,0.96,1,1,0,0,18,0.05,accurate_perception
STU_187,ENT_01861,16,0.72,37,20,0.75,1,0,0,1,42,0.93,stress_underestimation
STU_187,ENT_01862,24,0.69,23,42,0.47,1,1,0,1,35,0.72,stress_underestimation
STU_187,ENT_01863,4,0.87,12,3,0.96,1,1,0,0,21,0.06,accurate_perception
STU_187,ENT_01864,46,0.66,54,77,0.04,1,1,0,0,70,0.25,focus_mismatch
STU_187,ENT_01865,23,0.83,19,35,0.56,0,1,1,1,22,0.12,context_mismatch
STU_187,ENT_01866,20,0.84,13,6,0.93,1,1,1,0,18,0.16,context_mismatch
STU_187,ENT_01867,17,0.47,27,26,0.68,0,0,0,0,42,0.11,context_mismatch
STU_187,ENT_01868,28,0.81,29,73,0.09,1,1,0,0,48,0.31,focus_mismatch
STU_187,ENT_01869,52,0.2,37,32,0.6,1,0,0,0,50,0.02,productivity_overestimation
STU_187,ENT_01870,15,0.53,39,26,0.68,1,0,0,1,49,0.57,stress_underestimation
STU_188,ENT_01871,5,0.94,5,12,0.85,1,1,0,0,21,0.05,accurate_perception
STU_188,ENT_01872,44,0.56,36,28,0.65,1,0,1,1,55,0.85,stress_underestimation
STU_188,ENT_01873,65,0.19,89,47,0.41,1,0,1,0,94,0.34,productivity_overestimation
STU_188,ENT_01874,29,0.8,16,23,0.71,0,1,1,0,18,0.36,context_mismatch
STU_188,ENT_01875,11,0.9,13,9,0.89,1,1,1,0,16,0.11,accurate_perception
STU_188,ENT_01876,8,0.85,3,6,0.93,1,1,0,0,19,0.13,accurate_perception
STU_188,ENT_01877,19,0.67,26,14,0.82,0,1,0,0,26,0.28,context_mismatch
STU_188,ENT_01878,135,0.06,76,60,0.25,1,0,1,1,81,0.33,focus_mismatch
STU_188,ENT_01879,16,0.83,14,6,0.93,1,1,1,0,27,0.12,accurate_perception
STU_188,ENT_01880,113,0.23,84,57,0.29,1,0,0,0,93,0.22,productivity_overestimation
STU_189,ENT_01881,3,0.97,12,6,0.93,1,1,0,0,24,0.08,accurate_perception
STU_189,ENT_01882,21,0.83,14,12,0.85,1,1,1,0,33,0.04,accurate_perception
STU_189,ENT_01883,39,0.62,46,62,0.22,1,1,0,0,46,0.32,focus_mismatch
STU_189,ENT_01884,40,0.68,18,38,0.53,0,1,0,0,31,0.31,context_mismatch
STU_189,ENT_01885,7,0.9,0,2,0.97,1,1,1,0,19,0.11,accurate_perception
STU_189,ENT_01886,30,0.74,28,42,0.47,1,1,1,1,44,0.62,stress_underestimation
STU_189,ENT_01887,33,0.69,51,63,0.21,1,1,1,0,71,0.28,focus_mismatch
STU_189,ENT_01888,32,0.6,27,33,0.59,1,0,0,1,27,0.63,stress_underestimation
STU_189,ENT_01889,20,0.61,13,20,0.75,1,0,1,1,27,0.68,stress_underestimation
STU_189,ENT_01890,53,0.21,64,37,0.54,1,0,0,1,67,0.14,productivity_overestimation
STU_190,ENT_01891,21,0.3,60,41,0.49,1,0,0,1,77,0.27,productivity_overestimation
STU_190,ENT_01892,76,0.3,65,26,0.68,1,0,1,1,72,0.17,stress_underestimation
STU_190,ENT_01893,66,0.49,33,32,0.6,0,1,0,1,51,0.16,context_mismatch
STU_190,ENT_01894,85,0.34,54,42,0.47,1,0,0,1,62,0.04,productivity_overestimation
STU_190,ENT_01895,15,0.72,49,77,0.04,1,1,1,0,49,0.42,focus_mismatch
STU_190,ENT_01896,69,0.29,37,21,0.74,1,0,1,0,40,0.17,productivity_overestimation
STU_190,ENT_01897,49,0.67,22,12,0.85,0,1,1,0,35,0.27,context_mismatch
STU_190,ENT_01898,99,0.33,39,44,0.45,1,0,1,0,50,0.05,productivity_overestimation
STU_190,ENT_01899,27,0.68,30,56,0.3,1,0,0,0,30,0.14,focus_mismatch
STU_190,ENT_01900,25,0.56,34,76,0.05,1,1,1,0,43,0.42,focus_mismatch
STU_191,ENT_01901,34,0.71,15,25,0.69,1,0,1,1,25,0.74,accurate_perception
STU_191,ENT_01902,25,0.47,10,13,0.84,0,0,1,0,15,0.05,context_mismatch
STU_191,ENT_01903,32,0.79,45,54,0.32,1,1,1,0,58,0.27,focus_mismatch
STU_191,ENT_01904,30,0.69,31,37,0.54,1,1,0,1,36,0.65,stress_underestimation
STU_191,ENT_01905,2,0.97,12,5,0.94,1,1,1,0,28,0.02,accurate_perception
STU_191,ENT_01906,29,0.62,26,16,0.8,1,0,1,1,28,0.64,stress_underestimation
STU_191,ENT_01907,38,0.57,21,23,0.71,0,0,1,0,37,0.18,context_mismatch
STU_191,ENT_01908,28,0.8,21,18,0.78,1,1,0,1,39,0.86,stress_underestimation
STU_191,ENT_01909,31,0.51,27,42,0.47,0,0,0,0,43,0.08,context_mismatch
STU_191,ENT_01910,15,0.62,54,78,0.03,1,0,0,0,55,0.25,focus_mismatch
STU_192,ENT_01911,74,0.21,80,42,0.47,1,0,0,0,95,0.19,productivity_overestimation
STU_192,ENT_01912,16,0.76,30,65,0.19,1,0,1,0,39,0.26,focus_mismatch
STU_192,ENT_01913,45,0.67,35,40,0.5,1,0,1,1,38,0.73,stress_underestimation
STU_192,ENT_01914,98,0.16,77,25,0.69,1,0,1,1,89,0.18,productivity_overestimation
STU_192,ENT_01915,40,0.62,29,70,0.12,1,1,0,0,49,0.41,focus_mismatch
STU_192,ENT_01916,17,0.73,47,46,0.43,1,0,1,0,64,0.14,focus_mismatch
STU_192,ENT_01917,64,0.12,40,41,0.49,1,0,0,0,57,0.28,productivity_overestimation
STU_192,ENT_01918,98,0.14,77,37,0.54,1,0,1,1,96,0.25,productivity_overestimation
STU_192,ENT_01919,21,0.8,20,41,0.49,0,1,0,1,36,0.05,context_mismatch
STU_192,ENT_01920,112,0.18,59,57,0.29,1,0,0,0,68,0.33,productivity_overestimation
STU_193,ENT_01921,18,0.67,20,44,0.45,1,1,1,1,23,0.92,stress_underestimation
STU_193,ENT_01922,25,0.81,37,78,0.03,1,0,1,0,43,0.13,focus_mismatch
STU_193,ENT_01923,39,0.3,79,27,0.66,1,0,1,0,98,0.23,productivity_overestimation
STU_193,ENT_01924,16,0.83,53,45,0.44,1,0,0,0,72,0.36,focus_mismatch
STU_193,ENT_01925,44,0.69,36,48,0.4,1,1,0,0,49,0.15,focus_mismatch
STU_193,ENT_01926,24,0.77,33,30,0.62,0,0,1,1,33,0.19,context_mismatch
STU_193,ENT_01927,68,0.41,13,17,0.79,0,0,0,1,20,0.03,context_mismatch
STU_193,ENT_01928,6,0.94,11,12,0.85,1,1,1,0,24,0.02,accurate_perception
STU_193,ENT_01929,87,0.26,48,22,0.72,1,0,0,1,52,0.02,productivity_overestimation
STU_193,ENT_01930,102,0.16,61,53,0.34,1,0,1,0,73,0.15,productivity_overestimation
STU_194,ENT_01931,6,0.93,6,9,0.89,1,1,1,0,25,0.07,accurate_perception
STU_194,ENT_01932,18,0.84,12,37,0.54,0,1,1,1,26,0.38,context_mismatch
STU_194,ENT_01933,17,0.59,28,30,0.62,1,0,1,1,31,0.66,stress_underestimation
STU_194,ENT_01934,15,0.78,25,25,0.69,0,1,0,0,30,0.18,context_mismatch
STU_194,ENT_01935,29,0.65,34,60,0.25,1,0,1,0,46,0.28,focus_mismatch
STU_194,ENT_01936,1,0.98,10,16,0.8,1,1,1,0,16,0.13,accurate_perception
STU_194,ENT_01937,52,0.63,55,68,0.15,1,0,1,0,72,0.11,focus_mismatch
STU_194,ENT_01938,43,0.09,43,46,0.43,1,0,0,1,59,0.05,productivity_overestimation
STU_194,ENT_01939,20,0.68,17,33,0.59,1,1,1,1,35,0.92,stress_underestimation
STU_194,ENT_01940,7,0.95,5,2,0.97,1,1,1,0,22,0.03,accurate_perception
STU_195,ENT_01941,12,0.82,28,67,0.16,1,0,1,0,38,0.39,focus_mismatch
STU_195,ENT_01942,125,0.13,31,32,0.6,1,0,1,1,48,0.32,productivity_overestimation
STU_195,ENT_01943,4,0.97,6,3,0.96,1,1,1,0,12,0.06,accurate_perception
STU_195,ENT_01944,113,0.11,58,50,0.38,1,0,0,1,65,0.38,productivity_overestimation
STU_195,ENT_01945,40,0.3,44,26,0.68,1,0,1,0,63,0.24,productivity_overestimation
STU_195,ENT_01946,39,0.74,25,71,0.11,1,0,0,0,37,0.29,focus_mismatch
STU_195,ENT_01947,30,0.52,15,42,0.47,1,0,0,1,35,0.78,stress_underestimation
STU_195,ENT_01948,15,0.83,15,3,0.96,1,1,1,0,23,0.14,accurate_perception
STU_195,ENT_01949,8,0.86,1,4,0.95,1,1,1,0,20,0.12,accurate_perception
STU_195,ENT_01950,32,0.71,25,74,0.07,1,1,0,0,37,0.15,focus_mismatch
STU_196,ENT_01951,56,0.6,40,50,0.38,1,1,1,0,45,0.38,focus_mismatch
STU_196,ENT_01952,26,0.59,51,79,0.01,1,0,0,0,60,0.11,focus_mismatch
STU_196,ENT_01953,8,0.91,12,6,0.93,1,1,1,0,32,0.09,accurate_perception
STU_196,ENT_01954,52,0.65,37,60,0.25,1,1,0,0,39,0.35,focus_mismatch
STU_196,ENT_01955,45,0.18,50,58,0.28,1,0,0,0,65,0.02,productivity_overestimation
STU_196,ENT_01956,22,0.69,27,74,0.07,1,0,0,0,28,0.36,focus_mismatch
STU_196,ENT_01957,2,0.96,15,3,0.96,1,1,0,0,35,0.18,accurate_perception
STU_196,ENT_01958,6,0.88,13,10,0.88,1,1,0,0,28,0.16,accurate_perception
STU_196,ENT_01959,48,0.06,49,36,0.55,1,0,0,0,53,0.16,productivity_overestimation
STU_196,ENT_01960,68,0.46,10,35,0.56,0,0,0,0,28,0.07,context_mismatch
STU_197,ENT_01961,5,0.88,15,16,0.8,1,1,0,0,27,0.18,accurate_perception
STU_197,ENT_01962,21,0.62,17,18,0.78,1,0,1,1,37,0.68,stress_underestimation
STU_197,ENT_01963,40,0.7,40,27,0.66,0,1,0,1,57,0.14,context_mismatch
STU_197,ENT_01964,5,0.94,2,12,0.85,1,1,0,0,15,0.03,accurate_perception
STU_197,ENT_01965,17,0.79,33,71,0.11,1,1,1,0,49,0.29,focus_mismatch
STU_197,ENT_01966,9,0.8,26,42,0.47,0,1,1,0,26,0.18,context_mismatch
STU_197,ENT_01967,54,0.08,61,22,0.72,1,0,0,1,79,0.25,productivity_overestimation
STU_197,ENT_01968,23,0.73,39,43,0.46,0,0,0,0,59,0.24,context_mismatch
STU_197,ENT_01969,22,0.6,18,28,0.65,1,1,0,1,21,0.73,stress_underestimation
STU_197,ENT_01970,88,0.09,40,20,0.75,1,0,1,0,46,0.4,productivity_overestimation
STU_198,ENT_01971,34,0.63,10,25,0.69,1,0,0,1,10,0.5,focus_mismatch
STU_198,ENT_01972,12,0.85,17,39,0.51,0,0,1,1,33,0.0,context_mismatch
STU_198,ENT_01973,59,0.54,10,40,0.5,1,0,0,1,12,0.93,stress_underestimation
STU_198,ENT_01974,57,0.55,16,30,0.62,1,1,0,1,33,0.87,stress_underestimation
STU_198,ENT_01975,32,0.69,20,38,0.53,1,1,0,1,22,0.95,stress_underestimation
STU_198,ENT_01976,52,0.63,26,60,0.25,1,0,1,0,45,0.11,focus_mismatch
STU_198,ENT_01977,96,0.09,76,26,0.68,1,0,0,0,78,0.38,productivity_overestimation
STU_198,ENT_01978,26,0.73,47,68,0.15,1,1,1,0,51,0.22,focus_mismatch
STU_198,ENT_01979,64,0.52,12,10,0.88,0,1,0,0,19,0.13,context_mismatch
STU_198,ENT_01980,6,0.93,9,10,0.88,1,1,1,0,17,0.12,accurate_perception
STU_199,ENT_01981,67,0.21,86,37,0.54,1,0,0,0,103,0.32,productivity_overestimation
STU_199,ENT_01982,94,0.2,89,58,0.28,1,0,0,1,93,0.39,productivity_overestimation
STU_199,ENT_01983,13,0.84,10,10,0.88,1,1,1,0,24,0.18,accurate_perception
STU_199,ENT_01984,77,0.47,21,24,0.7,0,1,0,0,23,0.0,context_mismatch
STU_199,ENT_01985,15,0.64,28,80,0,1,1,0,0,48,0.43,focus_mismatch
STU_199,ENT_01986,40,0.64,28,70,0.12,1,0,1,0,47,0.12,focus_mismatch
STU_199,ENT_01987,21,0.43,17,45,0.44,0,0,1,0,19,0.03,context_mismatch
STU_199,ENT_01988,51,0.59,27,72,0.1,1,1,0,0,27,0.13,focus_mismatch
STU_199,ENT_01989,14,0.78,49,72,0.1,1,1,1,0,57,0.18,focus_mismatch
STU_199,ENT_01990,2,0.98,13,16,0.8,1,1,1,0,33,0.2,accurate_perception
STU_200,ENT_01991,47,0.65,36,45,0.44,1,1,0,0,56,0.35,focus_mismatch
STU_200,ENT_01992,54,0.56,12,36,0.55,0,1,0,0,17,0.21,context_mismatch
STU_200,ENT_01993,8,0.94,12,7,0.91,1,1,0,0,12,0.09,accurate_perception
STU_200,ENT_01994,93,0.33,90,45,0.44,1,0,1,0,98,0.34,productivity_overestimation
STU_200,ENT_01995,53,0.64,24,32,0.6,1,1,1,1,38,0.63,stress_underestimation
STU_200,ENT_01996,13,0.89,13,3,0.96,1,1,0,0,16,0.19,accurate_perception
STU_200,ENT_01997,45,0.34,45,28,0.65,1,0,1,1,51,0.35,productivity_overestimation
STU_200,ENT_01998,12,0.83,12,19,0.76,1,1,1,1,20,0.69,stress_underestimation
STU_200,ENT_01999,31,0.75,22,11,0.86,0,1,1,0,24,0.26,context_mismatch
STU_200,ENT_02000,13,0.69,26,17,0.79,1,0,1,1,39,0.61,stress_underestimation
STU_201,ENT_02001,12,0.79,33,21,0.74,0,0,1,1,51,0.21,context_mismatch
STU_201,ENT_02002,2,0.98,11,2,0.97,1,1,1,0,14,0.17,accurate_perception
STU_201,ENT_02003,3,0.94,2,10,0.88,1,1,1,0,7,0.16,accurate_perception
STU_201,ENT_02004,2,0.94,13,18,0.78,1,1,1,0,20,0.0,accurate_perception
STU_201,ENT_02005,20,0.52,11,20,0.75,1,0,1,1,28,0.77,stress_underestimation
STU_201,ENT_02006,24,0.78,40,16,0.8,1,0,0,1,55,0.63,stress_underestimation
STU_201,ENT_02007,4,0.93,13,16,0.8,1,1,1,0,16,0.01,accurate_perception
STU_201,ENT_02008,22,0.83,33,13,0.84,0,1,0,0,42,0.23,context_mismatch
STU_201,ENT_02009,75,0.32,37,60,0.25,1,0,1,0,51,0.08,productivity_overestimation
STU_201,ENT_02010,49,0.33,63,55,0.31,1,0,0,1,63,0.21,productivity_overestimation
STU_202,ENT_02011,104,0.19,36,46,0.43,1,0,0,1,52,0.01,productivity_overestimation
STU_202,ENT_02012,96,0.11,86,58,0.28,1,0,0,1,101,0.1,productivity_overestimation
STU_202,ENT_02013,17,0.83,3,15,0.81,1,1,1,0,3,0.18,accurate_perception
STU_202,ENT_02014,53,0.2,32,52,0.35,1,0,1,0,40,0.07,productivity_overestimation
STU_202,ENT_02015,7,0.9,5,7,0.91,1,1,0,0,8,0.19,accurate_perception
STU_202,ENT_02016,8,0.76,21,32,0.6,1,1,1,1,36,0.68,stress_underestimation
STU_202,ENT_02017,30,0.74,28,22,0.72,1,1,0,1,32,0.84,stress_underestimation
STU_202,ENT_02018,8,0.78,12,27,0.66,1,0,1,1,18,0.92,stress_underestimation
STU_202,ENT_02019,14,0.6,47,58,0.28,1,0,1,0,54,0.32,focus_mismatch
STU_202,ENT_02020,58,0.12,49,20,0.75,1,0,1,0,68,0.3,productivity_overestimation
STU_203,ENT_02021,17,0.56,36,51,0.36,1,0,1,0,47,0.23,focus_mismatch
STU_203,ENT_02022,100,0.17,44,35,0.56,1,0,1,1,61,0.09,productivity_overestimation
STU_203,ENT_02023,14,0.53,23,41,0.49,0,1,0,0,41,0.2,context_mismatch
STU_203,ENT_02024,40,0.71,48,65,0.19,1,0,1,0,50,0.15,focus_mismatch
STU_203,ENT_02025,113,0.23,61,56,0.3,1,0,0,0,69,0.14,productivity_overestimation
STU_203,ENT_02026,29,0.79,30,74,0.07,1,0,0,0,30,0.36,focus_mismatch
STU_203,ENT_02027,53,0.59,24,39,0.51,0,0,1,0,38,0.14,context_mismatch
STU_203,ENT_02028,38,0.57,34,26,0.68,0,1,1,1,41,0.4,context_mismatch
STU_203,ENT_02029,15,0.88,0,9,0.89,1,1,0,0,14,0.16,accurate_perception
STU_203,ENT_02030,10,0.74,26,69,0.14,1,0,1,0,36,0.3,focus_mismatch
STU_204,ENT_02031,25,0.8,27,21,0.74,0,1,1,0,40,0.18,context_mismatch
STU_204,ENT_02032,28,0.1,85,24,0.7,1,0,1,0,91,0.38,productivity_overestimation
STU_204,ENT_02033,124,0.16,43,28,0.65,1,0,1,1,58,0.29,productivity_overestimation
STU_204,ENT_02034,24,0.71,37,78,0.03,1,0,0,0,47,0.16,focus_mismatch
STU_204,ENT_02035,76,0.41,40,43,0.46,0,0,0,0,53,0.08,context_mismatch
STU_204,ENT_02036,70,0.52,20,10,0.88,0,0,1,1,30,0.26,context_mismatch
STU_204,ENT_02037,14,0.62,15,23,0.71,1,1,1,1,15,0.76,stress_underestimation
STU_204,ENT_02038,105,0.19,77,45,0.44,1,0,0,0,83,0.18,productivity_overestimation
STU_204,ENT_02039,19,0.84,14,4,0.95,1,1,0,0,34,0.17,accurate_perception
STU_204,ENT_02040,37,0.56,19,39,0.51,1,0,1,1,30,0.9,stress_underestimation
STU_205,ENT_02041,24,0.62,30,68,0.15,1,0,1,0,48,0.39,focus_mismatch
STU_205,ENT_02042,55,0.6,55,71,0.11,1,0,0,0,63,0.13,focus_mismatch
STU_205,ENT_02043,28,0.65,24,14,0.82,0,1,0,0,26,0.37,context_mismatch
STU_205,ENT_02044,40,0.26,48,22,0.72,1,0,0,0,61,0.08,productivity_overestimation
STU_205,ENT_02045,26,0.51,37,17,0.79,0,1,1,0,51,0.23,context_mismatch
STU_205,ENT_02046,10,0.83,48,47,0.41,1,1,0,0,58,0.36,focus_mismatch
STU_205,ENT_02047,13,0.74,29,59,0.26,1,1,1,0,44,0.35,focus_mismatch
STU_205,ENT_02048,20,0.86,9,3,0.96,1,1,0,0,27,0.19,accurate_perception
STU_205,ENT_02049,4,0.89,5,12,0.85,1,1,1,0,10,0.09,accurate_perception
STU_205,ENT_02050,33,0.51,10,33,0.59,0,1,0,1,27,0.0,context_mismatch
STU_206,ENT_02051,6,0.96,5,2,0.97,1,1,1,0,5,0.01,accurate_perception
STU_206,ENT_02052,22,0.85,11,4,0.95,1,1,0,0,20,0.16,accurate_perception
STU_206,ENT_02053,18,0.7,28,16,0.8,1,0,1,1,39,0.9,stress_underestimation
STU_206,ENT_02054,30,0.51,11,14,0.82,0,0,0,0,21,0.36,context_mismatch
STU_206,ENT_02055,5,0.86,7,3,0.96,1,1,0,0,25,0.17,accurate_perception
STU_206,ENT_02056,39,0.61,49,57,0.29,1,0,1,0,54,0.17,focus_mismatch
STU_206,ENT_02057,33,0.46,10,44,0.45,0,1,0,1,27,0.3,context_mismatch
STU_206,ENT_02058,10,0.83,14,3,0.96,1,1,1,0,33,0.16,accurate_perception
STU_206,ENT_02059,61,0.58,55,60,0.25,1,1,0,0,57,0.24,focus_mismatch
STU_206,ENT_02060,47,0.32,41,44,0.45,1,0,1,1,59,0.26,productivity_overestimation
STU_207,ENT_02061,45,0.48,12,38,0.53,0,0,0,0,19,0.19,context_mismatch
STU_207,ENT_02062,19,0.59,45,77,0.04,1,1,1,0,48,0.19,focus_mismatch
STU_207,ENT_02063,10,0.79,10,22,0.72,1,0,1,1,27,0.77,stress_underestimation
STU_207,ENT_02064,28,0.6,27,51,0.36,1,1,1,0,37,0.34,focus_mismatch
STU_207,ENT_02065,11,0.84,9,5,0.94,1,1,0,0,10,0.05,accurate_perception
STU_207,ENT_02066,75,0.13,38,58,0.28,1,0,1,1,46,0.28,productivity_overestimation
STU_207,ENT_02067,18,0.63,47,65,0.19,1,0,0,0,47,0.31,focus_mismatch
STU_207,ENT_02068,75,0.24,42,56,0.3,1,0,0,0,47,0.35,productivity_overestimation
STU_207,ENT_02069,77,0.24,40,23,0.71,1,0,0,1,57,0.19,productivity_overestimation
STU_207,ENT_02070,21,0.75,33,32,0.6,0,0,1,1,43,0.22,context_mismatch
STU_208,ENT_02071,53,0.56,26,38,0.53,1,1,0,1,44,0.72,stress_underestimation
STU_208,ENT_02072,24,0.68,33,30,0.62,0,1,0,0,45,0.31,context_mismatch
STU_208,ENT_02073,8,0.84,11,7,0.91,1,1,1,0,31,0.15,accurate_perception
STU_208,ENT_02074,36,0.71,43,57,0.29,1,1,1,0,63,0.41,context_mismatch
STU_208,ENT_02075,10,0.92,0,7,0.91,1,1,1,0,19,0.16,accurate_perception
STU_208,ENT_02076,34,0.59,18,10,0.88,0,1,1,0,29,0.39,context_mismatch
STU_208,ENT_02077,9,0.83,2,9,0.89,1,1,1,0,4,0.01,accurate_perception
STU_208,ENT_02078,32,0.48,19,20,0.75,0,1,0,0,37,0.03,context_mismatch
STU_208,ENT_02079,24,0.83,4,18,0.78,1,1,0,0,5,0.09,accurate_perception
STU_208,ENT_02080,61,0.06,85,47,0.41,1,0,1,0,91,0.16,productivity_overestimation
STU_209,ENT_02081,43,0.64,30,74,0.07,1,0,0,0,32,0.19,focus_mismatch
STU_209,ENT_02082,36,0.57,38,42,0.47,1,0,0,1,58,0.55,stress_underestimation
STU_209,ENT_02083,51,0.53,32,22,0.72,0,0,0,0,41,0.14,context_mismatch
STU_209,ENT_02084,8,0.94,11,14,0.82,1,1,0,0,24,0.1,accurate_perception
STU_209,ENT_02085,9,0.93,1,7,0.91,1,1,0,0,14,0.16,accurate_perception
STU_209,ENT_02086,32,0.64,12,11,0.86,0,1,1,1,18,0.25,context_mismatch
STU_209,ENT_02087,17,0.86,8,11,0.86,1,1,0,0,10,0.15,accurate_perception
STU_209,ENT_02088,23,0.55,26,22,0.72,0,1,1,1,44,0.1,context_mismatch
STU_209,ENT_02089,4,0.87,12,9,0.89,1,1,1,0,16,0.17,accurate_perception
STU_209,ENT_02090,9,0.91,2,10,0.88,1,1,1,0,2,0.13,accurate_perception
STU_210,ENT_02091,51,0.14,41,37,0.54,1,0,1,0,49,0.16,productivity_overestimation
STU_210,ENT_02092,121,0.06,60,34,0.57,1,0,0,0,73,0.1,stress_underestimation
STU_210,ENT_02093,55,0.6,26,29,0.64,1,1,1,1,27,0.6,stress_underestimation
STU_210,ENT_02094,1,0.99,13,13,0.84,1,1,1,0,26,0.05,accurate_perception
STU_210,ENT_02095,16,0.65,35,44,0.45,1,0,1,1,37,0.8,stress_underestimation
STU_210,ENT_02096,121,0.1,89,50,0.38,1,0,0,0,92,0.23,focus_mismatch
STU_210,ENT_02097,15,0.78,10,34,0.57,0,1,1,0,23,0.15,accurate_perception
STU_210,ENT_02098,21,0.64,17,31,0.61,1,0,1,1,37,0.68,stress_underestimation
STU_210,ENT_02099,2,0.96,4,5,0.94,1,1,1,0,9,0.04,accurate_perception
STU_210,ENT_02100,38,0.73,39,77,0.04,1,1,1,0,55,0.22,focus_mismatch
STU_211,ENT_02101,84,0.28,56,56,0.3,1,0,0,0,61,0.12,productivity_overestimation
STU_211,ENT_02102,58,0.51,20,42,0.47,1,1,1,1,40,0.88,stress_underestimation
STU_211,ENT_02103,8,0.83,2,15,0.81,1,1,0,0,14,0.11,accurate_perception
STU_211,ENT_02104,2,0.98,12,4,0.95,1,1,1,0,30,0.15,accurate_perception
STU_211,ENT_02105,19,0.84,49,56,0.3,1,0,0,0,67,0.34,focus_mismatch
STU_211,ENT_02106,16,0.89,6,12,0.85,1,1,0,0,13,0.15,accurate_perception
STU_211,ENT_02107,19,0.78,29,24,0.7,1,1,0,1,38,0.68,stress_underestimation
STU_211,ENT_02108,26,0.54,17,39,0.51,1,1,0,1,37,0.81,stress_underestimation
STU_211,ENT_02109,2,0.94,14,15,0.81,1,1,1,0,26,0.01,accurate_perception
STU_211,ENT_02110,14,0.63,26,34,0.57,1,0,1,1,42,0.6,stress_underestimation
STU_212,ENT_02111,17,0.74,37,40,0.5,1,0,0,1,40,0.83,stress_underestimation
STU_212,ENT_02112,32,0.66,46,62,0.22,1,0,0,0,56,0.34,focus_mismatch
STU_212,ENT_02113,73,0.25,86,36,0.55,1,0,0,0,106,0.36,productivity_overestimation
STU_212,ENT_02114,11,0.85,4,3,0.96,1,1,1,0,13,0.08,accurate_perception
STU_212,ENT_02115,1,0.98,14,4,0.95,1,1,0,0,18,0.03,accurate_perception
STU_212,ENT_02116,23,0.78,51,64,0.2,1,1,0,0,51,0.36,focus_mismatch
STU_212,ENT_02117,29,0.09,70,49,0.39,1,0,1,1,83,0.04,productivity_overestimation
STU_212,ENT_02118,16,0.81,52,69,0.14,1,0,0,0,67,0.16,focus_mismatch
STU_212,ENT_02119,1,0.98,3,9,0.89,1,1,0,0,23,0.09,accurate_perception
STU_212,ENT_02120,9,0.83,33,61,0.24,1,1,1,0,52,0.18,focus_mismatch
STU_213,ENT_02121,10,0.91,0,17,0.79,1,1,1,0,0,0.02,accurate_perception
STU_213,ENT_02122,17,0.75,31,68,0.15,1,1,0,0,49,0.31,focus_mismatch
STU_213,ENT_02123,20,0.86,8,7,0.91,1,1,0,0,20,0.11,accurate_perception
STU_213,ENT_02124,40,0.73,10,29,0.64,1,0,0,1,20,0.61,stress_underestimation
STU_213,ENT_02125,44,0.65,33,72,0.1,1,0,1,0,47,0.34,focus_mismatch
STU_213,ENT_02126,24,0.81,51,62,0.22,1,0,0,0,69,0.14,focus_mismatch
STU_213,ENT_02127,26,0.72,14,36,0.55,0,0,1,0,15,0.09,context_mismatch
STU_213,ENT_02128,123,0.08,67,43,0.46,1,0,1,1,82,0.23,productivity_overestimation
STU_213,ENT_02129,60,0.57,30,61,0.24,1,1,0,0,43,0.16,focus_mismatch
STU_213,ENT_02130,0,1.0,5,15,0.81,1,1,1,0,16,0.04,accurate_perception
STU_214,ENT_02131,24,0.77,32,80,0,1,0,0,0,49,0.21,focus_mismatch
STU_214,ENT_02132,44,0.69,36,56,0.3,1,1,1,0,39,0.1,focus_mismatch
STU_214,ENT_02133,3,0.97,10,5,0.94,1,1,1,0,26,0.04,accurate_perception
STU_214,ENT_02134,105,0.17,30,21,0.74,1,0,0,0,31,0.12,productivity_overestimation
STU_214,ENT_02135,32,0.72,40,38,0.53,1,0,1,1,47,0.83,stress_underestimation
STU_214,ENT_02136,77,0.45,26,23,0.71,0,1,0,0,46,0.06,context_mismatch
STU_214,ENT_02137,3,0.97,9,14,0.82,1,1,1,0,13,0.03,accurate_perception
STU_214,ENT_02138,16,0.48,36,31,0.61,0,0,0,0,51,0.23,context_mismatch
STU_214,ENT_02139,34,0.6,29,43,0.46,1,1,0,1,47,0.91,stress_underestimation
STU_214,ENT_02140,27,0.8,27,27,0.66,1,0,0,1,38,0.54,stress_underestimation
STU_215,ENT_02141,2,0.99,10,15,0.81,1,1,1,0,14,0.2,accurate_perception
STU_215,ENT_02142,51,0.55,50,60,0.25,1,1,1,0,53,0.27,focus_mismatch
STU_215,ENT_02143,27,0.61,37,30,0.62,0,1,0,0,52,0.01,context_mismatch
STU_215,ENT_02144,9,0.84,17,16,0.8,1,1,0,1,22,0.84,stress_underestimation
STU_215,ENT_02145,15,0.69,16,21,0.74,1,1,0,1,21,0.59,stress_underestimation
STU_215,ENT_02146,51,0.63,49,45,0.44,1,1,1,0,49,0.27,focus_mismatch
STU_215,ENT_02147,84,0.14,89,24,0.7,1,0,0,0,104,0.28,productivity_overestimation
STU_215,ENT_02148,11,0.72,32,44,0.45,1,1,0,1,39,0.72,stress_underestimation
STU_215,ENT_02149,18,0.65,33,57,0.29,1,0,1,0,35,0.31,focus_mismatch
STU_215,ENT_02150,55,0.27,50,26,0.68,1,0,1,1,69,0.1,productivity_overestimation
STU_216,ENT_02151,44,0.42,36,41,0.49,0,1,0,0,36,0.02,context_mismatch
STU_216,ENT_02152,51,0.65,28,64,0.2,1,1,0,0,35,0.44,focus_mismatch
STU_216,ENT_02153,28,0.78,31,15,0.81,1,0,0,1,36,0.67,stress_underestimation
STU_216,ENT_02154,22,0.82,27,32,0.6,1,1,0,1,47,0.93,stress_underestimation
STU_216,ENT_02155,22,0.82,10,14,0.82,1,1,1,0,20,0.03,accurate_perception
STU_216,ENT_02156,74,0.49,33,23,0.71,0,0,1,0,37,0.29,context_mismatch
STU_216,ENT_02157,4,0.97,1,18,0.78,1,1,1,0,14,0.15,accurate_perception
STU_216,ENT_02158,46,0.51,11,20,0.75,1,0,1,1,13,0.81,stress_underestimation
STU_216,ENT_02159,52,0.57,46,57,0.29,1,0,1,0,58,0.38,focus_mismatch
STU_216,ENT_02160,61,0.15,45,45,0.44,1,0,1,0,48,0.26,productivity_overestimation
STU_217,ENT_02161,5,0.94,4,7,0.91,1,1,1,0,11,0.0,accurate_perception
STU_217,ENT_02162,36,0.6,18,37,0.54,1,1,1,1,19,0.83,stress_underestimation
STU_217,ENT_02163,21,0.82,39,50,0.38,1,0,0,0,41,0.2,focus_mismatch
STU_217,ENT_02164,42,0.59,35,41,0.49,0,1,0,0,48,0.05,context_mismatch
STU_217,ENT_02165,26,0.63,14,15,0.81,1,1,1,1,23,0.83,productivity_overestimation
STU_217,ENT_02166,16,0.83,37,78,0.03,1,0,1,0,38,0.22,focus_mismatch
STU_217,ENT_02167,21,0.4,14,12,0.85,0,0,0,1,22,0.25,context_mismatch
STU_217,ENT_02168,96,0.12,67,22,0.72,1,0,0,0,68,0.4,productivity_overestimation
STU_217,ENT_02169,30,0.5,20,23,0.71,1,0,0,1,34,0.59,stress_underestimation
STU_217,ENT_02170,93,0.09,55,31,0.61,1,0,1,0,72,0.02,productivity_overestimation
STU_218,ENT_02171,10,0.79,54,76,0.05,1,1,1,0,62,0.33,focus_mismatch
STU_218,ENT_02172,95,0.14,68,55,0.31,1,0,0,1,78,0.28,productivity_overestimation
STU_218,ENT_02173,6,0.85,11,14,0.82,1,1,0,0,27,0.13,accurate_perception
STU_218,ENT_02174,47,0.67,30,70,0.12,1,0,1,0,41,0.31,focus_mismatch
STU_218,ENT_02175,33,0.65,17,15,0.81,1,1,0,1,21,0.86,stress_underestimation
STU_218,ENT_02176,2,0.98,13,6,0.93,1,1,0,0,25,0.18,context_mismatch
STU_218,ENT_02177,28,0.63,21,17,0.79,1,0,0,1,35,0.5,stress_underestimation
STU_218,ENT_02178,26,0.79,23,25,0.69,1,0,0,1,41,0.74,context_mismatch
STU_218,ENT_02179,17,0.67,24,29,0.64,0,1,0,0,32,0.28,context_mismatch
STU_218,ENT_02180,12,0.84,28,39,0.51,0,0,1,0,31,0.29,context_mismatch
STU_219,ENT_02181,6,0.95,12,11,0.86,1,1,1,0,25,0.12,accurate_perception
STU_219,ENT_02182,17,0.88,8,17,0.79,1,1,0,0,25,0.13,accurate_perception
STU_219,ENT_02183,44,0.56,32,56,0.3,1,1,1,0,34,0.4,focus_mismatch
STU_219,ENT_02184,24,0.61,38,68,0.15,1,1,0,0,44,0.18,focus_mismatch
STU_219,ENT_02185,13,0.73,28,21,0.74,1,1,1,1,33,0.62,stress_underestimation
STU_219,ENT_02186,5,0.97,12,16,0.8,1,1,0,0,30,0.12,accurate_perception
STU_219,ENT_02187,4,0.94,7,7,0.91,1,1,1,0,17,0.14,accurate_perception
STU_219,ENT_02188,6,0.83,2,2,0.97,1,1,0,0,8,0.08,accurate_perception
STU_219,ENT_02189,19,0.86,15,11,0.86,1,1,1,0,34,0.13,accurate_perception
STU_219,ENT_02190,15,0.69,52,65,0.19,1,0,0,0,60,0.21,focus_mismatch
STU_220,ENT_02191,15,0.67,43,72,0.1,1,0,0,0,50,0.17,focus_mismatch
STU_220,ENT_02192,5,0.83,31,21,0.74,1,0,1,1,44,0.85,stress_underestimation
STU_220,ENT_02193,41,0.66,16,21,0.74,1,0,0,1,32,0.9,stress_underestimation
STU_220,ENT_02194,8,0.76,54,46,0.43,1,1,1,0,71,0.1,focus_mismatch
STU_220,ENT_02195,28,0.53,35,42,0.47,0,1,0,0,37,0.25,context_mismatch
STU_220,ENT_02196,15,0.56,18,30,0.62,1,0,1,1,31,0.79,stress_underestimation
STU_220,ENT_02197,52,0.59,28,33,0.59,0,0,0,0,28,0.33,context_mismatch
STU_220,ENT_02198,16,0.74,30,26,0.68,1,1,0,1,32,0.93,stress_underestimation
STU_220,ENT_02199,44,0.49,39,43,0.46,0,0,1,1,57,0.28,context_mismatch
STU_220,ENT_02200,96,0.23,46,24,0.7,1,0,1,1,65,0.01,productivity_overestimation
STU_221,ENT_02201,32,0.76,14,23,0.71,0,1,1,0,18,0.12,context_mismatch
STU_221,ENT_02202,24,0.59,30,51,0.36,1,0,1,0,33,0.33,focus_mismatch
STU_221,ENT_02203,62,0.06,41,24,0.7,1,0,1,1,46,0.17,productivity_overestimation
STU_221,ENT_02204,19,0.65,35,55,0.31,1,1,1,0,51,0.35,focus_mismatch
STU_221,ENT_02205,16,0.58,41,73,0.09,1,1,0,0,58,0.12,focus_mismatch
STU_221,ENT_02206,11,0.84,8,8,0.9,1,1,0,0,19,0.12,accurate_perception
STU_221,ENT_02207,21,0.76,26,25,0.69,1,1,1,1,34,0.7,stress_underestimation
STU_221,ENT_02208,28,0.79,14,38,0.53,0,0,0,0,15,0.32,context_mismatch
STU_221,ENT_02209,31,0.16,30,28,0.65,1,0,0,0,41,0.17,productivity_overestimation
STU_221,ENT_02210,105,0.15,90,53,0.34,1,0,1,1,101,0.13,productivity_overestimation
STU_222,ENT_02211,8,0.89,0,2,0.97,1,1,0,0,16,0.01,accurate_perception
STU_222,ENT_02212,19,0.8,31,24,0.7,1,0,1,1,43,0.53,stress_underestimation
STU_222,ENT_02213,2,0.97,2,10,0.88,1,1,0,0,20,0.15,accurate_perception
STU_222,ENT_02214,34,0.77,26,22,0.72,0,1,0,1,26,0.4,context_mismatch
STU_222,ENT_02215,14,0.76,25,73,0.09,1,0,1,0,26,0.24,focus_mismatch
STU_222,ENT_02216,26,0.62,26,71,0.11,1,0,1,0,36,0.12,focus_mismatch
STU_222,ENT_02217,28,0.72,18,42,0.47,1,0,0,1,36,0.62,stress_underestimation
STU_222,ENT_02218,3,0.97,4,17,0.79,1,1,1,0,14,0.17,accurate_perception
STU_222,ENT_02219,33,0.67,10,43,0.46,0,1,0,0,24,0.37,context_mismatch
STU_222,ENT_02220,41,0.67,28,15,0.81,1,1,1,1,35,0.79,stress_underestimation
STU_223,ENT_02221,8,0.93,4,3,0.96,1,1,1,0,17,0.13,focus_mismatch
STU_223,ENT_02222,10,0.84,39,32,0.6,0,0,0,0,58,0.21,context_mismatch
STU_223,ENT_02223,28,0.12,77,56,0.3,1,0,1,1,92,0.27,productivity_overestimation
STU_223,ENT_02224,78,0.08,34,39,0.51,1,0,1,1,50,0.3,productivity_overestimation
STU_223,ENT_02225,7,0.87,12,18,0.78,1,1,0,0,20,0.14,accurate_perception
STU_223,ENT_02226,2,0.98,11,2,0.97,1,1,0,0,23,0.14,accurate_perception
STU_223,ENT_02227,48,0.62,16,43,0.46,0,0,1,0,16,0.08,context_mismatch
STU_223,ENT_02228,14,0.74,36,50,0.38,1,0,0,0,52,0.44,focus_mismatch
STU_223,ENT_02229,59,0.55,14,39,0.51,1,1,1,1,32,0.87,stress_underestimation
STU_223,ENT_02230,73,0.33,38,35,0.56,1,0,0,1,45,0.29,productivity_overestimation
STU_224,ENT_02231,31,0.31,60,34,0.57,1,0,0,0,73,0.01,productivity_overestimation
STU_224,ENT_02232,12,0.81,50,62,0.22,1,1,1,0,68,0.44,focus_mismatch
STU_224,ENT_02233,8,0.87,2,8,0.9,1,1,1,0,19,0.2,accurate_perception
STU_224,ENT_02234,11,0.91,11,4,0.95,1,1,1,0,21,0.12,accurate_perception
STU_224,ENT_02235,24,0.35,54,60,0.25,1,0,1,0,71,0.16,productivity_overestimation
STU_224,ENT_02236,50,0.21,31,29,0.64,1,0,1,1,35,0.16,productivity_overestimation
STU_224,ENT_02237,23,0.72,29,36,0.55,1,0,0,1,31,0.88,stress_underestimation
STU_224,ENT_02238,101,0.24,63,54,0.32,1,0,0,1,66,0.34,productivity_overestimation
STU_224,ENT_02239,14,0.7,37,70,0.12,1,0,0,0,38,0.41,focus_mismatch
STU_224,ENT_02240,25,0.46,29,45,0.44,0,0,0,0,45,0.11,context_mismatch
STU_225,ENT_02241,112,0.19,45,22,0.72,1,0,1,1,60,0.02,productivity_overestimation
STU_225,ENT_02242,41,0.57,32,26,0.68,1,1,0,1,46,0.86,stress_underestimation
STU_225,ENT_02243,16,0.62,11,35,0.56,1,1,0,1,12,0.8,stress_underestimation
STU_225,ENT_02244,7,0.94,8,9,0.89,1,1,1,0,16,0.14,accurate_perception
STU_225,ENT_02245,39,0.43,19,14,0.82,0,1,0,0,22,0.26,context_mismatch
STU_225,ENT_02246,76,0.49,24,44,0.45,0,0,1,0,36,0.25,context_mismatch
STU_225,ENT_02247,100,0.22,86,48,0.4,1,0,0,1,103,0.25,context_mismatch
STU_225,ENT_02248,17,0.71,23,26,0.68,1,1,1,1,38,0.69,stress_underestimation
STU_225,ENT_02249,7,0.9,9,15,0.81,1,1,0,0,11,0.16,accurate_perception
STU_225,ENT_02250,7,0.95,6,18,0.78,1,1,1,0,17,0.17,accurate_perception
STU_226,ENT_02251,26,0.72,31,19,0.76,0,1,0,0,43,0.04,context_mismatch
STU_226,ENT_02252,27,0.79,27,25,0.69,1,1,0,1,47,0.8,stress_underestimation
STU_226,ENT_02253,58,0.57,12,33,0.59,0,1,0,1,29,0.3,context_mismatch
STU_226,ENT_02254,15,0.82,19,24,0.7,1,1,0,1,31,0.82,stress_underestimation
STU_226,ENT_02255,14,0.69,18,41,0.49,0,0,1,0,18,0.03,context_mismatch
STU_226,ENT_02256,21,0.58,27,80,0,1,1,0,0,30,0.41,focus_mismatch
STU_226,ENT_02257,54,0.57,32,13,0.84,0,1,1,1,47,0.08,context_mismatch
STU_226,ENT_02258,3,0.95,12,6,0.93,1,1,0,0,32,0.06,accurate_perception
STU_226,ENT_02259,19,0.65,30,42,0.47,1,1,0,1,50,0.51,stress_underestimation
STU_226,ENT_02260,47,0.61,39,69,0.14,1,1,0,0,51,0.14,focus_mismatch
STU_227,ENT_02261,53,0.35,88,45,0.44,1,0,0,0,89,0.11,productivity_overestimation
STU_227,ENT_02262,22,0.84,44,62,0.22,1,0,0,0,50,0.13,focus_mismatch
STU_227,ENT_02263,64,0.24,36,21,0.74,1,0,1,1,55,0.35,context_mismatch
STU_227,ENT_02264,52,0.53,16,20,0.75,0,0,1,0,25,0.03,context_mismatch
STU_227,ENT_02265,34,0.77,13,13,0.84,0,1,1,0,17,0.2,context_mismatch
STU_227,ENT_02266,29,0.24,70,59,0.26,1,0,1,1,75,0.14,productivity_overestimation
STU_227,ENT_02267,38,0.59,19,17,0.79,1,0,1,1,36,0.6,stress_underestimation
STU_227,ENT_02268,13,0.75,36,21,0.74,1,1,1,1,44,0.92,stress_underestimation
STU_227,ENT_02269,64,0.21,30,56,0.3,1,0,0,1,37,0.19,productivity_overestimation
STU_227,ENT_02270,10,0.74,21,15,0.81,0,1,1,0,27,0.23,context_mismatch
STU_228,ENT_02271,4,0.9,6,12,0.85,1,1,1,0,6,0.01,accurate_perception
STU_228,ENT_02272,32,0.69,13,37,0.54,0,0,0,0,24,0.28,context_mismatch
STU_228,ENT_02273,6,0.84,2,8,0.9,1,1,1,0,4,0.06,accurate_perception
STU_228,ENT_02274,78,0.08,61,20,0.75,1,0,1,0,64,0.22,stress_underestimation
STU_228,ENT_02275,94,0.15,83,49,0.39,1,0,1,0,100,0.16,productivity_overestimation
STU_228,ENT_02276,2,0.93,2,9,0.89,1,1,1,0,10,0.07,accurate_perception
STU_228,ENT_02277,18,0.86,5,3,0.96,1,1,1,0,18,0.19,accurate_perception
STU_228,ENT_02278,55,0.51,39,25,0.69,1,0,1,1,42,0.63,stress_underestimation
STU_228,ENT_02279,23,0.82,2,12,0.85,1,1,1,0,20,0.05,accurate_perception
STU_228,ENT_02280,4,0.88,4,18,0.78,1,1,1,0,8,0.03,accurate_perception
STU_229,ENT_02281,9,0.74,46,56,0.3,1,0,0,0,58,0.12,focus_mismatch
STU_229,ENT_02282,5,0.85,8,8,0.9,1,1,0,0,14,0.11,accurate_perception
STU_229,ENT_02283,4,0.9,6,5,0.94,1,1,0,0,25,0.03,accurate_perception
STU_229,ENT_02284,52,0.62,41,56,0.3,1,1,1,0,50,0.2,focus_mismatch
STU_229,ENT_02285,27,0.68,16,28,0.65,1,1,0,1,34,0.84,stress_underestimation
STU_229,ENT_02286,49,0.2,47,35,0.56,1,0,1,1,62,0.07,productivity_overestimation
STU_229,ENT_02287,67,0.11,55,44,0.45,1,0,0,1,73,0.33,productivity_overestimation
STU_229,ENT_02288,54,0.16,85,35,0.56,1,0,1,0,98,0.25,productivity_overestimation
STU_229,ENT_02289,18,0.58,15,33,0.59,0,1,1,0,23,0.31,context_mismatch
STU_229,ENT_02290,68,0.15,67,55,0.31,1,0,1,1,87,0.05,productivity_overestimation
STU_230,ENT_02291,93,0.1,86,32,0.6,1,0,1,1,104,0.2,productivity_overestimation
STU_230,ENT_02292,17,0.6,40,36,0.55,0,0,0,1,47,0.25,context_mismatch
STU_230,ENT_02293,20,0.65,32,72,0.1,1,0,1,0,35,0.24,focus_mismatch
STU_230,ENT_02294,13,0.87,13,4,0.95,1,1,1,0,20,0.02,accurate_perception
STU_230,ENT_02295,8,0.91,14,8,0.9,1,1,1,0,21,0.02,context_mismatch
STU_230,ENT_02296,14,0.84,3,2,0.97,1,1,0,0,22,0.05,accurate_perception
STU_230,ENT_02297,37,0.59,43,62,0.22,1,0,0,0,46,0.14,focus_mismatch
STU_230,ENT_02298,28,0.65,20,20,0.75,1,1,1,1,40,0.84,stress_underestimation
STU_230,ENT_02299,59,0.57,16,41,0.49,1,0,1,1,34,0.56,stress_underestimation
STU_230,ENT_02300,38,0.64,18,33,0.59,1,0,1,1,38,0.55,stress_underestimation
STU_231,ENT_02301,82,0.44,24,36,0.55,0,0,1,0,41,0.27,context_mismatch
STU_231,ENT_02302,12,0.83,15,16,0.8,0,1,0,1,27,0.01,context_mismatch
STU_231,ENT_02303,57,0.07,42,25,0.69,1,0,1,0,50,0.09,productivity_overestimation
STU_231,ENT_02304,63,0.57,18,36,0.55,1,0,1,1,36,0.52,stress_underestimation
STU_231,ENT_02305,25,0.79,29,41,0.49,0,0,0,0,37,0.03,context_mismatch
STU_231,ENT_02306,3,0.93,0,4,0.95,1,1,0,0,9,0.01,accurate_perception
STU_231,ENT_02307,12,0.92,13,15,0.81,1,1,0,0,25,0.19,accurate_perception
STU_231,ENT_02308,10,0.71,19,22,0.72,1,0,0,1,25,0.93,stress_underestimation
STU_231,ENT_02309,59,0.59,11,19,0.76,1,0,1,1,24,0.59,stress_underestimation
STU_231,ENT_02310,17,0.83,31,51,0.36,1,1,0,0,41,0.12,focus_mismatch
STU_232,ENT_02311,17,0.6,50,53,0.34,1,0,0,0,59,0.3,focus_mismatch
STU_232,ENT_02312,13,0.9,5,2,0.97,1,1,0,0,21,0.19,accurate_perception
STU_232,ENT_02313,3,0.97,9,16,0.8,1,1,0,0,24,0.06,accurate_perception
STU_232,ENT_02314,13,0.67,21,31,0.61,1,1,0,1,34,0.63,stress_underestimation
STU_232,ENT_02315,12,0.69,29,29,0.64,0,0,0,1,32,0.39,context_mismatch
STU_232,ENT_02316,9,0.86,2,3,0.96,1,1,0,0,4,0.14,accurate_perception
STU_232,ENT_02317,23,0.6,22,21,0.74,0,0,1,0,33,0.22,context_mismatch
STU_232,ENT_02318,1,0.99,4,2,0.97,1,1,1,0,13,0.13,accurate_perception
STU_232,ENT_02319,10,0.92,11,10,0.88,1,1,1,0,30,0.09,accurate_perception
STU_232,ENT_02320,45,0.56,43,51,0.36,1,1,0,0,54,0.25,focus_mismatch
STU_233,ENT_02321,117,0.2,84,29,0.64,1,0,1,0,86,0.18,productivity_overestimation
STU_233,ENT_02322,74,0.06,85,44,0.45,1,0,1,0,86,0.19,productivity_overestimation
STU_233,ENT_02323,53,0.62,41,69,0.14,1,1,1,0,49,0.4,focus_mismatch
STU_233,ENT_02324,43,0.5,36,35,0.56,1,1,0,1,37,0.74,stress_underestimation
STU_233,ENT_02325,59,0.55,23,30,0.62,1,0,1,1,26,0.73,stress_underestimation
STU_233,ENT_02326,63,0.55,15,19,0.76,1,0,0,1,15,0.57,stress_underestimation
STU_233,ENT_02327,40,0.56,11,29,0.64,0,0,0,0,28,0.04,context_mismatch
STU_233,ENT_02328,23,0.79,54,52,0.35,1,0,0,0,54,0.22,focus_mismatch
STU_233,ENT_02329,23,0.82,15,19,0.76,0,0,1,0,28,0.32,context_mismatch
STU_233,ENT_02330,34,0.69,29,16,0.8,1,1,1,1,33,0.61,stress_underestimation
STU_234,ENT_02331,13,0.59,54,63,0.21,1,1,0,0,56,0.18,focus_mismatch
STU_234,ENT_02332,58,0.59,27,30,0.62,1,1,0,1,47,0.63,stress_underestimation
STU_234,ENT_02333,5,0.85,15,13,0.84,1,1,0,0,32,0.2,accurate_perception
STU_234,ENT_02334,10,0.7,31,18,0.78,1,0,0,1,50,0.6,stress_underestimation
STU_234,ENT_02335,100,0.17,30,56,0.3,1,0,0,1,47,0.33,productivity_overestimation
STU_234,ENT_02336,27,0.64,42,46,0.43,1,1,1,0,42,0.17,focus_mismatch
STU_234,ENT_02337,37,0.65,41,54,0.32,1,1,0,0,43,0.11,focus_mismatch
STU_234,ENT_02338,31,0.61,21,27,0.66,0,1,1,0,31,0.03,context_mismatch
STU_234,ENT_02339,7,0.92,1,11,0.86,1,1,0,0,8,0.03,accurate_perception
STU_234,ENT_02340,31,0.67,30,20,0.75,0,1,1,0,44,0.11,context_mismatch
STU_235,ENT_02341,17,0.82,42,45,0.44,1,1,0,0,49,0.34,focus_mismatch
STU_235,ENT_02342,87,0.4,18,12,0.85,0,0,0,0,27,0.28,context_mismatch
STU_235,ENT_02343,33,0.54,20,31,0.61,0,1,1,0,38,0.34,context_mismatch
STU_235,ENT_02344,9,0.89,8,7,0.91,1,1,1,0,22,0.03,context_mismatch
STU_235,ENT_02345,23,0.6,39,20,0.75,1,0,1,1,56,0.64,stress_underestimation
STU_235,ENT_02346,44,0.06,68,28,0.65,1,0,0,1,87,0.16,productivity_overestimation
STU_235,ENT_02347,13,0.85,4,6,0.93,1,1,1,0,6,0.01,accurate_perception
STU_235,ENT_02348,34,0.66,43,60,0.25,1,0,0,0,55,0.41,focus_mismatch
STU_235,ENT_02349,14,0.84,49,67,0.16,1,0,0,0,52,0.44,focus_mismatch
STU_235,ENT_02350,4,0.96,0,13,0.84,1,1,0,0,1,0.04,accurate_perception
STU_236,ENT_02351,87,0.24,53,33,0.59,1,0,0,0,68,0.2,productivity_overestimation
STU_236,ENT_02352,3,0.92,13,12,0.85,1,1,0,0,17,0.02,accurate_perception
STU_236,ENT_02353,42,0.42,21,33,0.59,0,1,1,0,39,0.29,context_mismatch
STU_236,ENT_02354,28,0.79,48,67,0.16,1,0,0,0,55,0.15,focus_mismatch
STU_236,ENT_02355,18,0.77,12,39,0.51,1,1,1,1,26,0.67,stress_underestimation
STU_236,ENT_02356,75,0.45,40,28,0.65,0,1,0,0,43,0.27,context_mismatch
STU_236,ENT_02357,95,0.17,51,47,0.41,1,0,1,0,66,0.14,productivity_overestimation
STU_236,ENT_02358,99,0.22,35,55,0.31,1,0,0,1,36,0.19,productivity_overestimation
STU_236,ENT_02359,16,0.59,13,36,0.55,1,1,0,1,27,0.78,stress_underestimation
STU_236,ENT_02360,100,0.09,37,51,0.36,1,0,1,1,39,0.23,productivity_overestimation
STU_237,ENT_02361,26,0.67,54,59,0.26,1,1,1,0,63,0.13,focus_mismatch
STU_237,ENT_02362,19,0.82,24,25,0.69,0,1,0,0,41,0.23,context_mismatch
STU_237,ENT_02363,20,0.83,8,6,0.93,1,1,0,0,27,0.09,accurate_perception
STU_237,ENT_02364,39,0.59,49,75,0.06,1,1,1,0,66,0.14,focus_mismatch
STU_237,ENT_02365,80,0.32,87,41,0.49,1,0,1,0,91,0.37,accurate_perception
STU_237,ENT_02366,31,0.76,32,20,0.75,0,1,0,0,45,0.12,context_mismatch
STU_237,ENT_02367,53,0.6,33,56,0.3,1,1,1,0,40,0.43,focus_mismatch
STU_237,ENT_02368,67,0.54,29,34,0.57,0,1,1,0,43,0.1,context_mismatch
STU_237,ENT_02369,74,0.3,75,38,0.53,1,0,0,1,75,0.33,productivity_overestimation
STU_237,ENT_02370,8,0.93,10,15,0.81,1,1,0,0,20,0.08,accurate_perception
STU_238,ENT_02371,11,0.77,53,73,0.09,1,1,0,0,58,0.35,focus_mismatch
STU_238,ENT_02372,17,0.71,18,21,0.74,1,1,0,1,36,0.53,stress_underestimation
STU_238,ENT_02373,34,0.6,34,57,0.29,1,1,1,0,34,0.26,focus_mismatch
STU_238,ENT_02374,30,0.59,52,52,0.35,1,1,1,0,53,0.34,focus_mismatch
STU_238,ENT_02375,22,0.61,34,19,0.76,0,0,0,0,38,0.18,context_mismatch
STU_238,ENT_02376,109,0.26,61,45,0.44,1,0,1,1,75,0.31,context_mismatch
STU_238,ENT_02377,19,0.77,26,40,0.5,1,1,0,1,28,0.5,stress_underestimation
STU_238,ENT_02378,24,0.83,38,16,0.8,1,1,0,1,42,0.91,stress_underestimation
STU_238,ENT_02379,15,0.76,37,28,0.65,1,1,0,1,37,0.76,stress_underestimation
STU_238,ENT_02380,4,0.96,6,4,0.95,1,1,1,0,16,0.08,accurate_perception
STU_239,ENT_02381,12,0.81,14,34,0.57,1,0,1,1,27,0.94,stress_underestimation
STU_239,ENT_02382,49,0.6,49,68,0.15,1,0,0,0,55,0.42,focus_mismatch
STU_239,ENT_02383,25,0.81,22,24,0.7,1,0,0,1,38,0.66,stress_underestimation
STU_239,ENT_02384,70,0.51,26,45,0.44,1,0,0,1,28,0.61,accurate_perception
STU_239,ENT_02385,13,0.8,12,31,0.61,0,0,1,0,32,0.08,context_mismatch
STU_239,ENT_02386,53,0.18,62,42,0.47,1,0,0,0,81,0.08,productivity_overestimation
STU_239,ENT_02387,14,0.67,51,76,0.05,1,1,1,0,52,0.29,focus_mismatch
STU_239,ENT_02388,33,0.78,13,36,0.55,1,1,0,1,30,0.74,stress_underestimation
STU_239,ENT_02389,51,0.09,89,53,0.34,1,0,0,1,105,0.17,productivity_overestimation
STU_239,ENT_02390,5,0.89,6,13,0.84,1,1,1,0,11,0.13,accurate_perception
STU_240,ENT_02391,32,0.64,31,79,0.01,1,1,1,0,42,0.17,focus_mismatch
STU_240,ENT_02392,28,0.26,53,54,0.32,1,0,1,0,60,0.15,productivity_overestimation
STU_240,ENT_02393,38,0.63,14,36,0.55,1,0,0,1,29,0.91,stress_underestimation
STU_240,ENT_02394,5,0.86,13,15,0.81,1,1,1,0,32,0.11,accurate_perception
STU_240,ENT_02395,6,0.8,31,66,0.18,1,0,0,0,45,0.42,focus_mismatch
STU_240,ENT_02396,72,0.43,35,33,0.59,0,0,0,0,51,0.13,context_mismatch
STU_240,ENT_02397,53,0.22,90,32,0.6,1,0,0,0,108,0.21,productivity_overestimation
STU_240,ENT_02398,10,0.78,42,59,0.26,1,0,0,0,57,0.43,focus_mismatch
STU_240,ENT_02399,34,0.77,14,24,0.7,1,1,0,1,29,0.81,stress_underestimation
STU_240,ENT_02400,84,0.43,39,38,0.53,0,0,0,0,43,0.03,context_mismatch
STU_241,ENT_02401,6,0.91,11,3,0.96,1,1,1,0,26,0.15,accurate_perception
STU_241,ENT_02402,33,0.72,35,44,0.45,1,1,1,1,53,0.81,stress_underestimation
STU_241,ENT_02403,18,0.58,23,39,0.51,0,1,1,0,35,0.24,context_mismatch
STU_241,ENT_02404,4,0.93,4,13,0.84,1,1,1,0,13,0.03,accurate_perception
STU_241,ENT_02405,46,0.6,40,22,0.72,0,0,1,0,58,0.34,productivity_overestimation
STU_241,ENT_02406,21,0.66,40,63,0.21,1,0,0,0,43,0.25,focus_mismatch
STU_241,ENT_02407,22,0.83,33,16,0.8,1,0,0,1,37,0.53,stress_underestimation
STU_241,ENT_02408,26,0.21,72,33,0.59,1,0,0,1,82,0.34,productivity_overestimation
STU_241,ENT_02409,121,0.14,75,52,0.35,1,0,0,0,77,0.14,productivity_overestimation
STU_241,ENT_02410,24,0.44,22,26,0.68,0,0,1,1,35,0.2,context_mismatch
STU_242,ENT_02411,35,0.56,27,58,0.28,1,1,0,0,40,0.34,focus_mismatch
STU_242,ENT_02412,15,0.69,37,23,0.71,1,0,0,1,41,0.72,stress_underestimation
STU_242,ENT_02413,12,0.66,27,48,0.4,1,1,0,0,39,0.33,focus_mismatch
STU_242,ENT_02414,8,0.89,4,8,0.9,1,1,0,0,7,0.1,accurate_perception
STU_242,ENT_02415,32,0.72,17,22,0.72,0,1,0,0,23,0.34,context_mismatch
STU_242,ENT_02416,57,0.53,11,16,0.8,1,0,0,1,30,0.52,stress_underestimation
STU_242,ENT_02417,27,0.29,84,39,0.51,1,0,0,0,104,0.07,productivity_overestimation
STU_242,ENT_02418,21,0.64,29,21,0.74,0,0,1,1,30,0.3,context_mismatch
STU_242,ENT_02419,67,0.44,22,36,0.55,0,0,1,1,22,0.37,context_mismatch
STU_242,ENT_02420,14,0.89,11,4,0.95,1,1,0,0,29,0.17,accurate_perception
STU_243,ENT_02421,17,0.81,54,67,0.16,1,0,1,0,56,0.13,productivity_overestimation
STU_243,ENT_02422,85,0.27,85,20,0.75,1,0,0,1,91,0.2,productivity_overestimation
STU_243,ENT_02423,84,0.23,77,27,0.66,1,0,0,1,90,0.06,productivity_overestimation
STU_243,ENT_02424,20,0.78,37,51,0.36,1,1,1,0,40,0.25,focus_mismatch
STU_243,ENT_02425,32,0.65,23,23,0.71,0,0,0,0,34,0.22,stress_underestimation
STU_243,ENT_02426,51,0.64,15,33,0.59,1,0,0,1,29,0.69,stress_underestimation
STU_243,ENT_02427,98,0.17,82,45,0.44,1,0,0,1,99,0.07,productivity_overestimation
STU_243,ENT_02428,32,0.7,35,22,0.72,1,1,0,1,39,0.74,stress_underestimation
STU_243,ENT_02429,93,0.15,83,58,0.28,1,0,1,1,83,0.15,productivity_overestimation
STU_243,ENT_02430,16,0.7,25,65,0.19,1,0,1,0,34,0.42,focus_mismatch
STU_244,ENT_02431,7,0.92,2,8,0.9,1,1,1,0,6,0.19,accurate_perception
STU_244,ENT_02432,78,0.44,24,44,0.45,0,0,1,1,33,0.05,context_mismatch
STU_244,ENT_02433,6,0.83,8,7,0.91,1,1,1,0,28,0.05,accurate_perception
STU_244,ENT_02434,71,0.18,70,23,0.71,1,0,1,0,74,0.26,productivity_overestimation
STU_244,ENT_02435,6,0.81,12,18,0.78,1,1,0,0,13,0.17,accurate_perception
STU_244,ENT_02436,39,0.24,39,42,0.47,1,0,0,0,45,0.06,productivity_overestimation
STU_244,ENT_02437,10,0.82,50,45,0.44,1,1,0,0,50,0.32,focus_mismatch
STU_244,ENT_02438,41,0.69,14,37,0.54,0,1,0,1,28,0.32,context_mismatch
STU_244,ENT_02439,22,0.76,40,65,0.19,1,0,1,0,48,0.38,focus_mismatch
STU_244,ENT_02440,28,0.75,33,76,0.05,1,0,1,0,50,0.35,focus_mismatch
STU_245,ENT_02441,56,0.57,20,26,0.68,0,0,1,0,33,0.15,context_mismatch
STU_245,ENT_02442,19,0.81,31,21,0.74,1,1,1,1,40,0.59,stress_underestimation
STU_245,ENT_02443,24,0.83,37,20,0.75,0,1,1,0,49,0.09,context_mismatch
STU_245,ENT_02444,29,0.7,25,39,0.51,0,1,0,1,41,0.19,context_mismatch
STU_245,ENT_02445,22,0.67,31,23,0.71,0,1,1,0,44,0.1,context_mismatch
STU_245,ENT_02446,30,0.75,20,29,0.64,0,0,0,0,21,0.4,context_mismatch
STU_245,ENT_02447,23,0.77,24,13,0.84,0,0,1,0,43,0.07,context_mismatch
STU_245,ENT_02448,2,0.98,4,17,0.79,1,1,1,0,22,0.17,accurate_perception
STU_245,ENT_02449,18,0.84,17,15,0.81,1,0,1,1,27,0.69,stress_underestimation
STU_245,ENT_02450,4,0.95,9,2,0.97,1,1,0,0,9,0.2,accurate_perception
STU_246,ENT_02451,2,0.98,14,6,0.93,1,1,0,0,21,0.12,accurate_perception
STU_246,ENT_02452,90,0.29,37,26,0.68,1,0,1,0,48,0.1,productivity_overestimation
STU_246,ENT_02453,26,0.6,51,74,0.07,1,1,0,0,64,0.15,focus_mismatch
STU_246,ENT_02454,34,0.56,40,68,0.15,1,0,1,0,57,0.28,focus_mismatch
STU_246,ENT_02455,36,0.51,11,37,0.54,0,0,1,1,14,0.09,productivity_overestimation
STU_246,ENT_02456,28,0.62,47,74,0.07,1,0,1,0,60,0.42,focus_mismatch
STU_246,ENT_02457,47,0.11,46,48,0.4,1,0,0,1,50,0.04,productivity_overestimation
STU_246,ENT_02458,47,0.59,34,20,0.75,0,1,1,0,39,0.35,context_mismatch
STU_246,ENT_02459,24,0.27,55,48,0.4,1,0,0,0,74,0.01,productivity_overestimation
STU_246,ENT_02460,69,0.18,80,21,0.74,1,0,0,0,99,0.37,productivity_overestimation
STU_247,ENT_02461,33,0.15,75,22,0.72,1,0,1,1,93,0.29,productivity_overestimation
STU_247,ENT_02462,36,0.76,55,51,0.36,1,0,1,0,61,0.43,focus_mismatch
STU_247,ENT_02463,20,0.66,46,50,0.38,1,1,0,0,47,0.33,focus_mismatch
STU_247,ENT_02464,47,0.56,42,54,0.32,1,0,1,0,49,0.37,focus_mismatch
STU_247,ENT_02465,6,0.9,5,16,0.8,1,1,1,0,7,0.12,accurate_perception
STU_247,ENT_02466,23,0.68,38,22,0.72,0,0,0,1,44,0.34,context_mismatch
STU_247,ENT_02467,43,0.3,73,22,0.72,1,0,1,0,91,0.27,productivity_overestimation
STU_247,ENT_02468,16,0.64,28,36,0.55,1,0,0,1,47,0.92,stress_underestimation
STU_247,ENT_02469,26,0.82,37,21,0.74,1,0,1,1,50,0.55,stress_underestimation
STU_247,ENT_02470,10,0.91,5,6,0.93,1,1,0,0,22,0.02,accurate_perception
STU_248,ENT_02471,25,0.75,49,72,0.1,1,1,1,0,49,0.14,focus_mismatch
STU_248,ENT_02472,83,0.19,52,38,0.53,1,0,1,0,58,0.15,productivity_overestimation
STU_248,ENT_02473,3,0.96,7,14,0.82,1,1,0,0,24,0.11,accurate_perception
STU_248,ENT_02474,29,0.8,29,20,0.75,0,1,1,1,41,0.16,accurate_perception
STU_248,ENT_02475,4,0.94,11,16,0.8,1,1,0,0,13,0.06,accurate_perception
STU_248,ENT_02476,20,0.84,7,4,0.95,1,1,1,0,11,0.17,accurate_perception
STU_248,ENT_02477,5,0.87,1,14,0.82,1,1,1,0,10,0.02,accurate_perception
STU_248,ENT_02478,4,0.87,6,3,0.96,1,1,0,0,8,0.14,accurate_perception
STU_248,ENT_02479,36,0.69,23,24,0.7,0,0,0,0,25,0.21,context_mismatch
STU_248,ENT_02480,92,0.23,77,49,0.39,1,0,0,1,90,0.26,productivity_overestimation
STU_249,ENT_02481,5,0.86,1,5,0.94,1,1,1,0,1,0.19,accurate_perception
STU_249,ENT_02482,50,0.41,36,44,0.45,0,1,1,0,50,0.07,productivity_overestimation
STU_249,ENT_02483,9,0.78,21,24,0.7,1,1,0,1,36,0.69,stress_underestimation
STU_249,ENT_02484,26,0.68,23,39,0.51,0,1,1,0,37,0.09,context_mismatch
STU_249,ENT_02485,4,0.97,11,9,0.89,1,1,1,0,15,0.08,accurate_perception
STU_249,ENT_02486,21,0.83,36,68,0.15,1,1,1,0,39,0.17,focus_mismatch
STU_249,ENT_02487,28,0.8,30,47,0.41,1,0,1,0,50,0.18,focus_mismatch
STU_249,ENT_02488,46,0.64,53,70,0.12,1,1,1,0,66,0.16,focus_mismatch
STU_249,ENT_02489,6,0.89,9,5,0.94,1,1,0,0,12,0.03,accurate_perception
STU_249,ENT_02490,44,0.34,43,46,0.43,1,0,0,1,43,0.1,productivity_overestimation
STU_250,ENT_02491,15,0.81,16,11,0.86,0,1,1,1,23,0.22,productivity_overestimation
STU_250,ENT_02492,49,0.51,34,15,0.81,0,1,0,1,38,0.39,context_mismatch
STU_250,ENT_02493,48,0.6,37,48,0.4,1,1,0,0,45,0.31,productivity_overestimation
STU_250,ENT_02494,20,0.44,15,38,0.53,0,0,0,1,30,0.06,context_mismatch
STU_250,ENT_02495,4,0.93,1,14,0.82,1,1,0,0,16,0.17,accurate_perception
STU_250,ENT_02496,70,0.2,67,38,0.53,1,0,1,1,68,0.25,productivity_overestimation
STU_250,ENT_02497,62,0.58,52,79,0.01,1,1,0,0,65,0.38,focus_mismatch
STU_250,ENT_02498,2,0.98,13,2,0.97,1,1,0,0,19,0.02,accurate_perception
STU_250,ENT_02499,44,0.62,31,71,0.11,1,0,1,0,45,0.16,focus_mismatch
STU_250,ENT_02500,17,0.78,28,71,0.11,1,1,1,0,47,0.31,focus_mismatch
