student_id,entry_id,date,entry_num,is_weekend,duration_gap,duration_match_ratio,social_media_minutes,entertainment_minutes,distraction_duration,app_switch_count,focus_quality_score,location_match,activity_match,calendar_match,stress_mismatch,bias_type
STU_001,ENT_00001,2026-04-01,1,0,103,0.13,46,36,97,69,0.1,0,0,0,0,productivity_overestimation
STU_001,ENT_00002,2026-04-01,2,0,45,0.66,45,23,49,68,0.41,0,0,1,1,focus_mismatch
STU_001,ENT_00003,2026-04-02,1,0,39,0.62,37,13,57,62,0.41,1,1,0,1,focus_mismatch
STU_001,ENT_00004,2026-04-02,2,0,127,0.25,63,33,62,39,0.05,0,0,0,0,productivity_overestimation
STU_001,ENT_00005,2026-04-03,1,0,9,0.92,11,2,11,16,0.72,1,1,1,0,accurate_perception
STU_001,ENT_00006,2026-04-03,2,0,26,0.68,27,15,59,54,0.42,1,0,1,1,stress_underestimation
STU_001,ENT_00007,2026-04-04,1,1,4,0.96,10,6,8,7,0.85,1,1,1,0,accurate_perception
STU_001,ENT_00008,2026-04-04,2,1,15,0.86,45,24,44,56,0.28,1,1,1,1,focus_mismatch
STU_001,ENT_00009,2026-04-05,1,1,20,0.74,27,11,42,49,0.42,1,0,1,1,focus_mismatch
STU_001,ENT_00010,2026-04-05,2,1,24,0.74,37,5,22,36,0.72,0,1,1,0,context_mismatch
STU_001,ENT_00011,2026-04-06,1,0,7,0.88,53,18,67,51,0.25,1,1,0,0,focus_mismatch
STU_001,ENT_00012,2026-04-06,2,0,16,0.87,44,20,66,41,0.2,1,0,0,0,focus_mismatch
STU_001,ENT_00013,2026-04-07,1,0,4,0.94,2,8,4,9,0.99,1,1,0,0,accurate_perception
STU_001,ENT_00014,2026-04-07,2,0,13,0.89,54,16,54,65,0.48,1,1,0,0,focus_mismatch
STU_001,ENT_00015,2026-04-08,1,0,32,0.76,43,17,35,44,0.29,0,0,1,0,focus_mismatch
STU_001,ENT_00016,2026-04-08,2,0,65,0.47,14,20,30,40,0.52,0,0,0,1,context_mismatch
STU_001,ENT_00017,2026-04-09,1,0,36,0.7,11,8,18,27,0.68,0,0,0,0,context_mismatch
STU_001,ENT_00018,2026-04-09,2,0,123,0.15,69,22,54,63,0.33,0,0,0,0,productivity_overestimation
STU_001,ENT_00019,2026-04-10,1,0,16,0.82,15,7,6,17,0.9,1,1,0,0,accurate_perception
STU_001,ENT_00020,2026-04-10,2,0,17,0.86,15,2,6,14,0.68,1,1,1,0,accurate_perception
STU_001,ENT_00021,2026-04-11,1,1,40,0.4,25,10,18,45,0.62,0,0,0,1,context_mismatch
STU_001,ENT_00022,2026-04-11,2,1,20,0.85,1,9,2,18,0.91,1,1,1,0,accurate_perception
STU_001,ENT_00023,2026-04-12,1,1,16,0.84,12,2,20,14,0.92,1,1,0,0,accurate_perception
STU_001,ENT_00024,2026-04-12,2,1,106,0.35,44,32,63,67,0.24,0,0,0,1,productivity_overestimation
STU_001,ENT_00025,2026-04-13,1,0,25,0.81,44,10,70,59,0.35,0,1,0,0,focus_mismatch
STU_001,ENT_00026,2026-04-13,2,0,28,0.71,42,20,43,70,0.51,1,0,0,1,stress_underestimation
STU_001,ENT_00027,2026-04-14,1,0,33,0.49,44,14,46,40,0.48,1,0,0,1,stress_underestimation
STU_001,ENT_00028,2026-04-14,2,0,84,0.23,63,33,85,44,0.09,0,0,0,1,productivity_overestimation
STU_001,ENT_00029,2026-04-15,1,0,22,0.7,42,23,44,55,0.51,0,1,0,0,focus_mismatch
STU_001,ENT_00030,2026-04-15,2,0,25,0.78,47,17,47,40,0.41,0,1,0,1,stress_underestimation
STU_001,ENT_00031,2026-04-16,1,0,111,0.17,54,22,51,47,0.14,0,0,0,1,productivity_overestimation
STU_001,ENT_00032,2026-04-16,2,0,50,0.61,20,13,46,41,0.52,0,0,1,1,stress_underestimation
STU_001,ENT_00033,2026-04-17,1,0,26,0.77,41,13,59,52,0.31,0,0,1,1,focus_mismatch
STU_001,ENT_00034,2026-04-17,2,0,99,0.25,47,38,69,67,0.14,1,0,1,1,productivity_overestimation
STU_001,ENT_00035,2026-04-18,1,1,40,0.72,31,10,34,27,0.46,0,1,0,0,context_mismatch
STU_001,ENT_00036,2026-04-18,2,1,35,0.65,34,16,62,60,0.58,1,0,0,1,stress_underestimation
STU_001,ENT_00037,2026-04-19,1,1,42,0.7,51,17,54,54,0.33,0,0,1,1,focus_mismatch
STU_001,ENT_00038,2026-04-19,2,1,25,0.78,12,7,12,12,0.78,1,1,0,0,accurate_perception
STU_001,ENT_00039,2026-04-20,1,0,48,0.68,21,27,45,37,0.45,1,1,1,1,stress_underestimation
STU_001,ENT_00040,2026-04-20,2,0,44,0.65,49,27,58,40,0.47,1,0,1,1,stress_underestimation
STU_001,ENT_00041,2026-04-21,1,0,59,0.58,34,12,48,45,0.3,1,0,0,1,stress_underestimation
STU_001,ENT_00042,2026-04-21,2,0,79,0.28,44,28,76,56,0.19,0,0,0,1,productivity_overestimation
STU_001,ENT_00043,2026-04-22,1,0,30,0.8,12,7,0,16,0.77,1,1,1,0,accurate_perception
STU_001,ENT_00044,2026-04-22,2,0,63,0.61,17,20,29,23,0.44,0,1,1,1,context_mismatch
STU_001,ENT_00045,2026-04-23,1,0,70,0.34,74,15,75,36,0.1,1,0,0,0,productivity_overestimation
STU_001,ENT_00046,2026-04-23,2,0,36,0.69,49,22,52,66,0.18,0,0,1,0,focus_mismatch
STU_001,ENT_00047,2026-04-24,1,0,70,0.51,20,17,42,31,0.38,1,0,0,1,stress_underestimation
STU_001,ENT_00048,2026-04-24,2,0,58,0.46,29,8,25,45,0.51,0,1,1,0,context_mismatch
STU_001,ENT_00049,2026-04-25,1,1,9,0.93,7,1,9,8,0.95,1,1,0,0,accurate_perception
STU_001,ENT_00050,2026-04-25,2,1,41,0.62,45,20,35,66,0.33,1,1,0,1,focus_mismatch
STU_001,ENT_00051,2026-04-26,1,1,145,0.16,74,39,80,64,0.23,0,0,0,0,productivity_overestimation
STU_001,ENT_00052,2026-04-26,2,1,27,0.77,12,5,0,20,0.89,1,1,0,0,accurate_perception
STU_001,ENT_00053,2026-04-27,1,0,13,0.86,47,18,70,40,0.27,0,1,1,1,focus_mismatch
STU_001,ENT_00054,2026-04-27,2,0,36,0.75,34,10,35,48,0.35,1,1,1,1,stress_underestimation
STU_001,ENT_00055,2026-04-28,1,0,64,0.59,21,19,32,24,0.4,0,0,1,0,context_mismatch
STU_001,ENT_00056,2026-04-28,2,0,65,0.56,26,25,47,67,0.55,1,0,0,1,stress_underestimation
STU_001,ENT_00057,2026-04-29,1,0,39,0.6,42,14,52,42,0.45,1,0,1,0,focus_mismatch
STU_001,ENT_00058,2026-04-29,2,0,13,0.89,10,2,1,13,0.98,1,1,0,0,accurate_perception
STU_001,ENT_00059,2026-04-30,1,0,45,0.68,35,14,20,22,0.49,0,1,0,1,context_mismatch
STU_001,ENT_00060,2026-04-30,2,0,14,0.86,38,19,38,46,0.38,0,1,0,0,focus_mismatch
STU_001,ENT_00061,2026-05-01,1,0,32,0.6,39,25,53,42,0.3,1,1,0,1,focus_mismatch
STU_001,ENT_00062,2026-05-01,2,0,32,0.77,50,16,62,47,0.37,1,0,0,0,focus_mismatch
STU_001,ENT_00063,2026-05-02,1,1,109,0.33,68,18,79,54,0.33,1,0,0,0,productivity_overestimation
STU_001,ENT_00064,2026-05-02,2,1,76,0.51,18,5,20,22,0.76,0,1,0,1,context_mismatch
STU_001,ENT_00065,2026-05-03,1,1,9,0.89,14,4,5,18,0.89,1,1,0,0,accurate_perception
STU_001,ENT_00066,2026-05-03,2,1,37,0.63,37,10,36,28,0.57,0,1,0,0,context_mismatch
STU_001,ENT_00067,2026-05-04,1,0,69,0.34,65,31,50,69,0.1,0,0,1,1,productivity_overestimation
STU_001,ENT_00068,2026-05-04,2,0,35,0.59,24,19,58,61,0.38,1,0,0,1,stress_underestimation
STU_001,ENT_00069,2026-05-05,1,0,6,0.95,54,13,64,47,0.29,1,1,1,1,focus_mismatch
STU_001,ENT_00070,2026-05-05,2,0,10,0.89,4,6,6,9,0.91,1,1,1,0,accurate_perception
STU_001,ENT_00071,2026-05-06,1,0,15,0.84,34,19,66,49,0.31,1,1,1,1,focus_mismatch
STU_001,ENT_00072,2026-05-06,2,0,8,0.91,7,6,1,15,0.96,1,1,1,0,accurate_perception
STU_001,ENT_00073,2026-05-07,1,0,16,0.89,40,11,43,72,0.41,0,1,0,1,focus_mismatch
STU_001,ENT_00074,2026-05-07,2,0,16,0.79,4,1,15,13,0.84,1,1,1,0,accurate_perception
STU_001,ENT_00075,2026-05-08,1,0,121,0.31,64,25,90,66,0.18,0,0,0,1,productivity_overestimation
STU_001,ENT_00076,2026-05-08,2,0,1,0.99,3,7,5,14,0.88,1,1,0,0,accurate_perception
STU_001,ENT_00077,2026-05-09,1,1,26,0.67,38,15,45,51,0.29,1,0,1,1,focus_mismatch
STU_001,ENT_00078,2026-05-09,2,1,96,0.21,40,40,79,53,0.17,1,0,0,1,productivity_overestimation
STU_001,ENT_00079,2026-05-10,1,1,32,0.65,29,16,54,60,0.26,1,1,1,1,stress_underestimation
STU_001,ENT_00080,2026-05-10,2,1,117,0.16,76,36,99,38,0.33,0,0,0,1,productivity_overestimation
STU_001,ENT_00081,2026-05-11,1,0,19,0.79,48,14,41,42,0.27,1,1,0,0,focus_mismatch
STU_001,ENT_00082,2026-05-11,2,0,19,0.83,4,8,11,13,0.9,1,1,1,0,accurate_perception
STU_001,ENT_00083,2026-05-12,1,0,5,0.95,14,1,4,12,1.0,1,1,1,0,accurate_perception
STU_001,ENT_00084,2026-05-12,2,0,20,0.81,12,0,8,8,0.87,1,1,1,0,accurate_perception
STU_001,ENT_00085,2026-05-13,1,0,17,0.88,28,17,65,41,0.44,1,0,0,1,focus_mismatch
STU_001,ENT_00086,2026-05-13,2,0,7,0.93,3,2,1,6,0.79,1,1,0,0,accurate_perception
STU_001,ENT_00087,2026-05-14,1,0,29,0.73,46,23,44,66,0.43,1,1,1,0,focus_mismatch
STU_001,ENT_00088,2026-05-14,2,0,20,0.83,47,21,36,53,0.51,1,0,1,1,stress_underestimation
STU_001,ENT_00089,2026-05-15,1,0,44,0.63,31,10,38,61,0.19,1,0,0,1,focus_mismatch
STU_001,ENT_00090,2026-05-15,2,0,27,0.7,29,10,52,49,0.45,0,0,0,0,focus_mismatch
STU_001,ENT_00091,2026-05-16,1,1,91,0.24,41,20,66,38,0.11,0,0,1,0,productivity_overestimation
STU_001,ENT_00092,2026-05-16,2,1,50,0.6,24,12,17,38,0.71,0,1,1,0,context_mismatch
STU_001,ENT_00093,2026-05-17,1,1,26,0.79,23,25,58,34,0.48,0,0,0,1,stress_underestimation
STU_001,ENT_00094,2026-05-17,2,1,25,0.81,37,19,64,72,0.27,1,0,0,1,focus_mismatch
STU_001,ENT_00095,2026-05-18,1,0,32,0.69,22,18,21,25,0.56,0,1,0,1,context_mismatch
STU_001,ENT_00096,2026-05-18,2,0,20,0.71,11,2,17,6,0.89,1,1,1,0,accurate_perception
STU_001,ENT_00097,2026-05-19,1,0,25,0.83,33,11,48,68,0.26,1,0,0,1,stress_underestimation
STU_001,ENT_00098,2026-05-19,2,0,28,0.62,37,21,37,47,0.48,1,0,1,1,stress_underestimation
STU_001,ENT_00099,2026-05-20,1,0,87,0.33,62,15,61,44,0.19,0,0,1,0,productivity_overestimation
STU_001,ENT_00100,2026-05-20,2,0,110,0.2,61,20,73,54,0.3,0,0,0,0,productivity_overestimation
STU_002,ENT_00101,2026-04-01,1,0,33,0.65,33,25,58,56,0.38,0,1,1,1,stress_underestimation
STU_002,ENT_00102,2026-04-01,2,0,129,0.22,59,16,64,60,0.21,0,0,0,0,productivity_overestimation
STU_002,ENT_00103,2026-04-02,1,0,38,0.61,20,25,57,41,0.3,0,1,0,1,stress_underestimation
STU_002,ENT_00104,2026-04-02,2,0,46,0.6,54,12,55,67,0.39,1,1,0,1,focus_mismatch
STU_002,ENT_00105,2026-04-03,1,0,133,0.21,63,17,77,41,0.17,0,0,0,1,productivity_overestimation
STU_002,ENT_00106,2026-04-03,2,0,39,0.52,40,13,63,62,0.36,1,0,0,1,stress_underestimation
STU_002,ENT_00107,2026-04-04,1,1,84,0.25,44,20,99,66,0.21,1,0,1,1,productivity_overestimation
STU_002,ENT_00108,2026-04-04,2,1,9,0.89,15,7,20,14,0.96,1,1,1,0,accurate_perception
STU_002,ENT_00109,2026-04-05,1,1,69,0.41,21,14,19,35,0.73,0,1,1,0,context_mismatch
STU_002,ENT_00110,2026-04-05,2,1,45,0.71,24,11,35,34,0.47,0,0,1,0,context_mismatch
STU_002,ENT_00111,2026-04-06,1,0,7,0.9,5,0,7,19,1.0,1,1,1,0,accurate_perception
STU_002,ENT_00112,2026-04-06,2,0,102,0.19,61,36,88,38,0.29,0,0,0,0,productivity_overestimation
STU_002,ENT_00113,2026-04-07,1,0,32,0.65,31,9,36,17,0.5,0,1,1,1,context_mismatch
STU_002,ENT_00114,2026-04-07,2,0,35,0.74,22,19,65,54,0.41,0,0,1,1,stress_underestimation
STU_002,ENT_00115,2026-04-08,1,0,31,0.69,40,20,27,22,0.63,0,1,0,1,context_mismatch
STU_002,ENT_00116,2026-04-08,2,0,62,0.51,30,29,38,68,0.3,1,0,1,1,stress_underestimation
STU_002,ENT_00117,2026-04-09,1,0,79,0.34,79,24,98,63,0.09,1,0,0,1,productivity_overestimation
STU_002,ENT_00118,2026-04-09,2,0,40,0.66,29,22,62,63,0.31,0,0,1,1,stress_underestimation
STU_002,ENT_00119,2026-04-10,1,0,105,0.23,46,37,83,42,0.21,0,0,0,0,productivity_overestimation
STU_002,ENT_00120,2026-04-10,2,0,15,0.83,0,6,1,17,0.8,1,1,0,0,accurate_perception
STU_002,ENT_00121,2026-04-11,1,1,9,0.88,50,14,43,42,0.34,1,0,1,1,focus_mismatch
STU_002,ENT_00122,2026-04-11,2,1,26,0.58,46,14,65,68,0.33,1,0,1,1,stress_underestimation
STU_002,ENT_00123,2026-04-12,1,1,120,0.3,69,17,57,66,0.12,0,0,1,0,productivity_overestimation
STU_002,ENT_00124,2026-04-12,2,1,18,0.83,46,12,68,63,0.22,1,0,1,1,focus_mismatch
STU_002,ENT_00125,2026-04-13,1,0,115,0.16,41,26,100,39,0.22,0,0,1,1,productivity_overestimation
STU_002,ENT_00126,2026-04-13,2,0,93,0.3,51,39,93,64,0.29,0,0,0,0,productivity_overestimation
STU_002,ENT_00127,2026-04-14,1,0,26,0.59,21,16,32,50,0.53,1,1,1,1,stress_underestimation
STU_002,ENT_00128,2026-04-14,2,0,103,0.18,43,35,71,52,0.1,1,0,1,1,productivity_overestimation
STU_002,ENT_00129,2026-04-15,1,0,9,0.89,15,5,16,13,0.99,1,1,0,0,accurate_perception
STU_002,ENT_00130,2026-04-15,2,0,34,0.59,20,8,20,25,0.56,0,1,1,0,context_mismatch
STU_002,ENT_00131,2026-04-16,1,0,16,0.75,49,21,57,47,0.5,0,0,1,1,stress_underestimation
STU_002,ENT_00132,2026-04-16,2,0,52,0.64,25,14,63,42,0.18,1,1,1,1,focus_mismatch
STU_002,ENT_00133,2026-04-17,1,0,13,0.84,11,7,2,9,0.84,1,1,1,0,accurate_perception
STU_002,ENT_00134,2026-04-17,2,0,12,0.81,40,22,70,47,0.22,1,0,1,1,focus_mismatch
STU_002,ENT_00135,2026-04-18,1,1,13,0.83,2,7,5,19,1.0,1,1,1,0,accurate_perception
STU_002,ENT_00136,2026-04-18,2,1,41,0.68,48,19,40,70,0.27,0,0,0,1,stress_underestimation
STU_002,ENT_00137,2026-04-19,1,1,61,0.5,37,28,53,59,0.5,1,0,0,1,stress_underestimation
STU_002,ENT_00138,2026-04-19,2,1,30,0.75,49,23,39,48,0.47,1,1,1,0,focus_mismatch
STU_002,ENT_00139,2026-04-20,1,0,12,0.91,4,6,16,6,0.95,1,1,1,0,accurate_perception
STU_002,ENT_00140,2026-04-20,2,0,152,0.16,73,24,55,51,0.23,0,0,0,1,productivity_overestimation
STU_002,ENT_00141,2026-04-21,1,0,16,0.89,24,15,51,66,0.34,0,0,1,1,stress_underestimation
STU_002,ENT_00142,2026-04-21,2,0,33,0.71,20,25,64,48,0.4,0,1,1,1,stress_underestimation
STU_002,ENT_00143,2026-04-22,1,0,36,0.55,25,19,28,25,0.54,0,1,1,1,context_mismatch
STU_002,ENT_00144,2026-04-22,2,0,20,0.82,11,8,17,8,0.79,1,1,1,0,accurate_perception
STU_002,ENT_00145,2026-04-23,1,0,19,0.71,29,18,30,45,0.59,0,1,1,0,context_mismatch
STU_002,ENT_00146,2026-04-23,2,0,43,0.66,48,19,61,31,0.26,1,0,0,1,stress_underestimation
STU_002,ENT_00147,2026-04-24,1,0,17,0.82,30,20,33,32,0.32,0,0,1,1,context_mismatch
STU_002,ENT_00148,2026-04-24,2,0,19,0.71,43,16,58,75,0.25,1,1,0,0,focus_mismatch
STU_002,ENT_00149,2026-04-25,1,1,10,0.9,11,2,6,17,0.76,1,1,0,0,accurate_perception
STU_002,ENT_00150,2026-04-25,2,1,43,0.66,39,26,38,50,0.49,1,1,1,1,stress_underestimation
STU_002,ENT_00151,2026-04-26,1,1,43,0.65,19,20,16,26,0.42,0,1,1,1,context_mismatch
STU_002,ENT_00152,2026-04-26,2,1,15,0.89,7,0,18,20,0.78,1,1,1,0,accurate_perception
STU_002,ENT_00153,2026-04-27,1,0,62,0.58,38,13,42,31,0.37,1,0,1,1,stress_underestimation
STU_002,ENT_00154,2026-04-27,2,0,36,0.7,33,6,23,31,0.43,0,1,1,1,context_mismatch
STU_002,ENT_00155,2026-04-28,1,0,15,0.87,35,21,51,70,0.2,1,1,0,1,focus_mismatch
STU_002,ENT_00156,2026-04-28,2,0,38,0.74,30,25,52,65,0.59,1,1,0,1,stress_underestimation
STU_002,ENT_00157,2026-04-29,1,0,45,0.74,36,16,24,24,0.5,0,0,1,0,context_mismatch
STU_002,ENT_00158,2026-04-29,2,0,38,0.56,37,18,65,47,0.31,1,0,0,1,stress_underestimation
STU_002,ENT_00159,2026-04-30,1,0,88,0.25,43,18,76,56,0.16,0,0,0,0,productivity_overestimation
STU_002,ENT_00160,2026-04-30,2,0,75,0.56,30,11,33,25,0.4,0,0,0,1,context_mismatch
STU_002,ENT_00161,2026-05-01,1,0,12,0.81,25,23,41,32,0.53,1,0,1,1,stress_underestimation
STU_002,ENT_00162,2026-05-01,2,0,22,0.83,10,4,14,20,0.89,1,1,1,0,accurate_perception
STU_002,ENT_00163,2026-05-02,1,1,36,0.51,33,19,31,37,0.5,0,1,0,0,context_mismatch
STU_002,ENT_00164,2026-05-02,2,1,24,0.78,36,20,35,55,0.39,0,1,1,1,stress_underestimation
STU_002,ENT_00165,2026-05-03,1,1,21,0.81,10,4,18,5,0.75,1,1,0,0,accurate_perception
STU_002,ENT_00166,2026-05-03,2,1,71,0.45,59,37,57,53,0.12,0,0,0,0,productivity_overestimation
STU_002,ENT_00167,2026-05-04,1,0,49,0.54,27,20,49,40,0.54,0,0,0,1,context_mismatch
STU_002,ENT_00168,2026-05-04,2,0,20,0.71,13,6,50,43,0.57,0,0,0,0,context_mismatch
STU_002,ENT_00169,2026-05-05,1,0,24,0.84,15,1,16,19,0.93,1,1,1,0,accurate_perception
STU_002,ENT_00170,2026-05-05,2,0,58,0.56,35,14,16,27,0.38,0,0,0,0,context_mismatch
STU_002,ENT_00171,2026-05-06,1,0,33,0.74,39,7,45,16,0.42,0,0,1,0,context_mismatch
STU_002,ENT_00172,2026-05-06,2,0,14,0.87,4,10,11,8,0.76,1,1,1,0,accurate_perception
STU_002,ENT_00173,2026-05-07,1,0,64,0.29,59,29,93,69,0.16,0,0,0,1,productivity_overestimation
STU_002,ENT_00174,2026-05-07,2,0,29,0.61,46,23,36,55,0.17,0,1,0,0,focus_mismatch
STU_002,ENT_00175,2026-05-08,1,0,28,0.69,44,11,38,62,0.49,1,1,1,1,stress_underestimation
STU_002,ENT_00176,2026-05-08,2,0,36,0.75,38,19,52,43,0.36,1,0,1,1,focus_mismatch
STU_002,ENT_00177,2026-05-09,1,1,68,0.62,22,15,41,28,0.42,0,1,1,0,context_mismatch
STU_002,ENT_00178,2026-05-09,2,1,26,0.83,14,0,17,18,1.0,1,1,0,0,accurate_perception
STU_002,ENT_00179,2026-05-10,1,1,22,0.78,54,24,58,45,0.4,0,1,1,1,focus_mismatch
STU_002,ENT_00180,2026-05-10,2,1,11,0.84,43,27,43,60,0.39,1,0,0,1,stress_underestimation
STU_002,ENT_00181,2026-05-11,1,0,4,0.95,15,3,19,11,0.77,1,1,1,0,accurate_perception
STU_002,ENT_00182,2026-05-11,2,0,35,0.73,29,18,53,62,0.51,1,1,1,1,stress_underestimation
STU_002,ENT_00183,2026-05-12,1,0,22,0.8,7,2,0,13,0.88,1,1,1,0,accurate_perception
STU_002,ENT_00184,2026-05-12,2,0,53,0.48,28,12,46,32,0.63,0,1,1,1,context_mismatch
STU_002,ENT_00185,2026-05-13,1,0,20,0.75,31,15,38,64,0.48,1,0,0,1,stress_underestimation
STU_002,ENT_00186,2026-05-13,2,0,44,0.7,4,10,7,7,0.81,1,1,1,0,accurate_perception
STU_002,ENT_00187,2026-05-14,1,0,32,0.77,25,20,16,15,0.54,0,0,1,1,context_mismatch
STU_002,ENT_00188,2026-05-14,2,0,27,0.82,5,1,3,9,0.8,1,1,1,0,accurate_perception
STU_002,ENT_00189,2026-05-15,1,0,21,0.81,12,7,18,12,0.94,1,1,1,0,accurate_perception
STU_002,ENT_00190,2026-05-15,2,0,41,0.71,12,6,17,20,0.62,1,1,0,0,accurate_perception
STU_002,ENT_00191,2026-05-16,1,1,122,0.29,76,18,83,37,0.23,1,0,0,0,productivity_overestimation
STU_002,ENT_00192,2026-05-16,2,1,2,0.98,1,2,10,5,1.0,1,1,1,0,accurate_perception
STU_002,ENT_00193,2026-05-17,1,1,17,0.83,7,9,12,15,0.86,1,1,1,0,accurate_perception
STU_002,ENT_00194,2026-05-17,2,1,51,0.51,33,17,34,51,0.45,1,1,1,1,stress_underestimation
STU_002,ENT_00195,2026-05-18,1,0,115,0.22,62,32,74,62,0.15,1,0,0,1,productivity_overestimation
STU_002,ENT_00196,2026-05-18,2,0,29,0.59,32,30,39,54,0.27,0,1,1,1,stress_underestimation
STU_002,ENT_00197,2026-05-19,1,0,29,0.62,38,24,70,75,0.25,0,1,0,1,focus_mismatch
STU_002,ENT_00198,2026-05-19,2,0,65,0.4,23,17,20,38,0.75,0,0,0,1,context_mismatch
STU_002,ENT_00199,2026-05-20,1,0,22,0.78,30,23,52,66,0.33,1,1,0,1,focus_mismatch
STU_002,ENT_00200,2026-05-20,2,0,29,0.66,24,19,30,55,0.37,1,1,1,1,stress_underestimation
STU_003,ENT_00201,2026-04-01,1,0,24,0.82,10,9,6,20,0.89,1,1,1,0,accurate_perception
STU_003,ENT_00202,2026-04-01,2,0,14,0.89,50,17,55,64,0.33,1,0,0,1,focus_mismatch
STU_003,ENT_00203,2026-04-02,1,0,26,0.8,14,3,14,14,0.86,1,1,1,0,accurate_perception
STU_003,ENT_00204,2026-04-02,2,0,17,0.83,42,23,54,34,0.4,1,1,1,1,stress_underestimation
STU_003,ENT_00205,2026-04-03,1,0,38,0.64,35,7,21,39,0.51,0,0,0,1,context_mismatch
STU_003,ENT_00206,2026-04-03,2,0,1,0.99,10,6,3,5,0.67,1,1,1,0,accurate_perception
STU_003,ENT_00207,2026-04-04,1,1,70,0.47,21,17,44,39,0.64,0,0,1,0,context_mismatch
STU_003,ENT_00208,2026-04-04,2,1,47,0.73,13,9,37,24,0.56,0,1,1,0,context_mismatch
STU_003,ENT_00209,2026-04-05,1,1,66,0.56,12,14,17,40,0.52,0,1,0,1,context_mismatch
STU_003,ENT_00210,2026-04-05,2,1,9,0.9,5,5,17,18,0.93,1,1,1,0,accurate_perception
STU_003,ENT_00211,2026-04-06,1,0,51,0.65,20,29,42,58,0.41,1,0,0,1,stress_underestimation
STU_003,ENT_00212,2026-04-06,2,0,16,0.76,50,15,58,60,0.17,1,1,1,1,focus_mismatch
STU_003,ENT_00213,2026-04-07,1,0,22,0.7,52,24,46,59,0.45,1,0,1,0,focus_mismatch
STU_003,ENT_00214,2026-04-07,2,0,16,0.85,38,14,59,67,0.27,1,0,0,1,focus_mismatch
STU_003,ENT_00215,2026-04-08,1,0,26,0.78,52,21,35,71,0.3,1,1,1,1,focus_mismatch
STU_003,ENT_00216,2026-04-08,2,0,50,0.57,12,5,29,24,0.35,0,1,0,0,context_mismatch
STU_003,ENT_00217,2026-04-09,1,0,51,0.59,13,8,32,39,0.66,0,1,0,1,context_mismatch
STU_003,ENT_00218,2026-04-09,2,0,65,0.43,36,12,34,42,0.69,0,1,0,0,context_mismatch
STU_003,ENT_00219,2026-04-10,1,0,18,0.8,11,9,20,18,0.68,1,1,0,0,accurate_perception
STU_003,ENT_00220,2026-04-10,2,0,18,0.86,8,9,17,10,0.84,1,1,1,0,accurate_perception
STU_003,ENT_00221,2026-04-11,1,1,32,0.74,31,8,23,45,0.61,0,0,1,1,context_mismatch
STU_003,ENT_00222,2026-04-11,2,1,105,0.13,60,22,98,60,0.21,0,0,1,1,productivity_overestimation
STU_003,ENT_00223,2026-04-12,1,1,8,0.89,47,21,64,71,0.18,1,0,1,1,focus_mismatch
STU_003,ENT_00224,2026-04-12,2,1,16,0.76,32,16,57,43,0.36,1,1,0,1,stress_underestimation
STU_003,ENT_00225,2026-04-13,1,0,30,0.71,34,6,17,18,0.66,0,0,0,0,context_mismatch
STU_003,ENT_00226,2026-04-13,2,0,25,0.78,14,14,25,42,0.63,0,1,1,0,context_mismatch
STU_003,ENT_00227,2026-04-14,1,0,149,0.14,65,35,69,49,0.1,0,0,0,0,productivity_overestimation
STU_003,ENT_00228,2026-04-14,2,0,23,0.74,10,15,22,42,0.45,0,0,0,0,context_mismatch
STU_003,ENT_00229,2026-04-15,1,0,85,0.17,59,19,74,43,0.26,0,0,1,0,productivity_overestimation
STU_003,ENT_00230,2026-04-15,2,0,26,0.75,40,14,56,69,0.53,0,0,0,1,stress_underestimation
STU_003,ENT_00231,2026-04-16,1,0,42,0.61,33,20,38,45,0.25,1,1,0,1,stress_underestimation
STU_003,ENT_00232,2026-04-16,2,0,16,0.84,6,6,9,6,0.99,1,1,0,0,accurate_perception
STU_003,ENT_00233,2026-04-17,1,0,42,0.66,38,5,38,44,0.47,0,1,1,0,context_mismatch
STU_003,ENT_00234,2026-04-17,2,0,32,0.73,34,7,16,33,0.37,0,0,0,0,context_mismatch
STU_003,ENT_00235,2026-04-18,1,1,42,0.66,23,17,20,35,0.58,0,1,0,0,context_mismatch
STU_003,ENT_00236,2026-04-18,2,1,84,0.23,65,33,90,39,0.15,0,0,0,0,productivity_overestimation
STU_003,ENT_00237,2026-04-19,1,1,111,0.25,43,24,92,46,0.17,0,0,0,1,productivity_overestimation
STU_003,ENT_00238,2026-04-19,2,1,16,0.83,4,4,3,5,0.79,1,1,1,0,accurate_perception
STU_003,ENT_00239,2026-04-20,1,0,122,0.25,71,29,82,58,0.18,0,0,0,0,productivity_overestimation
STU_003,ENT_00240,2026-04-20,2,0,31,0.77,48,10,37,40,0.26,1,0,0,0,focus_mismatch
STU_003,ENT_00241,2026-04-21,1,0,58,0.62,17,15,30,28,0.64,0,0,1,0,context_mismatch
STU_003,ENT_00242,2026-04-21,2,0,43,0.48,26,6,40,17,0.74,0,1,1,0,context_mismatch
STU_003,ENT_00243,2026-04-22,1,0,17,0.8,33,12,44,26,0.58,0,0,0,0,context_mismatch
STU_003,ENT_00244,2026-04-22,2,0,91,0.24,80,37,50,56,0.13,0,0,0,0,productivity_overestimation
STU_003,ENT_00245,2026-04-23,1,0,33,0.73,14,13,20,16,0.76,0,1,1,1,context_mismatch
STU_003,ENT_00246,2026-04-23,2,0,6,0.91,4,10,12,7,0.79,1,1,1,0,accurate_perception
STU_003,ENT_00247,2026-04-24,1,0,3,0.97,12,5,10,19,0.7,1,1,0,0,accurate_perception
STU_003,ENT_00248,2026-04-24,2,0,89,0.14,50,29,79,55,0.19,0,0,0,1,productivity_overestimation
STU_003,ENT_00249,2026-04-25,1,1,39,0.45,31,14,17,21,0.62,0,0,0,0,context_mismatch
STU_003,ENT_00250,2026-04-25,2,1,6,0.94,25,22,63,75,0.34,1,0,0,0,focus_mismatch
STU_003,ENT_00251,2026-04-26,1,1,103,0.13,65,26,93,40,0.17,0,0,0,0,productivity_overestimation
STU_003,ENT_00252,2026-04-26,2,1,93,0.12,61,18,52,64,0.19,1,0,1,1,productivity_overestimation
STU_003,ENT_00253,2026-04-27,1,0,62,0.46,16,10,32,23,0.46,0,1,0,1,context_mismatch
STU_003,ENT_00254,2026-04-27,2,0,34,0.74,27,18,59,48,0.33,1,0,0,1,focus_mismatch
STU_003,ENT_00255,2026-04-28,1,0,30,0.77,31,28,62,50,0.3,1,0,0,1,stress_underestimation
STU_003,ENT_00256,2026-04-28,2,0,3,0.96,15,8,11,12,0.91,1,1,1,0,accurate_perception
STU_003,ENT_00257,2026-04-29,1,0,12,0.82,55,17,59,62,0.53,0,0,0,1,focus_mismatch
STU_003,ENT_00258,2026-04-29,2,0,14,0.87,25,21,44,52,0.47,1,1,0,1,focus_mismatch
STU_003,ENT_00259,2026-04-30,1,0,96,0.43,40,25,89,47,0.23,0,0,0,0,productivity_overestimation
STU_003,ENT_00260,2026-04-30,2,0,77,0.29,73,26,54,58,0.27,0,0,0,1,productivity_overestimation
STU_003,ENT_00261,2026-05-01,1,0,19,0.83,55,25,55,51,0.39,1,1,0,1,focus_mismatch
STU_003,ENT_00262,2026-05-01,2,0,34,0.66,19,9,26,38,0.44,0,1,1,1,context_mismatch
STU_003,ENT_00263,2026-05-02,1,1,142,0.15,76,18,81,44,0.08,0,0,0,0,productivity_overestimation
STU_003,ENT_00264,2026-05-02,2,1,40,0.73,43,20,58,30,0.28,0,1,1,1,stress_underestimation
STU_003,ENT_00265,2026-05-03,1,1,25,0.62,43,23,40,56,0.37,1,1,0,1,stress_underestimation
STU_003,ENT_00266,2026-05-03,2,1,10,0.92,7,2,14,7,0.85,1,1,0,0,accurate_perception
STU_003,ENT_00267,2026-05-04,1,0,21,0.7,53,22,45,44,0.42,0,1,1,1,focus_mismatch
STU_003,ENT_00268,2026-05-04,2,0,84,0.24,67,20,53,41,0.26,1,0,1,1,productivity_overestimation
STU_003,ENT_00269,2026-05-05,1,0,35,0.51,38,27,61,39,0.17,0,1,1,1,stress_underestimation
STU_003,ENT_00270,2026-05-05,2,0,56,0.5,70,18,69,60,0.27,0,0,0,1,productivity_overestimation
STU_003,ENT_00271,2026-05-06,1,0,117,0.15,42,23,78,64,0.22,0,0,0,0,productivity_overestimation
STU_003,ENT_00272,2026-05-06,2,0,127,0.2,77,22,85,38,0.33,1,0,1,1,productivity_overestimation
STU_003,ENT_00273,2026-05-07,1,0,57,0.42,38,6,47,33,0.73,0,1,0,0,context_mismatch
STU_003,ENT_00274,2026-05-07,2,0,1,0.99,6,2,1,18,0.76,1,1,0,0,accurate_perception
STU_003,ENT_00275,2026-05-08,1,0,21,0.85,2,1,12,17,0.94,1,1,1,0,accurate_perception
STU_003,ENT_00276,2026-05-08,2,0,57,0.64,28,18,22,28,0.46,0,1,0,0,context_mismatch
STU_003,ENT_00277,2026-05-09,1,1,17,0.82,38,18,31,27,0.61,0,1,0,0,context_mismatch
STU_003,ENT_00278,2026-05-09,2,1,24,0.82,37,20,50,43,0.47,1,0,1,1,focus_mismatch
STU_003,ENT_00279,2026-05-10,1,1,29,0.81,52,17,43,59,0.43,1,1,1,1,focus_mismatch
STU_003,ENT_00280,2026-05-10,2,1,16,0.82,33,25,63,53,0.5,0,0,1,1,stress_underestimation
STU_003,ENT_00281,2026-05-11,1,0,25,0.8,20,15,42,42,0.45,1,0,1,1,stress_underestimation
STU_003,ENT_00282,2026-05-11,2,0,39,0.67,40,13,31,45,0.38,0,1,1,1,stress_underestimation
STU_003,ENT_00283,2026-05-12,1,0,17,0.82,47,12,53,41,0.23,1,0,0,1,focus_mismatch
STU_003,ENT_00284,2026-05-12,2,0,40,0.72,25,10,65,48,0.38,0,0,1,1,focus_mismatch
STU_003,ENT_00285,2026-05-13,1,0,11,0.93,13,6,11,19,0.77,1,1,1,0,accurate_perception
STU_003,ENT_00286,2026-05-13,2,0,76,0.43,26,16,50,35,0.53,0,1,0,0,context_mismatch
STU_003,ENT_00287,2026-05-14,1,0,141,0.18,57,23,91,54,0.14,0,0,0,1,productivity_overestimation
STU_003,ENT_00288,2026-05-14,2,0,18,0.71,29,18,56,55,0.27,1,0,1,1,stress_underestimation
STU_003,ENT_00289,2026-05-15,1,0,36,0.72,35,21,62,49,0.57,1,0,1,1,stress_underestimation
STU_003,ENT_00290,2026-05-15,2,0,70,0.43,51,36,71,40,0.09,0,0,0,1,productivity_overestimation
STU_003,ENT_00291,2026-05-16,1,1,18,0.85,40,11,39,70,0.42,1,1,1,1,focus_mismatch
STU_003,ENT_00292,2026-05-16,2,1,70,0.35,61,28,86,64,0.2,0,0,0,1,productivity_overestimation
STU_003,ENT_00293,2026-05-17,1,1,21,0.79,25,24,52,53,0.32,0,1,0,0,focus_mismatch
STU_003,ENT_00294,2026-05-17,2,1,39,0.65,35,22,30,32,0.46,0,1,0,1,stress_underestimation
STU_003,ENT_00295,2026-05-18,1,0,63,0.48,59,19,56,59,0.16,0,0,0,1,productivity_overestimation
STU_003,ENT_00296,2026-05-18,2,0,11,0.91,10,6,4,15,1.0,1,1,0,0,accurate_perception
STU_003,ENT_00297,2026-05-19,1,0,127,0.1,54,38,58,48,0.26,0,0,0,1,productivity_overestimation
STU_003,ENT_00298,2026-05-19,2,0,21,0.81,28,27,33,68,0.58,1,0,0,1,stress_underestimation
STU_003,ENT_00299,2026-05-20,1,0,50,0.54,28,25,39,43,0.48,1,1,0,1,stress_underestimation
STU_003,ENT_00300,2026-05-20,2,0,35,0.74,33,13,62,69,0.21,0,1,0,1,stress_underestimation
STU_004,ENT_00301,2026-04-01,1,0,32,0.62,33,19,40,32,0.5,1,1,1,1,stress_underestimation
STU_004,ENT_00302,2026-04-01,2,0,6,0.92,46,25,44,45,0.31,1,0,1,1,focus_mismatch
STU_004,ENT_00303,2026-04-02,1,0,32,0.67,26,13,46,42,0.39,1,1,1,1,focus_mismatch
STU_004,ENT_00304,2026-04-02,2,0,86,0.09,48,36,91,45,0.24,0,0,1,0,productivity_overestimation
STU_004,ENT_00305,2026-04-03,1,0,21,0.72,55,24,52,64,0.37,1,0,0,0,focus_mismatch
STU_004,ENT_00306,2026-04-03,2,0,10,0.88,35,28,58,41,0.49,1,0,0,1,stress_underestimation
STU_004,ENT_00307,2026-04-04,1,1,79,0.54,11,7,31,35,0.54,0,1,0,1,context_mismatch
STU_004,ENT_00308,2026-04-04,2,1,9,0.94,3,6,7,20,0.84,1,1,1,0,accurate_perception
STU_004,ENT_00309,2026-04-05,1,1,149,0.11,50,31,80,66,0.19,1,0,0,0,productivity_overestimation
STU_004,ENT_00310,2026-04-05,2,1,42,0.66,45,22,60,55,0.21,1,1,0,1,focus_mismatch
STU_004,ENT_00311,2026-04-06,1,0,43,0.65,22,18,17,32,0.63,0,1,1,1,context_mismatch
STU_004,ENT_00312,2026-04-06,2,0,32,0.73,21,6,29,42,0.55,0,1,1,1,context_mismatch
STU_004,ENT_00313,2026-04-07,1,0,35,0.53,41,17,30,51,0.38,1,1,0,1,stress_underestimation
STU_004,ENT_00314,2026-04-07,2,0,75,0.3,66,18,66,47,0.22,1,0,0,1,productivity_overestimation
STU_004,ENT_00315,2026-04-08,1,0,19,0.82,13,0,20,8,0.92,1,1,1,0,accurate_perception
STU_004,ENT_00316,2026-04-08,2,0,74,0.4,33,6,50,44,0.55,0,1,0,1,context_mismatch
STU_004,ENT_00317,2026-04-09,1,0,43,0.43,31,15,47,43,0.61,0,1,0,0,context_mismatch
STU_004,ENT_00318,2026-04-09,2,0,26,0.73,29,14,61,72,0.32,1,0,0,0,focus_mismatch
STU_004,ENT_00319,2026-04-10,1,0,19,0.82,24,30,41,62,0.44,1,0,1,1,stress_underestimation
STU_004,ENT_00320,2026-04-10,2,0,66,0.63,23,14,42,40,0.33,0,1,0,0,context_mismatch
STU_004,ENT_00321,2026-04-11,1,1,13,0.84,41,18,39,33,0.42,1,0,1,1,stress_underestimation
STU_004,ENT_00322,2026-04-11,2,1,25,0.83,12,3,16,14,0.82,1,1,1,0,accurate_perception
STU_004,ENT_00323,2026-04-12,1,1,46,0.69,42,11,35,56,0.32,1,0,1,1,focus_mismatch
STU_004,ENT_00324,2026-04-12,2,1,56,0.65,16,14,43,20,0.61,0,0,0,0,context_mismatch
STU_004,ENT_00325,2026-04-13,1,0,107,0.13,77,23,50,56,0.28,0,0,0,1,productivity_overestimation
STU_004,ENT_00326,2026-04-13,2,0,54,0.61,31,14,46,40,0.54,0,1,1,1,context_mismatch
STU_004,ENT_00327,2026-04-14,1,0,12,0.82,30,23,69,74,0.27,0,1,1,1,focus_mismatch
STU_004,ENT_00328,2026-04-14,2,0,34,0.76,42,10,42,62,0.39,1,0,0,1,focus_mismatch
STU_004,ENT_00329,2026-04-15,1,0,10,0.86,9,0,16,16,0.86,1,1,1,0,accurate_perception
STU_004,ENT_00330,2026-04-15,2,0,94,0.18,45,18,60,69,0.23,0,0,1,0,productivity_overestimation
STU_004,ENT_00331,2026-04-16,1,0,12,0.84,13,10,2,9,0.75,1,1,0,0,accurate_perception
STU_004,ENT_00332,2026-04-16,2,0,69,0.43,54,23,76,59,0.17,0,0,0,1,productivity_overestimation
STU_004,ENT_00333,2026-04-17,1,0,36,0.75,22,28,32,34,0.36,1,1,0,1,stress_underestimation
STU_004,ENT_00334,2026-04-17,2,0,31,0.71,46,10,65,50,0.26,1,1,0,1,focus_mismatch
STU_004,ENT_00335,2026-04-18,1,1,53,0.63,50,10,65,65,0.2,1,1,0,1,stress_underestimation
STU_004,ENT_00336,2026-04-18,2,1,35,0.66,53,14,45,51,0.32,0,0,0,1,focus_mismatch
STU_004,ENT_00337,2026-04-19,1,1,45,0.65,37,12,48,34,0.26,1,1,1,1,stress_underestimation
STU_004,ENT_00338,2026-04-19,2,1,34,0.62,44,12,47,60,0.29,1,1,0,1,focus_mismatch
STU_004,ENT_00339,2026-04-20,1,0,62,0.46,20,12,29,37,0.61,0,1,0,1,context_mismatch
STU_004,ENT_00340,2026-04-20,2,0,41,0.66,44,19,61,65,0.31,0,1,0,1,stress_underestimation
STU_004,ENT_00341,2026-04-21,1,0,26,0.81,2,0,16,5,0.96,1,1,1,0,accurate_perception
STU_004,ENT_00342,2026-04-21,2,0,5,0.95,40,14,58,65,0.31,1,1,0,1,focus_mismatch
STU_004,ENT_00343,2026-04-22,1,0,24,0.77,37,10,47,19,0.47,0,1,0,1,context_mismatch
STU_004,ENT_00344,2026-04-22,2,0,28,0.57,35,17,34,46,0.27,0,1,1,1,stress_underestimation
STU_004,ENT_00345,2026-04-23,1,0,39,0.4,30,15,21,37,0.72,0,1,1,1,context_mismatch
STU_004,ENT_00346,2026-04-23,2,0,67,0.53,28,7,48,23,0.59,0,1,1,0,context_mismatch
STU_004,ENT_00347,2026-04-24,1,0,3,0.98,0,8,4,19,0.67,1,1,1,0,accurate_perception
STU_004,ENT_00348,2026-04-24,2,0,24,0.7,47,13,49,66,0.45,1,1,1,0,focus_mismatch
STU_004,ENT_00349,2026-04-25,1,1,67,0.4,11,9,25,19,0.5,0,1,0,0,context_mismatch
STU_004,ENT_00350,2026-04-25,2,1,104,0.33,78,33,90,36,0.32,0,0,0,0,productivity_overestimation
STU_004,ENT_00351,2026-04-26,1,1,74,0.57,17,18,24,40,0.63,0,1,1,0,context_mismatch
STU_004,ENT_00352,2026-04-26,2,1,35,0.7,22,17,54,54,0.19,1,1,0,1,stress_underestimation
STU_004,ENT_00353,2026-04-27,1,0,41,0.7,48,27,62,37,0.31,1,0,1,1,stress_underestimation
STU_004,ENT_00354,2026-04-27,2,0,24,0.63,23,12,45,40,0.6,0,1,0,0,context_mismatch
STU_004,ENT_00355,2026-04-28,1,0,81,0.32,45,24,88,69,0.12,0,0,1,0,productivity_overestimation
STU_004,ENT_00356,2026-04-28,2,0,31,0.64,20,18,38,18,0.48,0,1,1,1,context_mismatch
STU_004,ENT_00357,2026-04-29,1,0,25,0.74,22,11,41,32,0.63,0,1,1,0,context_mismatch
STU_004,ENT_00358,2026-04-29,2,0,19,0.87,4,10,3,12,0.87,1,1,0,0,accurate_perception
STU_004,ENT_00359,2026-04-30,1,0,94,0.29,79,37,93,38,0.23,0,0,0,0,productivity_overestimation
STU_004,ENT_00360,2026-04-30,2,0,42,0.41,17,16,20,34,0.39,0,1,1,1,context_mismatch
STU_004,ENT_00361,2026-05-01,1,0,20,0.76,6,10,16,14,0.82,1,1,1,0,accurate_perception
STU_004,ENT_00362,2026-05-01,2,0,30,0.63,21,12,15,20,0.38,0,1,1,1,context_mismatch
STU_004,ENT_00363,2026-05-02,1,1,50,0.6,47,12,40,75,0.34,1,1,1,1,focus_mismatch
STU_004,ENT_00364,2026-05-02,2,1,15,0.87,43,10,51,51,0.22,0,1,1,0,focus_mismatch
STU_004,ENT_00365,2026-05-03,1,1,5,0.96,8,7,12,20,0.98,1,1,1,0,accurate_perception
STU_004,ENT_00366,2026-05-03,2,1,21,0.67,28,12,54,70,0.43,1,0,1,1,stress_underestimation
STU_004,ENT_00367,2026-05-04,1,0,77,0.4,36,13,30,24,0.46,0,1,0,1,context_mismatch
STU_004,ENT_00368,2026-05-04,2,0,17,0.84,8,2,6,20,0.87,1,1,0,0,accurate_perception
STU_004,ENT_00369,2026-05-05,1,0,3,0.96,11,2,3,8,1.0,1,1,1,0,accurate_perception
STU_004,ENT_00370,2026-05-05,2,0,58,0.66,25,16,35,30,0.75,0,1,1,0,context_mismatch
STU_004,ENT_00371,2026-05-06,1,0,129,0.17,54,39,86,43,0.17,1,0,1,0,productivity_overestimation
STU_004,ENT_00372,2026-05-06,2,0,49,0.67,24,8,48,29,0.4,0,1,0,0,context_mismatch
STU_004,ENT_00373,2026-05-07,1,0,42,0.7,15,13,30,23,0.56,0,1,0,0,context_mismatch
STU_004,ENT_00374,2026-05-07,2,0,74,0.53,37,17,32,29,0.38,0,1,0,0,context_mismatch
STU_004,ENT_00375,2026-05-08,1,0,46,0.65,32,16,39,39,0.29,1,1,0,1,stress_underestimation
STU_004,ENT_00376,2026-05-08,2,0,12,0.9,10,7,9,13,0.88,1,1,1,0,accurate_perception
STU_004,ENT_00377,2026-05-09,1,1,82,0.3,70,35,56,63,0.2,0,0,1,1,productivity_overestimation
STU_004,ENT_00378,2026-05-09,2,1,15,0.86,55,16,69,51,0.4,1,1,1,0,focus_mismatch
STU_004,ENT_00379,2026-05-10,1,1,16,0.89,52,15,56,66,0.37,0,0,0,1,focus_mismatch
STU_004,ENT_00380,2026-05-10,2,1,19,0.8,44,22,52,68,0.48,1,1,1,0,focus_mismatch
STU_004,ENT_00381,2026-05-11,1,0,62,0.48,45,21,60,60,0.03,1,0,1,0,productivity_overestimation
STU_004,ENT_00382,2026-05-11,2,0,88,0.12,79,19,55,59,0.11,0,0,0,0,productivity_overestimation
STU_004,ENT_00383,2026-05-12,1,0,83,0.11,62,25,80,64,0.3,0,0,1,1,productivity_overestimation
STU_004,ENT_00384,2026-05-12,2,0,137,0.14,78,29,90,62,0.23,0,0,0,1,productivity_overestimation
STU_004,ENT_00385,2026-05-13,1,0,58,0.5,23,13,24,24,0.41,0,0,1,0,context_mismatch
STU_004,ENT_00386,2026-05-13,2,0,36,0.8,19,5,42,40,0.43,0,0,1,0,context_mismatch
STU_004,ENT_00387,2026-05-14,1,0,57,0.48,32,17,39,22,0.46,0,0,1,0,context_mismatch
STU_004,ENT_00388,2026-05-14,2,0,34,0.64,47,12,41,38,0.36,1,1,1,1,stress_underestimation
STU_004,ENT_00389,2026-05-15,1,0,50,0.5,21,27,31,41,0.5,0,1,0,1,stress_underestimation
STU_004,ENT_00390,2026-05-15,2,0,42,0.66,38,19,66,63,0.37,1,0,0,0,focus_mismatch
STU_004,ENT_00391,2026-05-16,1,1,34,0.74,31,18,59,40,0.28,0,1,1,0,focus_mismatch
STU_004,ENT_00392,2026-05-16,2,1,34,0.71,41,16,60,54,0.42,1,0,0,1,stress_underestimation
STU_004,ENT_00393,2026-05-17,1,1,31,0.59,40,19,42,53,0.59,0,0,0,1,stress_underestimation
STU_004,ENT_00394,2026-05-17,2,1,18,0.78,38,13,55,45,0.16,1,1,0,1,stress_underestimation
STU_004,ENT_00395,2026-05-18,1,0,10,0.88,35,11,38,62,0.4,0,0,1,0,focus_mismatch
STU_004,ENT_00396,2026-05-18,2,0,25,0.82,50,24,47,41,0.34,0,1,0,1,focus_mismatch
STU_004,ENT_00397,2026-05-19,1,0,34,0.74,26,28,41,64,0.4,1,0,0,1,stress_underestimation
STU_004,ENT_00398,2026-05-19,2,0,84,0.49,21,19,15,39,0.57,0,0,0,1,context_mismatch
STU_004,ENT_00399,2026-05-20,1,0,13,0.86,2,10,17,17,0.79,1,1,1,0,accurate_perception
STU_004,ENT_00400,2026-05-20,2,0,106,0.25,47,18,83,39,0.2,0,0,0,0,productivity_overestimation
STU_005,ENT_00401,2026-04-01,1,0,95,0.45,73,34,94,51,0.05,0,0,0,0,productivity_overestimation
STU_005,ENT_00402,2026-04-01,2,0,24,0.66,40,11,53,65,0.55,1,0,1,1,stress_underestimation
STU_005,ENT_00403,2026-04-02,1,0,82,0.51,40,11,48,18,0.38,0,1,0,0,context_mismatch
STU_005,ENT_00404,2026-04-02,2,0,38,0.73,27,18,21,39,0.56,0,1,1,0,context_mismatch
STU_005,ENT_00405,2026-04-03,1,0,110,0.22,50,32,88,63,0.37,0,0,0,1,productivity_overestimation
STU_005,ENT_00406,2026-04-03,2,0,29,0.71,38,27,43,54,0.56,1,1,1,1,stress_underestimation
STU_005,ENT_00407,2026-04-04,1,1,90,0.41,19,5,48,19,0.66,0,1,0,0,context_mismatch
STU_005,ENT_00408,2026-04-04,2,1,24,0.84,4,1,1,19,0.73,1,1,1,0,accurate_perception
STU_005,ENT_00409,2026-04-05,1,1,4,0.96,2,9,12,11,0.96,1,1,1,0,accurate_perception
STU_005,ENT_00410,2026-04-05,2,1,129,0.28,46,34,91,54,0.17,1,0,0,0,productivity_overestimation
STU_005,ENT_00411,2026-04-06,1,0,14,0.88,3,3,20,5,0.92,1,1,0,0,accurate_perception
STU_005,ENT_00412,2026-04-06,2,0,24,0.81,47,17,44,43,0.47,1,0,0,1,focus_mismatch
STU_005,ENT_00413,2026-04-07,1,0,23,0.7,40,11,70,65,0.25,1,0,0,1,focus_mismatch
STU_005,ENT_00414,2026-04-07,2,0,58,0.59,27,12,30,17,0.47,0,1,0,0,context_mismatch
STU_005,ENT_00415,2026-04-08,1,0,46,0.56,31,29,31,49,0.27,1,0,1,1,stress_underestimation
STU_005,ENT_00416,2026-04-08,2,0,84,0.27,49,39,96,40,0.03,0,0,0,0,productivity_overestimation
STU_005,ENT_00417,2026-04-09,1,0,27,0.73,25,20,48,74,0.26,1,1,0,1,focus_mismatch
STU_005,ENT_00418,2026-04-09,2,0,27,0.8,28,15,33,48,0.35,1,0,1,1,stress_underestimation
STU_005,ENT_00419,2026-04-10,1,0,19,0.83,49,21,36,31,0.41,1,0,1,1,stress_underestimation
STU_005,ENT_00420,2026-04-10,2,0,86,0.51,37,7,26,21,0.54,0,1,0,0,context_mismatch
STU_005,ENT_00421,2026-04-11,1,1,26,0.75,48,15,36,62,0.34,1,0,1,0,focus_mismatch
STU_005,ENT_00422,2026-04-11,2,1,11,0.83,50,18,44,39,0.33,0,0,1,1,stress_underestimation
STU_005,ENT_00423,2026-04-12,1,1,66,0.61,17,18,30,33,0.54,0,1,1,0,context_mismatch
STU_005,ENT_00424,2026-04-12,2,1,31,0.6,31,11,23,24,0.69,0,0,1,0,context_mismatch
STU_005,ENT_00425,2026-04-13,1,0,32,0.6,37,27,37,41,0.42,1,0,1,1,stress_underestimation
STU_005,ENT_00426,2026-04-13,2,0,16,0.86,8,2,6,8,0.64,1,1,1,0,accurate_perception
STU_005,ENT_00427,2026-04-14,1,0,58,0.58,27,17,31,52,0.33,0,1,1,1,stress_underestimation
STU_005,ENT_00428,2026-04-14,2,0,130,0.13,52,22,52,61,0.16,0,0,0,0,productivity_overestimation
STU_005,ENT_00429,2026-04-15,1,0,42,0.51,49,24,61,50,0.59,1,1,0,1,stress_underestimation
STU_005,ENT_00430,2026-04-15,2,0,37,0.63,50,28,64,63,0.48,0,0,1,1,stress_underestimation
STU_005,ENT_00431,2026-04-16,1,0,44,0.74,26,17,17,32,0.57,0,0,0,0,context_mismatch
STU_005,ENT_00432,2026-04-16,2,0,50,0.69,24,10,42,24,0.49,0,1,0,0,context_mismatch
STU_005,ENT_00433,2026-04-17,1,0,22,0.82,4,6,13,15,0.77,1,1,1,0,accurate_perception
STU_005,ENT_00434,2026-04-17,2,0,22,0.81,10,10,5,8,0.77,1,1,1,0,accurate_perception
STU_005,ENT_00435,2026-04-18,1,1,20,0.82,41,15,59,75,0.35,1,0,0,0,focus_mismatch
STU_005,ENT_00436,2026-04-18,2,1,118,0.17,68,24,90,46,0.05,0,0,0,1,productivity_overestimation
STU_005,ENT_00437,2026-04-19,1,1,117,0.24,40,34,81,50,0.18,1,0,0,1,productivity_overestimation
STU_005,ENT_00438,2026-04-19,2,1,83,0.31,57,34,90,70,0.21,0,0,0,0,productivity_overestimation
STU_005,ENT_00439,2026-04-20,1,0,9,0.86,29,20,35,33,0.38,0,1,0,1,stress_underestimation
STU_005,ENT_00440,2026-04-20,2,0,2,0.98,2,4,10,16,1.0,1,1,1,0,accurate_perception
STU_005,ENT_00441,2026-04-21,1,0,24,0.8,8,5,16,18,0.9,1,1,1,0,accurate_perception
STU_005,ENT_00442,2026-04-21,2,0,131,0.23,45,30,96,53,0.25,0,0,1,1,productivity_overestimation
STU_005,ENT_00443,2026-04-22,1,0,12,0.9,15,7,5,12,1.0,1,1,0,0,accurate_perception
STU_005,ENT_00444,2026-04-22,2,0,76,0.28,53,40,89,61,0.15,0,0,0,0,productivity_overestimation
STU_005,ENT_00445,2026-04-23,1,0,27,0.6,36,27,50,30,0.25,1,0,0,1,stress_underestimation
STU_005,ENT_00446,2026-04-23,2,0,138,0.22,70,40,52,43,0.22,0,0,0,1,productivity_overestimation
STU_005,ENT_00447,2026-04-24,1,0,25,0.8,10,8,17,5,0.8,1,1,1,0,accurate_perception
STU_005,ENT_00448,2026-04-24,2,0,56,0.4,74,20,86,59,0.06,0,0,1,1,productivity_overestimation
STU_005,ENT_00449,2026-04-25,1,1,24,0.66,27,21,58,49,0.28,0,1,0,1,stress_underestimation
STU_005,ENT_00450,2026-04-25,2,1,38,0.67,45,25,62,39,0.39,1,1,1,1,stress_underestimation
STU_005,ENT_00451,2026-04-26,1,1,115,0.26,48,21,96,37,0.23,0,0,0,1,productivity_overestimation
STU_005,ENT_00452,2026-04-26,2,1,4,0.97,10,7,1,8,0.89,1,1,1,0,accurate_perception
STU_005,ENT_00453,2026-04-27,1,0,116,0.32,60,21,62,53,0.12,1,0,1,0,productivity_overestimation
STU_005,ENT_00454,2026-04-27,2,0,30,0.59,44,13,48,74,0.25,0,1,0,0,focus_mismatch
STU_005,ENT_00455,2026-04-28,1,0,102,0.23,43,19,51,65,0.19,1,0,0,0,productivity_overestimation
STU_005,ENT_00456,2026-04-28,2,0,40,0.71,30,19,37,24,0.44,0,1,0,0,context_mismatch
STU_005,ENT_00457,2026-04-29,1,0,42,0.74,24,14,44,30,0.41,0,1,1,0,context_mismatch
STU_005,ENT_00458,2026-04-29,2,0,44,0.7,52,20,64,71,0.2,1,1,1,0,focus_mismatch
STU_005,ENT_00459,2026-04-30,1,0,49,0.63,28,22,41,60,0.25,1,1,1,1,focus_mismatch
STU_005,ENT_00460,2026-04-30,2,0,71,0.45,25,17,19,25,0.5,0,1,1,1,context_mismatch
STU_005,ENT_00461,2026-05-01,1,0,40,0.56,41,12,61,37,0.42,1,0,1,1,stress_underestimation
STU_005,ENT_00462,2026-05-01,2,0,74,0.24,78,39,74,55,0.23,0,0,0,0,productivity_overestimation
STU_005,ENT_00463,2026-05-02,1,1,6,0.96,4,10,4,19,0.84,1,1,1,0,accurate_perception
STU_005,ENT_00464,2026-05-02,2,1,85,0.51,28,14,42,37,0.66,0,0,0,1,context_mismatch
STU_005,ENT_00465,2026-05-03,1,1,3,0.96,1,5,17,6,0.71,1,1,1,0,accurate_perception
STU_005,ENT_00466,2026-05-03,2,1,79,0.15,77,27,90,55,0.22,1,0,1,0,productivity_overestimation
STU_005,ENT_00467,2026-05-04,1,0,26,0.69,46,21,56,39,0.41,0,0,0,1,stress_underestimation
STU_005,ENT_00468,2026-05-04,2,0,77,0.49,48,17,58,61,0.35,1,0,1,0,productivity_overestimation
STU_005,ENT_00469,2026-05-05,1,0,73,0.55,21,12,26,28,0.6,0,1,0,1,context_mismatch
STU_005,ENT_00470,2026-05-05,2,0,52,0.6,11,6,45,37,0.53,0,1,0,0,context_mismatch
STU_005,ENT_00471,2026-05-06,1,0,33,0.65,22,26,35,45,0.44,1,0,1,1,stress_underestimation
STU_005,ENT_00472,2026-05-06,2,0,30,0.77,35,24,62,60,0.39,1,1,1,1,stress_underestimation
STU_005,ENT_00473,2026-05-07,1,0,119,0.28,76,23,53,65,0.23,0,0,1,0,productivity_overestimation
STU_005,ENT_00474,2026-05-07,2,0,12,0.9,33,14,52,57,0.32,0,0,0,1,focus_mismatch
STU_005,ENT_00475,2026-05-08,1,0,31,0.67,17,20,26,40,0.46,0,0,0,1,context_mismatch
STU_005,ENT_00476,2026-05-08,2,0,7,0.94,13,6,7,19,0.85,1,1,1,0,accurate_perception
STU_005,ENT_00477,2026-05-09,1,1,58,0.59,46,13,33,40,0.38,1,0,1,1,stress_underestimation
STU_005,ENT_00478,2026-05-09,2,1,42,0.55,47,23,30,48,0.52,1,1,0,1,stress_underestimation
STU_005,ENT_00479,2026-05-10,1,1,90,0.33,67,34,91,52,0.12,0,0,0,1,productivity_overestimation
STU_005,ENT_00480,2026-05-10,2,1,31,0.66,28,11,48,25,0.7,0,1,0,1,context_mismatch
STU_005,ENT_00481,2026-05-11,1,0,91,0.36,68,26,64,53,0.06,0,0,0,0,productivity_overestimation
STU_005,ENT_00482,2026-05-11,2,0,2,0.99,2,9,4,17,0.98,1,1,1,0,accurate_perception
STU_005,ENT_00483,2026-05-12,1,0,5,0.93,8,4,14,7,0.98,1,1,1,0,accurate_perception
STU_005,ENT_00484,2026-05-12,2,0,34,0.77,30,18,40,34,0.25,1,1,0,1,stress_underestimation
STU_005,ENT_00485,2026-05-13,1,0,22,0.73,40,16,60,51,0.28,1,1,0,1,focus_mismatch
STU_005,ENT_00486,2026-05-13,2,0,44,0.53,22,12,46,58,0.26,1,0,0,1,stress_underestimation
STU_005,ENT_00487,2026-05-14,1,0,58,0.61,32,28,30,62,0.52,1,1,1,1,stress_underestimation
STU_005,ENT_00488,2026-05-14,2,0,7,0.9,0,6,15,8,0.96,1,1,1,0,accurate_perception
STU_005,ENT_00489,2026-05-15,1,0,15,0.78,55,12,58,74,0.38,1,1,0,0,focus_mismatch
STU_005,ENT_00490,2026-05-15,2,0,77,0.47,32,17,21,35,0.6,0,1,1,1,context_mismatch
STU_005,ENT_00491,2026-05-16,1,1,53,0.43,71,27,54,69,0.23,1,0,0,0,productivity_overestimation
STU_005,ENT_00492,2026-05-16,2,1,19,0.71,31,24,69,49,0.33,0,0,0,1,focus_mismatch
STU_005,ENT_00493,2026-05-17,1,1,68,0.51,42,30,38,30,0.21,1,0,1,1,stress_underestimation
STU_005,ENT_00494,2026-05-17,2,1,15,0.78,23,13,61,68,0.43,0,1,1,1,stress_underestimation
STU_005,ENT_00495,2026-05-18,1,0,18,0.88,3,10,18,9,0.89,1,1,0,0,accurate_perception
STU_005,ENT_00496,2026-05-18,2,0,49,0.52,28,14,56,40,0.47,1,0,0,1,stress_underestimation
STU_005,ENT_00497,2026-05-19,1,0,127,0.25,50,15,81,40,0.04,0,0,1,1,productivity_overestimation
STU_005,ENT_00498,2026-05-19,2,0,69,0.56,14,11,24,35,0.47,0,0,0,1,context_mismatch
STU_005,ENT_00499,2026-05-20,1,0,36,0.71,22,30,49,52,0.39,0,0,0,1,stress_underestimation
STU_005,ENT_00500,2026-05-20,2,0,42,0.67,34,30,43,47,0.19,0,1,1,1,stress_underestimation
STU_006,ENT_00501,2026-04-01,1,0,37,0.74,28,20,59,32,0.19,1,0,0,1,stress_underestimation
STU_006,ENT_00502,2026-04-01,2,0,36,0.51,27,24,50,56,0.34,1,0,0,1,stress_underestimation
STU_006,ENT_00503,2026-04-02,1,0,20,0.82,32,12,65,71,0.2,0,1,0,1,focus_mismatch
STU_006,ENT_00504,2026-04-02,2,0,18,0.79,33,16,56,48,0.22,1,0,0,1,focus_mismatch
STU_006,ENT_00505,2026-04-03,1,0,54,0.48,19,10,25,33,0.76,0,0,1,1,context_mismatch
STU_006,ENT_00506,2026-04-03,2,0,59,0.56,24,13,15,38,0.6,0,0,1,0,context_mismatch
STU_006,ENT_00507,2026-04-04,1,1,37,0.73,39,5,41,16,0.41,0,1,0,0,context_mismatch
STU_006,ENT_00508,2026-04-04,2,1,58,0.64,13,19,46,22,0.48,0,1,1,0,context_mismatch
STU_006,ENT_00509,2026-04-05,1,1,112,0.35,41,30,92,54,0.12,0,0,0,1,productivity_overestimation
STU_006,ENT_00510,2026-04-05,2,1,49,0.56,47,21,59,70,0.28,1,1,0,1,stress_underestimation
STU_006,ENT_00511,2026-04-06,1,0,18,0.88,42,16,40,61,0.29,1,1,0,0,focus_mismatch
STU_006,ENT_00512,2026-04-06,2,0,19,0.71,30,12,70,53,0.2,1,0,1,1,focus_mismatch
STU_006,ENT_00513,2026-04-07,1,0,24,0.84,7,5,11,13,0.84,1,1,0,0,accurate_perception
STU_006,ENT_00514,2026-04-07,2,0,118,0.22,47,30,95,69,0.24,0,0,0,1,productivity_overestimation
STU_006,ENT_00515,2026-04-08,1,0,30,0.56,48,24,35,35,0.3,0,0,0,1,stress_underestimation
STU_006,ENT_00516,2026-04-08,2,0,44,0.64,31,10,53,66,0.45,0,1,1,1,focus_mismatch
STU_006,ENT_00517,2026-04-09,1,0,52,0.46,10,12,48,35,0.52,0,1,1,0,context_mismatch
STU_006,ENT_00518,2026-04-09,2,0,69,0.59,24,14,23,43,0.57,0,1,0,0,context_mismatch
STU_006,ENT_00519,2026-04-10,1,0,24,0.64,34,24,45,50,0.34,0,0,0,0,focus_mismatch
STU_006,ENT_00520,2026-04-10,2,0,142,0.13,56,26,61,48,0.12,0,0,0,0,productivity_overestimation
STU_006,ENT_00521,2026-04-11,1,1,20,0.75,28,10,60,71,0.48,1,0,0,1,focus_mismatch
STU_006,ENT_00522,2026-04-11,2,1,51,0.64,25,14,24,40,0.65,0,1,1,1,context_mismatch
STU_006,ENT_00523,2026-04-12,1,1,83,0.13,75,18,69,36,0.25,1,0,0,0,productivity_overestimation
STU_006,ENT_00524,2026-04-12,2,1,19,0.77,32,18,47,41,0.29,1,0,1,0,focus_mismatch
STU_006,ENT_00525,2026-04-13,1,0,34,0.73,39,16,40,19,0.6,0,1,1,0,context_mismatch
STU_006,ENT_00526,2026-04-13,2,0,17,0.85,27,16,63,66,0.36,1,1,1,0,focus_mismatch
STU_006,ENT_00527,2026-04-14,1,0,13,0.83,15,8,10,7,1.0,1,1,1,0,accurate_perception
STU_006,ENT_00528,2026-04-14,2,0,99,0.2,75,29,95,43,0.21,0,0,1,1,productivity_overestimation
STU_006,ENT_00529,2026-04-15,1,0,136,0.17,75,38,79,49,0.01,0,0,0,1,productivity_overestimation
STU_006,ENT_00530,2026-04-15,2,0,101,0.2,71,37,91,50,0.16,1,0,0,1,productivity_overestimation
STU_006,ENT_00531,2026-04-16,1,0,88,0.49,31,20,22,26,0.57,0,1,0,1,context_mismatch
STU_006,ENT_00532,2026-04-16,2,0,155,0.13,50,16,67,58,0.27,0,0,0,1,productivity_overestimation
STU_006,ENT_00533,2026-04-17,1,0,17,0.75,49,15,41,50,0.41,1,1,1,1,focus_mismatch
STU_006,ENT_00534,2026-04-17,2,0,39,0.7,46,14,30,38,0.38,1,1,1,1,stress_underestimation
STU_006,ENT_00535,2026-04-18,1,1,15,0.83,7,3,17,8,0.91,1,1,0,0,accurate_perception
STU_006,ENT_00536,2026-04-18,2,1,16,0.87,11,2,14,15,0.71,1,1,1,0,accurate_perception
STU_006,ENT_00537,2026-04-19,1,1,26,0.82,7,4,4,11,0.65,1,1,1,0,accurate_perception
STU_006,ENT_00538,2026-04-19,2,1,10,0.84,21,16,36,32,0.49,0,1,0,1,stress_underestimation
STU_006,ENT_00539,2026-04-20,1,0,19,0.81,3,9,6,11,0.73,1,1,0,0,accurate_perception
STU_006,ENT_00540,2026-04-20,2,0,83,0.34,62,26,60,67,0.28,0,0,0,0,productivity_overestimation
STU_006,ENT_00541,2026-04-21,1,0,52,0.46,34,5,21,44,0.47,0,1,1,0,context_mismatch
STU_006,ENT_00542,2026-04-21,2,0,25,0.83,25,21,54,57,0.26,0,1,0,1,stress_underestimation
STU_006,ENT_00543,2026-04-22,1,0,41,0.67,32,14,50,38,0.38,0,0,1,0,context_mismatch
STU_006,ENT_00544,2026-04-22,2,0,38,0.74,24,12,50,28,0.56,0,0,0,0,context_mismatch
STU_006,ENT_00545,2026-04-23,1,0,1,0.98,15,10,3,17,0.86,1,1,0,0,accurate_perception
STU_006,ENT_00546,2026-04-23,2,0,134,0.25,46,38,60,39,0.11,0,0,1,1,productivity_overestimation
STU_006,ENT_00547,2026-04-24,1,0,128,0.16,77,33,67,60,0.2,1,0,0,1,productivity_overestimation
STU_006,ENT_00548,2026-04-24,2,0,88,0.16,71,22,90,43,0.15,0,0,0,0,productivity_overestimation
STU_006,ENT_00549,2026-04-25,1,1,20,0.86,9,9,19,8,0.96,1,1,1,0,accurate_perception
STU_006,ENT_00550,2026-04-25,2,1,34,0.6,35,25,62,46,0.47,1,0,0,1,stress_underestimation
STU_006,ENT_00551,2026-04-26,1,1,10,0.87,10,6,14,19,0.65,1,1,1,0,accurate_perception
STU_006,ENT_00552,2026-04-26,2,1,26,0.83,13,2,9,17,0.77,1,1,1,0,accurate_perception
STU_006,ENT_00553,2026-04-27,1,0,52,0.6,25,10,47,16,0.52,0,1,1,0,context_mismatch
STU_006,ENT_00554,2026-04-27,2,0,12,0.82,50,10,56,64,0.19,1,1,1,0,focus_mismatch
STU_006,ENT_00555,2026-04-28,1,0,56,0.61,22,12,49,37,0.26,1,0,1,1,stress_underestimation
STU_006,ENT_00556,2026-04-28,2,0,24,0.81,28,10,60,67,0.22,1,1,1,1,stress_underestimation
STU_006,ENT_00557,2026-04-29,1,0,26,0.64,16,15,46,31,0.68,0,0,1,0,context_mismatch
STU_006,ENT_00558,2026-04-29,2,0,5,0.96,2,8,6,14,0.74,1,1,1,0,accurate_perception
STU_006,ENT_00559,2026-04-30,1,0,42,0.73,32,8,36,23,0.48,0,1,1,0,context_mismatch
STU_006,ENT_00560,2026-04-30,2,0,19,0.81,46,20,47,66,0.33,1,0,0,1,focus_mismatch
STU_006,ENT_00561,2026-05-01,1,0,44,0.67,41,24,47,70,0.43,1,0,0,1,stress_underestimation
STU_006,ENT_00562,2026-05-01,2,0,8,0.9,52,23,61,60,0.5,1,0,1,1,focus_mismatch
STU_006,ENT_00563,2026-05-02,1,1,6,0.93,7,6,7,8,0.65,1,1,1,0,accurate_perception
STU_006,ENT_00564,2026-05-02,2,1,53,0.54,38,6,27,20,0.39,0,1,0,1,context_mismatch
STU_006,ENT_00565,2026-05-03,1,1,6,0.95,1,1,10,14,1.0,1,1,1,0,accurate_perception
STU_006,ENT_00566,2026-05-03,2,1,9,0.87,4,3,3,8,0.92,1,1,1,0,accurate_perception
STU_006,ENT_00567,2026-05-04,1,0,20,0.78,49,20,56,64,0.45,1,0,0,0,focus_mismatch
STU_006,ENT_00568,2026-05-04,2,0,117,0.2,77,16,81,69,0.26,0,0,1,1,productivity_overestimation
STU_006,ENT_00569,2026-05-05,1,0,28,0.71,39,9,38,30,0.68,0,0,0,1,context_mismatch
STU_006,ENT_00570,2026-05-05,2,0,27,0.82,41,17,46,65,0.39,1,1,0,1,stress_underestimation
STU_006,ENT_00571,2026-05-06,1,0,54,0.53,39,17,31,24,0.49,0,0,1,0,context_mismatch
STU_006,ENT_00572,2026-05-06,2,0,9,0.92,13,0,8,7,1.0,1,1,1,0,accurate_perception
STU_006,ENT_00573,2026-05-07,1,0,26,0.75,48,13,40,46,0.37,1,1,1,1,stress_underestimation
STU_006,ENT_00574,2026-05-07,2,0,40,0.72,40,24,38,30,0.4,1,0,0,1,stress_underestimation
STU_006,ENT_00575,2026-05-08,1,0,123,0.29,78,36,76,55,0.26,0,0,0,0,productivity_overestimation
STU_006,ENT_00576,2026-05-08,2,0,42,0.56,33,21,41,55,0.6,1,0,0,1,stress_underestimation
STU_006,ENT_00577,2026-05-09,1,1,12,0.92,7,1,14,11,0.85,1,1,0,0,accurate_perception
STU_006,ENT_00578,2026-05-09,2,1,51,0.45,40,16,25,45,0.47,0,1,1,0,context_mismatch
STU_006,ENT_00579,2026-05-10,1,1,6,0.93,6,4,9,20,0.8,1,1,0,0,accurate_perception
STU_006,ENT_00580,2026-05-10,2,1,24,0.75,26,23,41,56,0.39,1,0,1,1,stress_underestimation
STU_006,ENT_00581,2026-05-11,1,0,11,0.93,2,0,15,9,1.0,1,1,1,0,accurate_perception
STU_006,ENT_00582,2026-05-11,2,0,53,0.65,39,18,34,36,0.33,0,1,1,1,stress_underestimation
STU_006,ENT_00583,2026-05-12,1,0,8,0.94,1,0,8,17,0.77,1,1,1,0,accurate_perception
STU_006,ENT_00584,2026-05-12,2,0,72,0.24,56,20,82,66,0.36,0,0,0,1,productivity_overestimation
STU_006,ENT_00585,2026-05-13,1,0,43,0.54,21,14,61,47,0.56,1,1,1,1,stress_underestimation
STU_006,ENT_00586,2026-05-13,2,0,40,0.51,25,9,50,42,0.7,0,1,0,0,context_mismatch
STU_006,ENT_00587,2026-05-14,1,0,74,0.21,50,37,79,62,0.2,1,0,0,1,productivity_overestimation
STU_006,ENT_00588,2026-05-14,2,0,33,0.73,28,14,42,62,0.3,0,0,1,1,focus_mismatch
STU_006,ENT_00589,2026-05-15,1,0,1,0.99,0,8,18,10,0.74,1,1,1,0,accurate_perception
STU_006,ENT_00590,2026-05-15,2,0,26,0.59,41,13,55,53,0.52,1,0,0,1,stress_underestimation
STU_006,ENT_00591,2026-05-16,1,1,136,0.22,80,23,88,35,0.07,1,0,0,0,productivity_overestimation
STU_006,ENT_00592,2026-05-16,2,1,13,0.91,48,12,70,64,0.17,0,1,0,0,focus_mismatch
STU_006,ENT_00593,2026-05-17,1,1,16,0.86,4,1,9,20,0.99,1,1,1,0,accurate_perception
STU_006,ENT_00594,2026-05-17,2,1,8,0.92,11,8,6,20,0.81,1,1,1,0,accurate_perception
STU_006,ENT_00595,2026-05-18,1,0,71,0.54,21,10,42,35,0.44,0,1,1,1,context_mismatch
STU_006,ENT_00596,2026-05-18,2,0,10,0.87,41,12,53,69,0.39,1,1,0,0,focus_mismatch
STU_006,ENT_00597,2026-05-19,1,0,29,0.68,29,28,33,65,0.18,0,1,1,1,stress_underestimation
STU_006,ENT_00598,2026-05-19,2,0,113,0.3,62,23,87,40,0.16,1,0,0,0,productivity_overestimation
STU_006,ENT_00599,2026-05-20,1,0,29,0.74,14,10,14,13,0.89,1,1,0,0,accurate_perception
STU_006,ENT_00600,2026-05-20,2,0,16,0.88,38,10,35,65,0.16,1,1,1,1,focus_mismatch
STU_007,ENT_00601,2026-04-01,1,0,30,0.78,39,21,55,49,0.2,0,0,0,1,stress_underestimation
STU_007,ENT_00602,2026-04-01,2,0,27,0.57,40,14,45,57,0.57,1,0,0,1,stress_underestimation
STU_007,ENT_00603,2026-04-02,1,0,33,0.72,28,15,44,68,0.44,1,0,0,1,focus_mismatch
STU_007,ENT_00604,2026-04-02,2,0,32,0.52,13,18,41,42,0.56,0,1,1,0,context_mismatch
STU_007,ENT_00605,2026-04-03,1,0,47,0.65,39,20,29,37,0.32,0,1,1,1,context_mismatch
STU_007,ENT_00606,2026-04-03,2,0,97,0.32,47,30,89,57,0.18,0,0,0,0,productivity_overestimation
STU_007,ENT_00607,2026-04-04,1,1,65,0.48,39,15,44,19,0.71,0,1,1,1,context_mismatch
STU_007,ENT_00608,2026-04-04,2,1,27,0.78,47,15,43,48,0.37,1,0,0,1,stress_underestimation
STU_007,ENT_00609,2026-04-05,1,1,72,0.29,71,24,65,48,0.31,0,0,0,1,productivity_overestimation
STU_007,ENT_00610,2026-04-05,2,1,61,0.51,22,20,57,37,0.36,0,1,1,1,stress_underestimation
STU_007,ENT_00611,2026-04-06,1,0,3,0.95,8,2,16,8,1.0,1,1,1,0,accurate_perception
STU_007,ENT_00612,2026-04-06,2,0,12,0.84,45,29,36,65,0.18,1,0,0,1,stress_underestimation
STU_007,ENT_00613,2026-04-07,1,0,6,0.94,15,1,4,16,0.73,1,1,0,0,accurate_perception
STU_007,ENT_00614,2026-04-07,2,0,95,0.4,36,20,36,24,0.47,0,1,1,0,context_mismatch
STU_007,ENT_00615,2026-04-08,1,0,45,0.65,27,14,57,56,0.61,1,1,0,1,stress_underestimation
STU_007,ENT_00616,2026-04-08,2,0,48,0.68,40,7,20,25,0.59,0,0,1,0,context_mismatch
STU_007,ENT_00617,2026-04-09,1,0,20,0.86,45,19,61,65,0.46,1,1,1,0,focus_mismatch
STU_007,ENT_00618,2026-04-09,2,0,3,0.98,12,7,20,11,0.99,1,1,1,0,accurate_perception
STU_007,ENT_00619,2026-04-10,1,0,52,0.64,26,19,35,32,0.39,1,0,1,1,stress_underestimation
STU_007,ENT_00620,2026-04-10,2,0,25,0.75,49,15,36,41,0.43,1,0,1,1,focus_mismatch
STU_007,ENT_00621,2026-04-11,1,1,89,0.42,21,13,47,26,0.49,0,0,1,0,context_mismatch
STU_007,ENT_00622,2026-04-11,2,1,20,0.81,28,12,37,24,0.54,0,1,0,1,context_mismatch
STU_007,ENT_00623,2026-04-12,1,1,23,0.68,43,16,58,69,0.27,1,0,0,0,focus_mismatch
STU_007,ENT_00624,2026-04-12,2,1,25,0.71,26,17,50,31,0.71,0,1,1,1,context_mismatch
STU_007,ENT_00625,2026-04-13,1,0,49,0.73,33,18,25,19,0.55,0,1,0,1,context_mismatch
STU_007,ENT_00626,2026-04-13,2,0,78,0.47,25,6,25,45,0.65,0,0,1,0,context_mismatch
STU_007,ENT_00627,2026-04-14,1,0,74,0.22,47,26,69,58,0.16,0,0,0,1,productivity_overestimation
STU_007,ENT_00628,2026-04-14,2,0,107,0.15,71,15,57,70,0.24,1,0,0,1,productivity_overestimation
STU_007,ENT_00629,2026-04-15,1,0,75,0.53,36,9,23,31,0.64,0,1,1,0,context_mismatch
STU_007,ENT_00630,2026-04-15,2,0,10,0.93,13,6,7,17,0.71,1,1,1,0,accurate_perception
STU_007,ENT_00631,2026-04-16,1,0,26,0.82,5,0,18,14,0.79,1,1,1,0,accurate_perception
STU_007,ENT_00632,2026-04-16,2,0,121,0.24,43,33,83,47,0.25,0,0,0,0,productivity_overestimation
STU_007,ENT_00633,2026-04-17,1,0,13,0.85,14,1,17,15,0.73,1,1,0,0,accurate_perception
STU_007,ENT_00634,2026-04-17,2,0,9,0.86,35,22,51,45,0.15,0,1,0,0,focus_mismatch
STU_007,ENT_00635,2026-04-18,1,1,12,0.88,26,20,46,41,0.34,0,1,0,1,focus_mismatch
STU_007,ENT_00636,2026-04-18,2,1,15,0.8,7,9,18,12,0.9,1,1,1,0,accurate_perception
STU_007,ENT_00637,2026-04-19,1,1,11,0.89,13,1,15,5,0.77,1,1,0,0,accurate_perception
STU_007,ENT_00638,2026-04-19,2,1,54,0.63,49,14,54,66,0.38,1,0,0,1,focus_mismatch
STU_007,ENT_00639,2026-04-20,1,0,38,0.58,23,19,17,15,0.74,0,1,1,1,context_mismatch
STU_007,ENT_00640,2026-04-20,2,0,32,0.74,12,5,20,11,0.88,1,1,0,0,accurate_perception
STU_007,ENT_00641,2026-04-21,1,0,81,0.17,65,37,57,43,0.34,1,0,0,1,productivity_overestimation
STU_007,ENT_00642,2026-04-21,2,0,21,0.85,14,4,7,15,0.79,1,1,1,0,accurate_perception
STU_007,ENT_00643,2026-04-22,1,0,16,0.79,25,25,35,40,0.35,1,1,1,1,focus_mismatch
STU_007,ENT_00644,2026-04-22,2,0,153,0.12,41,36,78,42,0.23,0,0,0,0,productivity_overestimation
STU_007,ENT_00645,2026-04-23,1,0,11,0.82,11,3,14,5,0.67,1,1,1,0,accurate_perception
STU_007,ENT_00646,2026-04-23,2,0,40,0.52,39,30,49,44,0.32,1,0,1,1,stress_underestimation
STU_007,ENT_00647,2026-04-24,1,0,73,0.47,16,17,22,42,0.48,0,0,0,1,context_mismatch
STU_007,ENT_00648,2026-04-24,2,0,42,0.69,22,28,38,34,0.37,0,1,0,1,stress_underestimation
STU_007,ENT_00649,2026-04-25,1,1,31,0.79,14,0,13,6,0.92,1,1,1,0,accurate_perception
STU_007,ENT_00650,2026-04-25,2,1,30,0.75,41,11,49,43,0.25,1,1,0,1,focus_mismatch
STU_007,ENT_00651,2026-04-26,1,1,82,0.5,54,37,77,39,0.22,0,0,0,0,productivity_overestimation
STU_007,ENT_00652,2026-04-26,2,1,36,0.7,45,30,51,46,0.32,1,0,1,1,stress_underestimation
STU_007,ENT_00653,2026-04-27,1,0,23,0.67,29,19,21,35,0.46,0,0,0,0,context_mismatch
STU_007,ENT_00654,2026-04-27,2,0,12,0.82,26,24,38,59,0.34,0,0,0,1,focus_mismatch
STU_007,ENT_00655,2026-04-28,1,0,7,0.95,7,9,19,5,0.83,1,1,1,0,accurate_perception
STU_007,ENT_00656,2026-04-28,2,0,8,0.92,0,7,16,15,0.8,1,1,0,0,accurate_perception
STU_007,ENT_00657,2026-04-29,1,0,28,0.83,14,13,37,28,0.57,0,0,0,0,context_mismatch
STU_007,ENT_00658,2026-04-29,2,0,20,0.8,40,21,49,67,0.57,0,1,1,1,stress_underestimation
STU_007,ENT_00659,2026-04-30,1,0,20,0.67,41,14,33,45,0.47,0,1,1,1,stress_underestimation
STU_007,ENT_00660,2026-04-30,2,0,81,0.3,61,21,92,65,0.34,0,0,1,1,productivity_overestimation
STU_007,ENT_00661,2026-05-01,1,0,38,0.53,48,11,61,44,0.55,1,0,1,1,stress_underestimation
STU_007,ENT_00662,2026-05-01,2,0,23,0.77,32,16,55,41,0.4,0,0,1,1,stress_underestimation
STU_007,ENT_00663,2026-05-02,1,1,71,0.44,63,16,51,47,0.07,0,0,1,0,productivity_overestimation
STU_007,ENT_00664,2026-05-02,2,1,28,0.66,30,18,41,41,0.34,1,0,1,0,focus_mismatch
STU_007,ENT_00665,2026-05-03,1,1,22,0.79,55,23,39,47,0.32,0,0,1,1,focus_mismatch
STU_007,ENT_00666,2026-05-03,2,1,47,0.67,26,16,69,58,0.36,0,1,0,1,focus_mismatch
STU_007,ENT_00667,2026-05-04,1,0,5,0.94,15,10,19,7,0.73,1,1,1,0,accurate_perception
STU_007,ENT_00668,2026-05-04,2,0,43,0.66,30,21,63,60,0.46,1,1,0,1,stress_underestimation
STU_007,ENT_00669,2026-05-05,1,0,17,0.85,37,16,54,67,0.44,1,1,0,0,focus_mismatch
STU_007,ENT_00670,2026-05-05,2,0,48,0.62,38,11,59,62,0.42,1,1,1,1,stress_underestimation
STU_007,ENT_00671,2026-05-06,1,0,27,0.71,30,24,49,56,0.33,0,1,0,1,focus_mismatch
STU_007,ENT_00672,2026-05-06,2,0,16,0.77,10,3,10,13,0.85,1,1,1,0,accurate_perception
STU_007,ENT_00673,2026-05-07,1,0,1,0.99,8,0,9,14,1.0,1,1,1,0,accurate_perception
STU_007,ENT_00674,2026-05-07,2,0,29,0.8,4,6,7,12,0.86,1,1,0,0,accurate_perception
STU_007,ENT_00675,2026-05-08,1,0,69,0.56,36,19,36,40,0.49,0,1,1,0,context_mismatch
STU_007,ENT_00676,2026-05-08,2,0,30,0.52,28,9,34,45,0.62,0,1,1,0,context_mismatch
STU_007,ENT_00677,2026-05-09,1,1,19,0.83,47,19,55,41,0.25,0,0,1,1,focus_mismatch
STU_007,ENT_00678,2026-05-09,2,1,41,0.7,32,22,43,55,0.25,1,0,1,1,stress_underestimation
STU_007,ENT_00679,2026-05-10,1,1,86,0.51,15,8,50,20,0.45,0,1,0,0,context_mismatch
STU_007,ENT_00680,2026-05-10,2,1,116,0.17,54,24,92,68,0.03,0,0,0,1,productivity_overestimation
STU_007,ENT_00681,2026-05-11,1,0,1,0.99,4,8,13,20,0.9,1,1,0,0,accurate_perception
STU_007,ENT_00682,2026-05-11,2,0,101,0.3,70,20,88,54,0.22,1,0,0,0,productivity_overestimation
STU_007,ENT_00683,2026-05-12,1,0,55,0.44,55,31,71,66,0.21,0,0,0,1,productivity_overestimation
STU_007,ENT_00684,2026-05-12,2,0,28,0.71,51,15,61,55,0.27,1,1,1,1,focus_mismatch
STU_007,ENT_00685,2026-05-13,1,0,102,0.27,42,22,60,52,0.28,0,0,1,0,productivity_overestimation
STU_007,ENT_00686,2026-05-13,2,0,23,0.82,11,1,3,15,0.76,1,1,0,0,accurate_perception
STU_007,ENT_00687,2026-05-14,1,0,26,0.62,31,19,39,25,0.69,0,1,0,0,context_mismatch
STU_007,ENT_00688,2026-05-14,2,0,24,0.69,48,24,66,69,0.23,0,1,0,1,focus_mismatch
STU_007,ENT_00689,2026-05-15,1,0,3,0.96,3,2,9,8,0.84,1,1,0,0,accurate_perception
STU_007,ENT_00690,2026-05-15,2,0,22,0.77,26,11,64,43,0.29,1,0,1,1,stress_underestimation
STU_007,ENT_00691,2026-05-16,1,1,68,0.5,44,22,42,45,0.31,0,0,1,1,stress_underestimation
STU_007,ENT_00692,2026-05-16,2,1,74,0.35,46,40,92,45,0.15,0,0,0,1,productivity_overestimation
STU_007,ENT_00693,2026-05-17,1,1,24,0.72,22,18,22,22,0.44,0,0,0,0,context_mismatch
STU_007,ENT_00694,2026-05-17,2,1,25,0.71,46,18,53,32,0.21,1,1,0,1,stress_underestimation
STU_007,ENT_00695,2026-05-18,1,0,59,0.55,50,13,50,70,0.49,1,0,1,1,stress_underestimation
STU_007,ENT_00696,2026-05-18,2,0,147,0.17,70,17,71,36,0.24,1,0,1,0,productivity_overestimation
STU_007,ENT_00697,2026-05-19,1,0,32,0.48,29,8,34,22,0.67,0,1,0,0,context_mismatch
STU_007,ENT_00698,2026-05-19,2,0,100,0.13,53,35,52,50,0.3,1,0,1,1,productivity_overestimation
STU_007,ENT_00699,2026-05-20,1,0,74,0.22,66,35,68,36,0.19,0,0,0,0,productivity_overestimation
STU_007,ENT_00700,2026-05-20,2,0,37,0.74,35,12,39,31,0.48,0,0,0,0,context_mismatch
STU_008,ENT_00701,2026-04-01,1,0,72,0.33,48,17,61,70,0.35,0,0,1,0,productivity_overestimation
STU_008,ENT_00702,2026-04-01,2,0,29,0.64,17,18,26,34,0.43,0,1,0,0,context_mismatch
STU_008,ENT_00703,2026-04-02,1,0,13,0.88,5,7,14,18,0.9,1,1,0,0,accurate_perception
STU_008,ENT_00704,2026-04-02,2,0,3,0.95,13,1,9,9,0.8,1,1,1,0,accurate_perception
STU_008,ENT_00705,2026-04-03,1,0,44,0.59,25,7,36,19,0.55,0,0,0,0,context_mismatch
STU_008,ENT_00706,2026-04-03,2,0,11,0.9,13,6,11,17,0.88,1,1,1,0,accurate_perception
STU_008,ENT_00707,2026-04-04,1,1,85,0.19,76,20,62,62,0.35,0,0,1,1,productivity_overestimation
STU_008,ENT_00708,2026-04-04,2,1,19,0.72,49,23,45,45,0.48,1,0,0,1,stress_underestimation
STU_008,ENT_00709,2026-04-05,1,1,53,0.64,32,15,35,47,0.42,1,1,0,1,focus_mismatch
STU_008,ENT_00710,2026-04-05,2,1,3,0.96,8,4,16,17,0.92,1,1,1,0,accurate_perception
STU_008,ENT_00711,2026-04-06,1,0,34,0.74,4,4,6,17,0.81,1,1,0,0,accurate_perception
STU_008,ENT_00712,2026-04-06,2,0,17,0.75,13,10,9,18,0.73,1,1,1,0,accurate_perception
STU_008,ENT_00713,2026-04-07,1,0,103,0.33,68,33,63,46,0.19,0,0,0,1,productivity_overestimation
STU_008,ENT_00714,2026-04-07,2,0,22,0.7,15,7,33,17,0.47,0,1,0,1,context_mismatch
STU_008,ENT_00715,2026-04-08,1,0,29,0.6,33,10,37,46,0.31,1,1,1,1,focus_mismatch
STU_008,ENT_00716,2026-04-08,2,0,39,0.62,48,20,50,45,0.57,1,0,1,1,stress_underestimation
STU_008,ENT_00717,2026-04-09,1,0,7,0.88,12,2,0,8,0.92,1,1,1,0,accurate_perception
STU_008,ENT_00718,2026-04-09,2,0,34,0.71,41,25,62,56,0.35,1,1,0,1,stress_underestimation
STU_008,ENT_00719,2026-04-10,1,0,27,0.73,27,29,61,55,0.53,1,1,1,1,stress_underestimation
STU_008,ENT_00720,2026-04-10,2,0,4,0.94,9,9,6,9,1.0,1,1,1,0,accurate_perception
STU_008,ENT_00721,2026-04-11,1,1,30,0.81,27,19,25,43,0.46,0,1,0,0,context_mismatch
STU_008,ENT_00722,2026-04-11,2,1,28,0.81,28,23,36,50,0.4,1,1,0,1,focus_mismatch
STU_008,ENT_00723,2026-04-12,1,1,53,0.63,29,25,40,61,0.5,1,0,1,1,focus_mismatch
STU_008,ENT_00724,2026-04-12,2,1,8,0.93,13,3,7,13,0.65,1,1,0,0,accurate_perception
STU_008,ENT_00725,2026-04-13,1,0,15,0.82,28,21,43,60,0.45,0,1,0,1,focus_mismatch
STU_008,ENT_00726,2026-04-13,2,0,56,0.51,21,9,48,36,0.52,0,1,0,1,context_mismatch
STU_008,ENT_00727,2026-04-14,1,0,4,0.96,15,10,14,9,0.81,1,1,1,0,accurate_perception
STU_008,ENT_00728,2026-04-14,2,0,6,0.91,9,8,3,13,1.0,1,1,1,0,accurate_perception
STU_008,ENT_00729,2026-04-15,1,0,25,0.74,32,11,51,39,0.44,1,0,0,1,stress_underestimation
STU_008,ENT_00730,2026-04-15,2,0,7,0.94,9,10,5,5,0.83,1,1,1,0,accurate_perception
STU_008,ENT_00731,2026-04-16,1,0,51,0.54,26,14,33,37,0.72,0,1,1,0,context_mismatch
STU_008,ENT_00732,2026-04-16,2,0,113,0.31,43,37,69,64,0.25,1,0,1,1,productivity_overestimation
STU_008,ENT_00733,2026-04-17,1,0,19,0.78,45,10,58,46,0.47,0,1,1,1,focus_mismatch
STU_008,ENT_00734,2026-04-17,2,0,10,0.86,15,2,1,8,1.0,1,1,1,0,accurate_perception
STU_008,ENT_00735,2026-04-18,1,1,53,0.65,17,17,46,24,0.7,0,1,1,1,context_mismatch
STU_008,ENT_00736,2026-04-18,2,1,4,0.94,12,4,20,19,0.73,1,1,0,0,accurate_perception
STU_008,ENT_00737,2026-04-19,1,1,131,0.15,77,33,86,65,0.2,0,0,0,1,productivity_overestimation
STU_008,ENT_00738,2026-04-19,2,1,9,0.91,3,5,2,10,0.86,1,1,1,0,accurate_perception
STU_008,ENT_00739,2026-04-20,1,0,68,0.58,12,8,28,45,0.52,0,1,0,0,context_mismatch
STU_008,ENT_00740,2026-04-20,2,0,44,0.41,28,11,25,17,0.64,0,0,0,0,context_mismatch
STU_008,ENT_00741,2026-04-21,1,0,70,0.46,40,5,30,24,0.5,0,1,1,0,context_mismatch
STU_008,ENT_00742,2026-04-21,2,0,36,0.71,21,11,21,36,0.59,0,0,0,0,context_mismatch
STU_008,ENT_00743,2026-04-22,1,0,7,0.91,6,9,11,13,0.76,1,1,0,0,accurate_perception
STU_008,ENT_00744,2026-04-22,2,0,41,0.71,22,19,20,45,0.46,0,1,0,1,context_mismatch
STU_008,ENT_00745,2026-04-23,1,0,10,0.89,47,16,58,72,0.34,0,1,1,1,focus_mismatch
STU_008,ENT_00746,2026-04-23,2,0,83,0.16,74,18,93,70,0.15,0,0,0,1,productivity_overestimation
STU_008,ENT_00747,2026-04-24,1,0,25,0.72,27,22,36,37,0.35,1,1,0,1,stress_underestimation
STU_008,ENT_00748,2026-04-24,2,0,86,0.49,18,8,18,20,0.55,0,0,1,1,context_mismatch
STU_008,ENT_00749,2026-04-25,1,1,38,0.71,47,22,60,67,0.19,1,0,0,1,stress_underestimation
STU_008,ENT_00750,2026-04-25,2,1,110,0.11,80,26,95,50,0.22,1,0,0,1,productivity_overestimation
STU_008,ENT_00751,2026-04-26,1,1,18,0.85,13,8,7,14,0.81,1,1,1,0,accurate_perception
STU_008,ENT_00752,2026-04-26,2,1,27,0.62,12,12,20,20,0.49,0,1,1,0,context_mismatch
STU_008,ENT_00753,2026-04-27,1,0,2,0.98,4,7,15,8,0.84,1,1,1,0,accurate_perception
STU_008,ENT_00754,2026-04-27,2,0,113,0.28,55,38,92,68,0.15,1,0,0,0,productivity_overestimation
STU_008,ENT_00755,2026-04-28,1,0,83,0.22,43,28,81,59,0.23,0,0,1,0,productivity_overestimation
STU_008,ENT_00756,2026-04-28,2,0,11,0.85,15,4,8,11,0.73,1,1,1,0,accurate_perception
STU_008,ENT_00757,2026-04-29,1,0,35,0.75,53,11,64,71,0.12,1,1,1,1,focus_mismatch
STU_008,ENT_00758,2026-04-29,2,0,91,0.19,40,18,77,66,0.15,0,0,0,0,productivity_overestimation
STU_008,ENT_00759,2026-04-30,1,0,34,0.76,11,4,11,18,0.97,1,1,1,0,accurate_perception
STU_008,ENT_00760,2026-04-30,2,0,126,0.14,62,38,77,35,0.25,0,0,0,0,productivity_overestimation
STU_008,ENT_00761,2026-05-01,1,0,8,0.93,30,16,65,57,0.23,1,0,1,1,focus_mismatch
STU_008,ENT_00762,2026-05-01,2,0,52,0.69,14,8,21,40,0.34,0,1,0,1,context_mismatch
STU_008,ENT_00763,2026-05-02,1,1,28,0.73,44,10,62,70,0.27,1,0,0,1,focus_mismatch
STU_008,ENT_00764,2026-05-02,2,1,89,0.44,18,12,42,21,0.6,0,0,0,0,context_mismatch
STU_008,ENT_00765,2026-05-03,1,1,25,0.82,3,2,12,6,0.72,1,1,0,0,accurate_perception
STU_008,ENT_00766,2026-05-03,2,1,22,0.69,22,18,48,24,0.71,0,0,1,0,context_mismatch
STU_008,ENT_00767,2026-05-04,1,0,83,0.42,13,13,38,23,0.73,0,0,1,0,context_mismatch
STU_008,ENT_00768,2026-05-04,2,0,108,0.38,70,23,88,41,0.14,1,0,0,1,productivity_overestimation
STU_008,ENT_00769,2026-05-05,1,0,6,0.9,29,20,58,63,0.4,1,1,0,1,focus_mismatch
STU_008,ENT_00770,2026-05-05,2,0,10,0.86,29,13,37,52,0.24,0,0,1,1,focus_mismatch
STU_008,ENT_00771,2026-05-06,1,0,27,0.68,24,11,38,42,0.42,1,1,1,1,stress_underestimation
STU_008,ENT_00772,2026-05-06,2,0,79,0.55,25,18,48,44,0.74,0,0,1,1,context_mismatch
STU_008,ENT_00773,2026-05-07,1,0,25,0.81,6,6,15,7,0.8,1,1,1,0,accurate_perception
STU_008,ENT_00774,2026-05-07,2,0,70,0.49,15,5,25,33,0.5,0,1,1,1,context_mismatch
STU_008,ENT_00775,2026-05-08,1,0,20,0.8,29,18,65,37,0.21,0,1,0,1,stress_underestimation
STU_008,ENT_00776,2026-05-08,2,0,17,0.82,28,11,45,43,0.31,1,1,1,1,stress_underestimation
STU_008,ENT_00777,2026-05-09,1,1,134,0.16,48,28,89,53,0.08,0,0,0,0,productivity_overestimation
STU_008,ENT_00778,2026-05-09,2,1,15,0.84,37,28,36,54,0.49,1,0,1,1,stress_underestimation
STU_008,ENT_00779,2026-05-10,1,1,29,0.78,52,22,44,68,0.3,1,0,1,0,focus_mismatch
STU_008,ENT_00780,2026-05-10,2,1,49,0.7,16,20,26,35,0.45,0,0,1,1,context_mismatch
STU_008,ENT_00781,2026-05-11,1,0,15,0.78,40,22,36,63,0.34,0,0,1,1,stress_underestimation
STU_008,ENT_00782,2026-05-11,2,0,8,0.87,26,14,50,45,0.35,1,0,0,0,focus_mismatch
STU_008,ENT_00783,2026-05-12,1,0,60,0.64,16,9,45,39,0.56,0,0,1,0,context_mismatch
STU_008,ENT_00784,2026-05-12,2,0,47,0.64,30,8,16,41,0.42,0,0,1,0,context_mismatch
STU_008,ENT_00785,2026-05-13,1,0,95,0.2,49,26,91,53,0.22,1,0,1,0,productivity_overestimation
STU_008,ENT_00786,2026-05-13,2,0,50,0.43,40,14,37,17,0.51,0,0,0,1,context_mismatch
STU_008,ENT_00787,2026-05-14,1,0,100,0.24,67,19,92,54,0.18,0,0,0,1,productivity_overestimation
STU_008,ENT_00788,2026-05-14,2,0,16,0.77,47,14,39,50,0.28,1,0,0,1,stress_underestimation
STU_008,ENT_00789,2026-05-15,1,0,53,0.44,20,9,26,39,0.48,0,1,1,1,context_mismatch
STU_008,ENT_00790,2026-05-15,2,0,19,0.87,7,6,13,20,0.86,1,1,1,0,accurate_perception
STU_008,ENT_00791,2026-05-16,1,1,8,0.94,7,1,7,16,0.8,1,1,0,0,accurate_perception
STU_008,ENT_00792,2026-05-16,2,1,10,0.87,26,21,58,48,0.2,1,1,0,0,focus_mismatch
STU_008,ENT_00793,2026-05-17,1,1,16,0.79,4,6,0,18,0.85,1,1,1,0,accurate_perception
STU_008,ENT_00794,2026-05-17,2,1,41,0.7,10,9,38,19,0.34,0,1,1,0,context_mismatch
STU_008,ENT_00795,2026-05-18,1,0,19,0.75,42,19,60,56,0.46,1,0,1,1,stress_underestimation
STU_008,ENT_00796,2026-05-18,2,0,93,0.46,72,20,50,60,0.3,1,0,1,1,productivity_overestimation
STU_008,ENT_00797,2026-05-19,1,0,24,0.84,5,4,2,17,0.92,1,1,0,0,accurate_perception
STU_008,ENT_00798,2026-05-19,2,0,23,0.79,27,7,44,30,0.52,0,1,0,0,context_mismatch
STU_008,ENT_00799,2026-05-20,1,0,13,0.85,3,1,11,15,0.66,1,1,1,0,accurate_perception
STU_008,ENT_00800,2026-05-20,2,0,65,0.29,59,21,85,47,0.13,0,0,0,0,productivity_overestimation
STU_009,ENT_00801,2026-04-01,1,0,24,0.76,31,19,55,62,0.36,1,1,0,1,stress_underestimation
STU_009,ENT_00802,2026-04-01,2,0,23,0.79,36,14,31,67,0.48,0,1,0,1,stress_underestimation
STU_009,ENT_00803,2026-04-02,1,0,150,0.12,54,21,93,44,0.19,0,0,0,0,productivity_overestimation
STU_009,ENT_00804,2026-04-02,2,0,45,0.61,47,22,50,53,0.47,0,1,0,0,focus_mismatch
STU_009,ENT_00805,2026-04-03,1,0,110,0.31,45,30,56,64,0.25,0,0,0,1,productivity_overestimation
STU_009,ENT_00806,2026-04-03,2,0,38,0.45,34,19,31,30,0.75,0,1,0,0,context_mismatch
STU_009,ENT_00807,2026-04-04,1,1,3,0.97,12,6,19,9,0.83,1,1,1,0,accurate_perception
STU_009,ENT_00808,2026-04-04,2,1,18,0.88,14,4,1,6,0.87,1,1,1,0,accurate_perception
STU_009,ENT_00809,2026-04-05,1,1,103,0.19,76,27,54,49,0.17,0,0,0,1,productivity_overestimation
STU_009,ENT_00810,2026-04-05,2,1,72,0.56,12,10,21,44,0.67,0,1,0,0,context_mismatch
STU_009,ENT_00811,2026-04-06,1,0,35,0.74,47,25,42,57,0.32,1,0,0,1,focus_mismatch
STU_009,ENT_00812,2026-04-06,2,0,75,0.53,39,16,42,30,0.41,0,0,1,0,context_mismatch
STU_009,ENT_00813,2026-04-07,1,0,30,0.62,37,12,54,68,0.42,1,1,0,0,focus_mismatch
STU_009,ENT_00814,2026-04-07,2,0,88,0.34,59,20,62,57,0.28,0,0,1,1,productivity_overestimation
STU_009,ENT_00815,2026-04-08,1,0,17,0.84,42,16,39,49,0.38,1,1,0,0,focus_mismatch
STU_009,ENT_00816,2026-04-08,2,0,4,0.97,3,10,13,13,0.76,1,1,1,0,accurate_perception
STU_009,ENT_00817,2026-04-09,1,0,16,0.89,3,0,6,11,0.84,1,1,0,0,accurate_perception
STU_009,ENT_00818,2026-04-09,2,0,15,0.83,41,28,30,53,0.4,1,0,1,1,stress_underestimation
STU_009,ENT_00819,2026-04-10,1,0,43,0.62,46,27,57,63,0.51,0,1,1,1,stress_underestimation
STU_009,ENT_00820,2026-04-10,2,0,19,0.76,37,19,62,58,0.46,0,0,0,0,focus_mismatch
STU_009,ENT_00821,2026-04-11,1,1,52,0.54,43,29,64,36,0.44,0,1,1,1,stress_underestimation
STU_009,ENT_00822,2026-04-11,2,1,38,0.71,31,25,42,62,0.52,1,1,0,1,focus_mismatch
STU_009,ENT_00823,2026-04-12,1,1,19,0.8,28,19,56,45,0.33,0,0,0,1,stress_underestimation
STU_009,ENT_00824,2026-04-12,2,1,109,0.3,78,25,71,45,0.39,0,0,1,1,productivity_overestimation
STU_009,ENT_00825,2026-04-13,1,0,68,0.29,76,28,58,59,0.23,0,0,1,0,productivity_overestimation
STU_009,ENT_00826,2026-04-13,2,0,53,0.67,28,17,31,41,0.66,0,0,0,0,context_mismatch
STU_009,ENT_00827,2026-04-14,1,0,92,0.44,74,17,86,59,0.15,1,0,1,1,productivity_overestimation
STU_009,ENT_00828,2026-04-14,2,0,98,0.17,74,22,96,59,0.29,0,0,0,0,productivity_overestimation
STU_009,ENT_00829,2026-04-15,1,0,27,0.8,23,24,37,36,0.24,0,0,0,1,stress_underestimation
STU_009,ENT_00830,2026-04-15,2,0,89,0.47,13,20,16,28,0.51,0,0,0,1,context_mismatch
STU_009,ENT_00831,2026-04-16,1,0,40,0.72,35,10,26,24,0.34,0,1,0,0,context_mismatch
STU_009,ENT_00832,2026-04-16,2,0,1,0.99,0,2,16,13,0.92,1,1,0,0,accurate_perception
STU_009,ENT_00833,2026-04-17,1,0,86,0.45,37,16,22,43,0.43,0,0,0,1,context_mismatch
STU_009,ENT_00834,2026-04-17,2,0,11,0.88,31,27,48,59,0.47,1,1,0,1,stress_underestimation
STU_009,ENT_00835,2026-04-18,1,1,11,0.88,28,19,45,53,0.44,1,1,1,1,focus_mismatch
STU_009,ENT_00836,2026-04-18,2,1,50,0.56,31,21,34,58,0.21,1,1,1,1,stress_underestimation
STU_009,ENT_00837,2026-04-19,1,1,17,0.88,41,21,60,41,0.29,1,0,1,0,focus_mismatch
STU_009,ENT_00838,2026-04-19,2,1,119,0.13,60,18,50,55,0.28,0,0,0,1,productivity_overestimation
STU_009,ENT_00839,2026-04-20,1,0,16,0.85,6,8,6,8,0.91,1,1,1,0,accurate_perception
STU_009,ENT_00840,2026-04-20,2,0,105,0.27,67,25,70,47,0.2,1,0,0,1,productivity_overestimation
STU_009,ENT_00841,2026-04-21,1,0,19,0.77,17,5,33,15,0.66,0,0,1,0,context_mismatch
STU_009,ENT_00842,2026-04-21,2,0,64,0.32,73,16,71,36,0.03,1,0,1,1,productivity_overestimation
STU_009,ENT_00843,2026-04-22,1,0,42,0.62,49,20,66,43,0.34,1,1,0,1,focus_mismatch
STU_009,ENT_00844,2026-04-22,2,0,27,0.69,3,5,13,12,0.69,1,1,1,0,accurate_perception
STU_009,ENT_00845,2026-04-23,1,0,1,0.98,1,4,1,8,0.68,1,1,1,0,accurate_perception
STU_009,ENT_00846,2026-04-23,2,0,35,0.68,30,14,64,47,0.3,1,1,1,1,focus_mismatch
STU_009,ENT_00847,2026-04-24,1,0,128,0.21,71,23,70,65,0.1,0,0,1,0,productivity_overestimation
STU_009,ENT_00848,2026-04-24,2,0,19,0.79,48,16,39,44,0.35,0,0,1,1,focus_mismatch
STU_009,ENT_00849,2026-04-25,1,1,63,0.46,72,25,98,54,0.27,0,0,0,0,productivity_overestimation
STU_009,ENT_00850,2026-04-25,2,1,4,0.97,6,6,6,7,0.72,1,1,1,0,accurate_perception
STU_009,ENT_00851,2026-04-26,1,1,13,0.82,3,1,7,5,0.91,1,1,0,0,accurate_perception
STU_009,ENT_00852,2026-04-26,2,1,54,0.49,39,7,37,28,0.44,0,1,1,0,context_mismatch
STU_009,ENT_00853,2026-04-27,1,0,25,0.62,33,18,27,24,0.39,0,1,1,1,context_mismatch
STU_009,ENT_00854,2026-04-27,2,0,73,0.49,13,12,22,16,0.68,0,0,0,1,context_mismatch
STU_009,ENT_00855,2026-04-28,1,0,123,0.27,65,27,75,41,0.21,0,0,0,0,productivity_overestimation
STU_009,ENT_00856,2026-04-28,2,0,142,0.17,78,24,96,35,0.12,1,0,1,1,productivity_overestimation
STU_009,ENT_00857,2026-04-29,1,0,12,0.85,2,2,5,15,0.9,1,1,0,0,accurate_perception
STU_009,ENT_00858,2026-04-29,2,0,28,0.55,28,12,40,30,0.52,1,0,1,1,stress_underestimation
STU_009,ENT_00859,2026-04-30,1,0,3,0.95,9,3,16,10,0.98,1,1,0,0,accurate_perception
STU_009,ENT_00860,2026-04-30,2,0,30,0.74,36,18,66,56,0.19,1,1,1,1,focus_mismatch
STU_009,ENT_00861,2026-05-01,1,0,45,0.67,28,26,31,39,0.61,1,0,1,1,stress_underestimation
STU_009,ENT_00862,2026-05-01,2,0,55,0.64,23,16,28,38,0.51,0,1,0,0,context_mismatch
STU_009,ENT_00863,2026-05-02,1,1,1,0.99,5,4,11,15,0.8,1,1,1,0,accurate_perception
STU_009,ENT_00864,2026-05-02,2,1,11,0.91,28,23,64,62,0.37,1,0,1,1,focus_mismatch
STU_009,ENT_00865,2026-05-03,1,1,129,0.24,50,24,81,53,0.07,1,0,0,0,productivity_overestimation
STU_009,ENT_00866,2026-05-03,2,1,17,0.74,25,23,57,40,0.14,1,0,0,1,focus_mismatch
STU_009,ENT_00867,2026-05-04,1,0,23,0.73,54,12,53,54,0.29,0,1,1,1,focus_mismatch
STU_009,ENT_00868,2026-05-04,2,0,20,0.78,5,9,13,15,0.87,1,1,0,0,accurate_perception
STU_009,ENT_00869,2026-05-05,1,0,27,0.68,27,19,64,74,0.3,1,0,0,1,focus_mismatch
STU_009,ENT_00870,2026-05-05,2,0,65,0.64,21,19,37,28,0.63,0,1,0,1,context_mismatch
STU_009,ENT_00871,2026-05-06,1,0,72,0.29,79,24,100,50,0.19,0,0,0,1,productivity_overestimation
STU_009,ENT_00872,2026-05-06,2,0,105,0.3,73,29,53,40,0.18,0,0,0,0,productivity_overestimation
STU_009,ENT_00873,2026-05-07,1,0,20,0.86,1,1,18,6,0.91,1,1,1,0,accurate_perception
STU_009,ENT_00874,2026-05-07,2,0,17,0.81,40,14,49,70,0.44,0,1,0,1,stress_underestimation
STU_009,ENT_00875,2026-05-08,1,0,96,0.43,55,21,56,65,0.11,1,0,0,0,productivity_overestimation
STU_009,ENT_00876,2026-05-08,2,0,13,0.84,51,18,63,47,0.34,0,0,0,0,focus_mismatch
STU_009,ENT_00877,2026-05-09,1,1,37,0.56,19,14,21,45,0.55,0,1,1,0,context_mismatch
STU_009,ENT_00878,2026-05-09,2,1,31,0.73,29,24,37,66,0.38,0,1,0,1,stress_underestimation
STU_009,ENT_00879,2026-05-10,1,1,9,0.88,14,4,0,10,0.88,1,1,1,0,accurate_perception
STU_009,ENT_00880,2026-05-10,2,1,36,0.72,27,15,44,62,0.38,1,0,1,1,focus_mismatch
STU_009,ENT_00881,2026-05-11,1,0,37,0.74,55,25,46,72,0.4,0,1,1,1,focus_mismatch
STU_009,ENT_00882,2026-05-11,2,0,32,0.51,43,15,44,36,0.45,1,1,1,1,stress_underestimation
STU_009,ENT_00883,2026-05-12,1,0,42,0.53,48,15,54,56,0.44,1,0,0,1,stress_underestimation
STU_009,ENT_00884,2026-05-12,2,0,19,0.82,5,5,3,19,0.91,1,1,1,0,accurate_perception
STU_009,ENT_00885,2026-05-13,1,0,55,0.55,19,12,27,38,0.51,0,0,0,1,context_mismatch
STU_009,ENT_00886,2026-05-13,2,0,87,0.15,48,15,73,61,0.29,0,0,0,1,productivity_overestimation
STU_009,ENT_00887,2026-05-14,1,0,117,0.22,62,34,85,43,0.25,1,0,0,0,productivity_overestimation
STU_009,ENT_00888,2026-05-14,2,0,89,0.13,54,16,88,69,0.11,0,0,0,1,productivity_overestimation
STU_009,ENT_00889,2026-05-15,1,0,23,0.71,38,17,63,69,0.38,0,0,1,1,stress_underestimation
STU_009,ENT_00890,2026-05-15,2,0,28,0.8,10,6,8,11,0.85,1,1,0,0,accurate_perception
STU_009,ENT_00891,2026-05-16,1,1,13,0.87,46,11,50,71,0.31,1,0,1,0,focus_mismatch
STU_009,ENT_00892,2026-05-16,2,1,2,0.99,15,2,8,6,0.73,1,1,0,0,accurate_perception
STU_009,ENT_00893,2026-05-17,1,1,23,0.77,48,17,31,33,0.31,0,1,0,1,stress_underestimation
STU_009,ENT_00894,2026-05-17,2,1,52,0.67,32,18,50,19,0.36,0,1,1,0,context_mismatch
STU_009,ENT_00895,2026-05-18,1,0,82,0.15,45,33,50,49,0.23,0,0,0,0,productivity_overestimation
STU_009,ENT_00896,2026-05-18,2,0,20,0.74,10,5,19,12,0.93,1,1,1,0,accurate_perception
STU_009,ENT_00897,2026-05-19,1,0,12,0.83,16,20,37,43,0.62,0,1,1,0,context_mismatch
STU_009,ENT_00898,2026-05-19,2,0,60,0.58,48,18,50,64,0.31,1,1,1,1,stress_underestimation
STU_009,ENT_00899,2026-05-20,1,0,132,0.15,75,21,57,58,0.3,0,0,0,1,productivity_overestimation
STU_009,ENT_00900,2026-05-20,2,0,37,0.5,46,11,47,47,0.39,0,0,1,1,stress_underestimation
STU_010,ENT_00901,2026-04-01,1,0,27,0.75,31,22,46,67,0.37,0,1,0,1,focus_mismatch
STU_010,ENT_00902,2026-04-01,2,0,21,0.77,38,16,31,51,0.49,1,0,0,1,stress_underestimation
STU_010,ENT_00903,2026-04-02,1,0,65,0.64,37,19,42,33,0.67,0,1,0,0,context_mismatch
STU_010,ENT_00904,2026-04-02,2,0,50,0.44,10,13,32,17,0.75,0,1,1,1,context_mismatch
STU_010,ENT_00905,2026-04-03,1,0,34,0.68,33,10,42,59,0.31,1,0,1,1,focus_mismatch
STU_010,ENT_00906,2026-04-03,2,0,55,0.41,75,21,76,38,0.13,0,0,0,1,productivity_overestimation
STU_010,ENT_00907,2026-04-04,1,1,105,0.16,71,19,64,46,0.15,0,0,0,0,productivity_overestimation
STU_010,ENT_00908,2026-04-04,2,1,25,0.8,38,20,32,65,0.38,1,1,1,1,stress_underestimation
STU_010,ENT_00909,2026-04-05,1,1,104,0.23,42,34,65,57,0.12,0,0,1,0,productivity_overestimation
STU_010,ENT_00910,2026-04-05,2,1,17,0.84,46,23,39,67,0.35,1,1,1,1,focus_mismatch
STU_010,ENT_00911,2026-04-06,1,0,8,0.92,5,5,1,14,1.0,1,1,0,0,accurate_perception
STU_010,ENT_00912,2026-04-06,2,0,101,0.22,72,40,87,57,0.26,0,0,1,0,productivity_overestimation
STU_010,ENT_00913,2026-04-07,1,0,8,0.89,55,17,67,75,0.39,0,0,1,1,focus_mismatch
STU_010,ENT_00914,2026-04-07,2,0,50,0.47,28,14,30,25,0.53,0,1,0,0,context_mismatch
STU_010,ENT_00915,2026-04-08,1,0,49,0.67,48,23,58,45,0.29,1,1,0,1,focus_mismatch
STU_010,ENT_00916,2026-04-08,2,0,14,0.82,27,23,38,68,0.29,1,0,0,1,stress_underestimation
STU_010,ENT_00917,2026-04-09,1,0,32,0.59,30,11,26,43,0.47,0,1,1,1,context_mismatch
STU_010,ENT_00918,2026-04-09,2,0,33,0.54,21,23,31,40,0.47,1,1,1,1,stress_underestimation
STU_010,ENT_00919,2026-04-10,1,0,43,0.67,34,13,56,61,0.37,1,0,0,1,focus_mismatch
STU_010,ENT_00920,2026-04-10,2,0,9,0.92,13,4,15,9,0.96,1,1,1,0,accurate_perception
STU_010,ENT_00921,2026-04-11,1,1,12,0.83,0,9,18,16,0.89,1,1,1,0,accurate_perception
STU_010,ENT_00922,2026-04-11,2,1,68,0.5,34,8,29,24,0.46,0,1,1,0,context_mismatch
STU_010,ENT_00923,2026-04-12,1,1,10,0.88,26,16,62,73,0.35,1,0,1,1,focus_mismatch
STU_010,ENT_00924,2026-04-12,2,1,121,0.2,50,24,66,41,0.32,0,0,0,0,productivity_overestimation
STU_010,ENT_00925,2026-04-13,1,0,48,0.41,38,6,49,32,0.54,0,0,1,0,context_mismatch
STU_010,ENT_00926,2026-04-13,2,0,21,0.82,41,14,64,58,0.47,0,1,1,1,focus_mismatch
STU_010,ENT_00927,2026-04-14,1,0,18,0.81,28,21,40,54,0.35,1,1,1,1,focus_mismatch
STU_010,ENT_00928,2026-04-14,2,0,18,0.74,30,11,57,36,0.59,1,0,0,1,stress_underestimation
STU_010,ENT_00929,2026-04-15,1,0,16,0.82,12,3,6,13,0.84,1,1,0,0,accurate_perception
STU_010,ENT_00930,2026-04-15,2,0,24,0.72,22,26,43,30,0.38,1,0,0,1,stress_underestimation
STU_010,ENT_00931,2026-04-16,1,0,136,0.19,77,22,90,57,0.23,0,0,0,0,productivity_overestimation
STU_010,ENT_00932,2026-04-16,2,0,5,0.96,12,9,11,20,0.73,1,1,1,0,accurate_perception
STU_010,ENT_00933,2026-04-17,1,0,34,0.63,13,10,44,45,0.42,0,1,1,1,context_mismatch
STU_010,ENT_00934,2026-04-17,2,0,114,0.25,55,15,68,52,0.28,1,0,0,1,productivity_overestimation
STU_010,ENT_00935,2026-04-18,1,1,18,0.84,38,22,51,43,0.31,1,0,1,1,focus_mismatch
STU_010,ENT_00936,2026-04-18,2,1,34,0.58,34,8,36,19,0.49,0,1,0,0,context_mismatch
STU_010,ENT_00937,2026-04-19,1,1,96,0.29,75,17,91,38,0.18,0,0,0,1,productivity_overestimation
STU_010,ENT_00938,2026-04-19,2,1,2,0.97,10,6,6,12,0.89,1,1,0,0,accurate_perception
STU_010,ENT_00939,2026-04-20,1,0,45,0.64,35,11,40,48,0.29,1,0,0,1,stress_underestimation
STU_010,ENT_00940,2026-04-20,2,0,25,0.77,48,18,40,44,0.26,1,1,0,0,focus_mismatch
STU_010,ENT_00941,2026-04-21,1,0,37,0.53,38,22,42,68,0.56,1,0,1,1,stress_underestimation
STU_010,ENT_00942,2026-04-21,2,0,11,0.88,43,25,59,58,0.25,1,1,1,1,focus_mismatch
STU_010,ENT_00943,2026-04-22,1,0,12,0.87,15,6,11,8,0.85,1,1,0,0,accurate_perception
STU_010,ENT_00944,2026-04-22,2,0,28,0.74,28,19,56,49,0.5,0,0,0,1,focus_mismatch
STU_010,ENT_00945,2026-04-23,1,0,29,0.74,33,12,18,39,0.53,0,1,1,0,context_mismatch
STU_010,ENT_00946,2026-04-23,2,0,133,0.2,40,23,94,48,0.31,1,0,0,0,productivity_overestimation
STU_010,ENT_00947,2026-04-24,1,0,30,0.76,48,12,41,67,0.35,0,0,0,0,focus_mismatch
STU_010,ENT_00948,2026-04-24,2,0,93,0.11,67,30,60,68,0.25,1,0,0,0,productivity_overestimation
STU_010,ENT_00949,2026-04-25,1,1,18,0.81,53,18,68,60,0.33,1,0,0,1,focus_mismatch
STU_010,ENT_00950,2026-04-25,2,1,37,0.73,21,13,45,29,0.43,0,1,0,0,context_mismatch
STU_010,ENT_00951,2026-04-26,1,1,30,0.51,15,9,45,17,0.6,0,1,0,0,context_mismatch
STU_010,ENT_00952,2026-04-26,2,1,48,0.53,39,24,40,34,0.37,0,1,0,1,stress_underestimation
STU_010,ENT_00953,2026-04-27,1,0,10,0.91,9,5,19,17,0.99,1,1,1,0,accurate_perception
STU_010,ENT_00954,2026-04-27,2,0,21,0.73,25,18,36,38,0.51,1,1,1,1,stress_underestimation
STU_010,ENT_00955,2026-04-28,1,0,10,0.93,15,3,5,5,1.0,1,1,0,0,accurate_perception
STU_010,ENT_00956,2026-04-28,2,0,14,0.82,0,5,2,6,0.8,1,1,1,0,accurate_perception
STU_010,ENT_00957,2026-04-29,1,0,30,0.76,27,27,55,54,0.52,1,1,1,1,stress_underestimation
STU_010,ENT_00958,2026-04-29,2,0,88,0.47,15,13,24,41,0.52,0,1,1,1,context_mismatch
STU_010,ENT_00959,2026-04-30,1,0,141,0.18,41,26,79,57,0.19,0,0,0,1,productivity_overestimation
STU_010,ENT_00960,2026-04-30,2,0,78,0.14,63,31,62,35,0.18,0,0,0,0,productivity_overestimation
STU_010,ENT_00961,2026-05-01,1,0,21,0.78,42,18,47,70,0.28,0,1,1,1,stress_underestimation
STU_010,ENT_00962,2026-05-01,2,0,64,0.63,27,8,17,26,0.49,0,0,0,0,context_mismatch
STU_010,ENT_00963,2026-05-02,1,1,94,0.1,80,37,53,55,0.13,0,0,1,0,productivity_overestimation
STU_010,ENT_00964,2026-05-02,2,1,14,0.86,30,21,68,40,0.42,1,0,0,0,focus_mismatch
STU_010,ENT_00965,2026-05-03,1,1,18,0.81,14,0,8,11,0.89,1,1,1,0,accurate_perception
STU_010,ENT_00966,2026-05-03,2,1,24,0.6,37,21,37,51,0.46,0,1,0,1,stress_underestimation
STU_010,ENT_00967,2026-05-04,1,0,57,0.44,41,39,60,35,0.12,0,0,1,0,productivity_overestimation
STU_010,ENT_00968,2026-05-04,2,0,15,0.82,48,14,54,43,0.25,1,0,1,1,focus_mismatch
STU_010,ENT_00969,2026-05-05,1,0,30,0.65,34,18,63,56,0.19,1,1,1,1,focus_mismatch
STU_010,ENT_00970,2026-05-05,2,0,49,0.63,37,28,43,57,0.42,1,0,1,1,stress_underestimation
STU_010,ENT_00971,2026-05-06,1,0,45,0.52,44,16,46,43,0.3,0,0,1,1,stress_underestimation
STU_010,ENT_00972,2026-05-06,2,0,104,0.24,77,16,70,41,0.3,0,0,0,1,productivity_overestimation
STU_010,ENT_00973,2026-05-07,1,0,99,0.43,39,16,34,20,0.48,0,0,1,1,context_mismatch
STU_010,ENT_00974,2026-05-07,2,0,40,0.65,25,12,31,38,0.48,0,1,1,0,context_mismatch
STU_010,ENT_00975,2026-05-08,1,0,85,0.29,72,18,76,62,0.35,1,0,1,0,productivity_overestimation
STU_010,ENT_00976,2026-05-08,2,0,87,0.32,73,21,86,43,0.09,0,0,0,1,productivity_overestimation
STU_010,ENT_00977,2026-05-09,1,1,28,0.73,20,14,42,41,0.26,0,0,1,1,stress_underestimation
STU_010,ENT_00978,2026-05-09,2,1,135,0.24,63,15,80,45,0.16,1,0,1,0,productivity_overestimation
STU_010,ENT_00979,2026-05-10,1,1,7,0.94,3,6,4,15,0.86,1,1,1,0,accurate_perception
STU_010,ENT_00980,2026-05-10,2,1,10,0.91,2,5,15,5,0.79,1,1,0,0,accurate_perception
STU_010,ENT_00981,2026-05-11,1,0,14,0.77,49,22,39,54,0.17,0,1,1,0,focus_mismatch
STU_010,ENT_00982,2026-05-11,2,0,41,0.64,34,22,65,42,0.36,0,0,1,1,focus_mismatch
STU_010,ENT_00983,2026-05-12,1,0,35,0.79,13,17,15,20,0.51,0,1,1,0,context_mismatch
STU_010,ENT_00984,2026-05-12,2,0,51,0.54,11,14,42,23,0.55,0,1,1,0,context_mismatch
STU_010,ENT_00985,2026-05-13,1,0,49,0.54,25,23,64,54,0.43,0,1,1,1,stress_underestimation
STU_010,ENT_00986,2026-05-13,2,0,118,0.2,69,24,52,42,0.27,0,0,1,1,productivity_overestimation
STU_010,ENT_00987,2026-05-14,1,0,17,0.82,25,18,46,58,0.19,1,1,0,1,focus_mismatch
STU_010,ENT_00988,2026-05-14,2,0,114,0.28,55,20,55,69,0.16,1,0,0,1,productivity_overestimation
STU_010,ENT_00989,2026-05-15,1,0,46,0.67,51,24,37,44,0.19,1,0,1,1,focus_mismatch
STU_010,ENT_00990,2026-05-15,2,0,34,0.76,0,2,8,7,0.94,1,1,0,0,accurate_perception
STU_010,ENT_00991,2026-05-16,1,1,28,0.71,37,17,33,53,0.37,1,1,0,1,stress_underestimation
STU_010,ENT_00992,2026-05-16,2,1,39,0.72,30,19,52,40,0.21,1,0,1,1,focus_mismatch
STU_010,ENT_00993,2026-05-17,1,1,69,0.51,17,12,16,37,0.41,0,1,1,1,context_mismatch
STU_010,ENT_00994,2026-05-17,2,1,60,0.53,39,5,36,25,0.56,0,0,1,1,context_mismatch
STU_010,ENT_00995,2026-05-18,1,0,30,0.63,18,17,17,36,0.75,0,1,1,1,context_mismatch
STU_010,ENT_00996,2026-05-18,2,0,33,0.74,10,7,14,5,0.76,1,1,1,0,accurate_perception
STU_010,ENT_00997,2026-05-19,1,0,11,0.82,34,25,50,64,0.36,1,0,0,1,focus_mismatch
STU_010,ENT_00998,2026-05-19,2,0,42,0.68,52,15,60,75,0.35,1,1,1,1,focus_mismatch
STU_010,ENT_00999,2026-05-20,1,0,25,0.83,44,30,50,62,0.39,1,1,1,1,stress_underestimation
STU_010,ENT_01000,2026-05-20,2,0,10,0.88,30,22,53,40,0.3,1,0,0,1,focus_mismatch
STU_011,ENT_01001,2026-04-01,1,0,32,0.62,29,12,23,34,0.69,0,1,1,0,context_mismatch
STU_011,ENT_01002,2026-04-01,2,0,29,0.78,46,12,58,41,0.46,1,1,0,0,focus_mismatch
STU_011,ENT_01003,2026-04-02,1,0,49,0.46,39,11,35,19,0.57,0,0,1,0,context_mismatch
STU_011,ENT_01004,2026-04-02,2,0,15,0.83,39,13,56,50,0.31,0,0,0,1,focus_mismatch
STU_011,ENT_01005,2026-04-03,1,0,24,0.8,22,23,46,64,0.34,1,0,1,1,stress_underestimation
STU_011,ENT_01006,2026-04-03,2,0,31,0.68,36,6,38,27,0.62,0,1,1,0,context_mismatch
STU_011,ENT_01007,2026-04-04,1,1,18,0.81,45,13,40,53,0.34,0,1,0,1,stress_underestimation
STU_011,ENT_01008,2026-04-04,2,1,56,0.62,53,25,50,56,0.32,1,1,1,1,focus_mismatch
STU_011,ENT_01009,2026-04-05,1,1,15,0.81,32,21,58,58,0.32,1,1,1,1,focus_mismatch
STU_011,ENT_01010,2026-04-05,2,1,50,0.68,14,9,33,42,0.54,0,0,0,1,context_mismatch
STU_011,ENT_01011,2026-04-06,1,0,28,0.7,41,22,65,50,0.47,1,1,1,1,focus_mismatch
STU_011,ENT_01012,2026-04-06,2,0,3,0.96,15,2,15,17,0.79,1,1,1,0,accurate_perception
STU_011,ENT_01013,2026-04-07,1,0,26,0.67,49,13,47,62,0.34,1,0,0,1,focus_mismatch
STU_011,ENT_01014,2026-04-07,2,0,24,0.78,55,20,67,44,0.36,1,0,0,1,focus_mismatch
STU_011,ENT_01015,2026-04-08,1,0,30,0.67,15,12,29,37,0.55,0,1,1,1,context_mismatch
STU_011,ENT_01016,2026-04-08,2,0,9,0.87,29,19,38,53,0.27,1,1,1,0,focus_mismatch
STU_011,ENT_01017,2026-04-09,1,0,33,0.67,12,11,45,18,0.53,0,0,0,1,context_mismatch
STU_011,ENT_01018,2026-04-09,2,0,61,0.54,38,8,43,39,0.61,0,1,1,0,context_mismatch
STU_011,ENT_01019,2026-04-10,1,0,24,0.74,30,20,67,70,0.42,1,1,0,1,focus_mismatch
STU_011,ENT_01020,2026-04-10,2,0,22,0.78,28,15,66,40,0.37,1,1,0,0,focus_mismatch
STU_011,ENT_01021,2026-04-11,1,1,113,0.12,68,25,90,69,0.2,0,0,0,0,productivity_overestimation
STU_011,ENT_01022,2026-04-11,2,1,33,0.74,46,19,48,49,0.22,1,0,0,1,focus_mismatch
STU_011,ENT_01023,2026-04-12,1,1,20,0.84,40,29,56,47,0.27,1,1,0,1,stress_underestimation
STU_011,ENT_01024,2026-04-12,2,1,27,0.73,38,22,61,40,0.37,1,1,0,1,focus_mismatch
STU_011,ENT_01025,2026-04-13,1,0,26,0.83,28,19,53,31,0.4,1,0,0,1,stress_underestimation
STU_011,ENT_01026,2026-04-13,2,0,44,0.54,27,15,50,60,0.55,0,1,1,1,stress_underestimation
STU_011,ENT_01027,2026-04-14,1,0,39,0.71,28,11,56,57,0.32,1,0,1,0,focus_mismatch
STU_011,ENT_01028,2026-04-14,2,0,19,0.83,9,9,6,7,0.8,1,1,1,0,accurate_perception
STU_011,ENT_01029,2026-04-15,1,0,28,0.78,42,10,38,34,0.55,1,1,1,1,stress_underestimation
STU_011,ENT_01030,2026-04-15,2,0,15,0.83,14,3,14,16,0.84,1,1,1,0,accurate_perception
STU_011,ENT_01031,2026-04-16,1,0,23,0.63,45,23,62,65,0.46,1,0,1,0,focus_mismatch
STU_011,ENT_01032,2026-04-16,2,0,37,0.7,20,20,33,33,0.41,0,0,0,1,context_mismatch
STU_011,ENT_01033,2026-04-17,1,0,26,0.79,22,28,59,69,0.38,0,1,1,1,stress_underestimation
STU_011,ENT_01034,2026-04-17,2,0,85,0.45,20,7,26,35,0.56,0,1,1,0,context_mismatch
STU_011,ENT_01035,2026-04-18,1,1,44,0.68,10,5,29,25,0.48,0,0,1,1,context_mismatch
STU_011,ENT_01036,2026-04-18,2,1,50,0.68,39,16,24,21,0.57,0,0,0,0,context_mismatch
STU_011,ENT_01037,2026-04-19,1,1,22,0.66,27,16,19,25,0.75,0,1,0,0,context_mismatch
STU_011,ENT_01038,2026-04-19,2,1,32,0.66,54,16,57,41,0.31,1,0,1,0,focus_mismatch
STU_011,ENT_01039,2026-04-20,1,0,82,0.47,11,19,43,27,0.51,0,1,0,0,context_mismatch
STU_011,ENT_01040,2026-04-20,2,0,8,0.94,3,2,6,8,1.0,1,1,1,0,accurate_perception
STU_011,ENT_01041,2026-04-21,1,0,36,0.57,22,26,53,60,0.25,1,0,0,1,stress_underestimation
STU_011,ENT_01042,2026-04-21,2,0,22,0.69,55,19,39,67,0.47,0,0,1,1,focus_mismatch
STU_011,ENT_01043,2026-04-22,1,0,117,0.32,42,19,65,46,0.14,0,0,0,1,productivity_overestimation
STU_011,ENT_01044,2026-04-22,2,0,15,0.83,31,29,56,40,0.31,1,0,0,1,stress_underestimation
STU_011,ENT_01045,2026-04-23,1,0,32,0.6,31,19,60,63,0.38,1,0,0,1,focus_mismatch
STU_011,ENT_01046,2026-04-23,2,0,73,0.32,42,32,74,68,0.05,0,0,0,0,productivity_overestimation
STU_011,ENT_01047,2026-04-24,1,0,33,0.72,38,19,23,42,0.61,0,1,1,0,context_mismatch
STU_011,ENT_01048,2026-04-24,2,0,7,0.93,11,9,3,20,0.91,1,1,1,0,accurate_perception
STU_011,ENT_01049,2026-04-25,1,1,75,0.29,49,22,92,40,0.29,0,0,1,0,productivity_overestimation
STU_011,ENT_01050,2026-04-25,2,1,45,0.69,47,24,68,73,0.42,0,1,1,1,focus_mismatch
STU_011,ENT_01051,2026-04-26,1,1,16,0.75,45,22,33,42,0.45,1,0,0,1,stress_underestimation
STU_011,ENT_01052,2026-04-26,2,1,128,0.21,62,21,90,60,0.13,0,0,1,1,productivity_overestimation
STU_011,ENT_01053,2026-04-27,1,0,104,0.33,61,20,66,56,0.26,1,0,1,0,productivity_overestimation
STU_011,ENT_01054,2026-04-27,2,0,52,0.59,45,21,57,31,0.46,0,1,0,1,stress_underestimation
STU_011,ENT_01055,2026-04-28,1,0,73,0.31,59,29,77,70,0.21,0,0,0,0,productivity_overestimation
STU_011,ENT_01056,2026-04-28,2,0,79,0.14,62,31,88,44,0.22,0,0,1,1,productivity_overestimation
STU_011,ENT_01057,2026-04-29,1,0,69,0.46,15,8,25,35,0.61,0,1,0,1,context_mismatch
STU_011,ENT_01058,2026-04-29,2,0,13,0.85,12,4,12,18,0.96,1,1,0,0,accurate_perception
STU_011,ENT_01059,2026-04-30,1,0,29,0.58,37,19,43,69,0.34,1,0,0,1,stress_underestimation
STU_011,ENT_01060,2026-04-30,2,0,43,0.74,17,17,25,35,0.54,0,0,1,0,context_mismatch
STU_011,ENT_01061,2026-05-01,1,0,11,0.86,28,14,48,68,0.19,1,0,0,1,focus_mismatch
STU_011,ENT_01062,2026-05-01,2,0,29,0.79,39,19,42,74,0.38,0,1,1,0,focus_mismatch
STU_011,ENT_01063,2026-05-02,1,1,16,0.78,38,15,66,58,0.18,1,1,0,1,focus_mismatch
STU_011,ENT_01064,2026-05-02,2,1,53,0.54,30,8,32,41,0.57,0,1,1,0,context_mismatch
STU_011,ENT_01065,2026-05-03,1,1,50,0.52,23,25,45,67,0.42,1,1,0,1,stress_underestimation
STU_011,ENT_01066,2026-05-03,2,1,11,0.91,12,9,16,17,0.63,1,1,1,0,accurate_perception
STU_011,ENT_01067,2026-05-04,1,0,1,0.99,7,5,18,18,0.99,1,1,0,0,accurate_perception
STU_011,ENT_01068,2026-05-04,2,0,27,0.77,41,11,60,67,0.27,1,0,0,1,focus_mismatch
STU_011,ENT_01069,2026-05-05,1,0,22,0.8,8,5,11,16,0.94,1,1,1,0,accurate_perception
STU_011,ENT_01070,2026-05-05,2,0,23,0.85,28,15,43,65,0.49,1,1,1,1,stress_underestimation
STU_011,ENT_01071,2026-05-06,1,0,25,0.8,30,21,64,44,0.31,1,0,1,1,stress_underestimation
STU_011,ENT_01072,2026-05-06,2,0,15,0.82,31,18,66,62,0.27,1,0,0,1,focus_mismatch
STU_011,ENT_01073,2026-05-07,1,0,87,0.33,75,24,98,70,0.19,0,0,0,0,productivity_overestimation
STU_011,ENT_01074,2026-05-07,2,0,139,0.2,56,19,95,56,0.19,1,0,0,1,productivity_overestimation
STU_011,ENT_01075,2026-05-08,1,0,16,0.84,34,11,45,65,0.4,0,1,0,1,stress_underestimation
STU_011,ENT_01076,2026-05-08,2,0,3,0.97,14,10,6,9,0.65,1,1,0,0,accurate_perception
STU_011,ENT_01077,2026-05-09,1,1,14,0.88,6,6,5,17,0.97,1,1,1,0,accurate_perception
STU_011,ENT_01078,2026-05-09,2,1,24,0.77,28,23,53,53,0.61,1,1,0,1,stress_underestimation
STU_011,ENT_01079,2026-05-10,1,1,33,0.78,4,1,16,20,0.78,1,1,1,0,accurate_perception
STU_011,ENT_01080,2026-05-10,2,1,31,0.79,42,17,64,57,0.25,1,1,1,1,focus_mismatch
STU_011,ENT_01081,2026-05-11,1,0,48,0.41,24,6,37,30,0.59,0,1,1,0,context_mismatch
STU_011,ENT_01082,2026-05-11,2,0,1,0.99,0,9,15,18,1.0,1,1,1,0,accurate_perception
STU_011,ENT_01083,2026-05-12,1,0,25,0.8,34,20,49,72,0.37,1,1,0,1,focus_mismatch
STU_011,ENT_01084,2026-05-12,2,0,144,0.13,44,34,54,68,0.11,0,0,0,0,productivity_overestimation
STU_011,ENT_01085,2026-05-13,1,0,31,0.75,3,6,18,17,0.92,1,1,1,0,accurate_perception
STU_011,ENT_01086,2026-05-13,2,0,84,0.18,51,37,77,51,0.14,1,0,0,0,productivity_overestimation
STU_011,ENT_01087,2026-05-14,1,0,21,0.7,49,13,68,56,0.23,1,0,1,0,focus_mismatch
STU_011,ENT_01088,2026-05-14,2,0,141,0.1,60,27,69,36,0.27,0,0,0,0,productivity_overestimation
STU_011,ENT_01089,2026-05-15,1,0,87,0.23,62,18,93,44,0.23,1,0,1,0,productivity_overestimation
STU_011,ENT_01090,2026-05-15,2,0,69,0.41,11,8,34,44,0.46,0,0,0,0,context_mismatch
STU_011,ENT_01091,2026-05-16,1,1,39,0.72,40,19,50,41,0.51,0,0,0,0,context_mismatch
STU_011,ENT_01092,2026-05-16,2,1,21,0.83,36,11,65,46,0.33,1,1,1,1,focus_mismatch
STU_011,ENT_01093,2026-05-17,1,1,27,0.65,26,19,57,55,0.3,0,1,0,1,stress_underestimation
STU_011,ENT_01094,2026-05-17,2,1,34,0.69,50,19,38,73,0.35,0,1,0,1,focus_mismatch
STU_011,ENT_01095,2026-05-18,1,0,12,0.81,31,21,69,43,0.44,1,0,1,1,focus_mismatch
STU_011,ENT_01096,2026-05-18,2,0,25,0.65,25,17,50,34,0.46,1,0,0,1,stress_underestimation
STU_011,ENT_01097,2026-05-19,1,0,27,0.82,9,0,7,15,1.0,1,1,0,0,accurate_perception
STU_011,ENT_01098,2026-05-19,2,0,23,0.65,44,17,51,67,0.41,1,1,0,1,focus_mismatch
STU_011,ENT_01099,2026-05-20,1,0,74,0.5,46,23,54,47,0.44,1,1,0,1,stress_underestimation
STU_011,ENT_01100,2026-05-20,2,0,35,0.77,24,17,34,70,0.22,1,0,0,1,stress_underestimation
STU_012,ENT_01101,2026-04-01,1,0,128,0.28,65,24,84,53,0.17,0,0,0,1,productivity_overestimation
STU_012,ENT_01102,2026-04-01,2,0,7,0.9,15,3,4,6,0.76,1,1,0,0,accurate_perception
STU_012,ENT_01103,2026-04-02,1,0,71,0.29,44,22,77,58,0.12,0,0,1,0,productivity_overestimation
STU_012,ENT_01104,2026-04-02,2,0,20,0.69,50,14,51,46,0.5,0,0,1,1,stress_underestimation
STU_012,ENT_01105,2026-04-03,1,0,48,0.61,30,16,56,68,0.19,0,1,0,0,focus_mismatch
STU_012,ENT_01106,2026-04-03,2,0,27,0.64,23,5,25,38,0.65,0,0,0,1,context_mismatch
STU_012,ENT_01107,2026-04-04,1,1,51,0.61,37,13,49,42,0.26,1,1,1,1,focus_mismatch
STU_012,ENT_01108,2026-04-04,2,1,24,0.73,39,18,52,70,0.47,0,1,1,1,stress_underestimation
STU_012,ENT_01109,2026-04-05,1,1,10,0.88,37,18,45,63,0.37,1,0,0,1,focus_mismatch
STU_012,ENT_01110,2026-04-05,2,1,88,0.48,22,9,37,21,0.67,0,1,1,1,context_mismatch
STU_012,ENT_01111,2026-04-06,1,0,57,0.52,20,17,23,38,0.51,0,1,0,1,context_mismatch
STU_012,ENT_01112,2026-04-06,2,0,123,0.29,63,29,85,61,0.14,1,0,0,1,productivity_overestimation
STU_012,ENT_01113,2026-04-07,1,0,87,0.32,79,28,53,47,0.15,0,0,1,1,productivity_overestimation
STU_012,ENT_01114,2026-04-07,2,0,23,0.8,6,6,18,10,0.83,1,1,1,0,accurate_perception
STU_012,ENT_01115,2026-04-08,1,0,31,0.77,26,14,56,50,0.46,0,1,1,1,stress_underestimation
STU_012,ENT_01116,2026-04-08,2,0,31,0.76,48,11,36,34,0.18,0,1,0,1,stress_underestimation
STU_012,ENT_01117,2026-04-09,1,0,16,0.81,55,16,54,44,0.37,1,1,1,1,focus_mismatch
STU_012,ENT_01118,2026-04-09,2,0,16,0.78,25,14,40,56,0.37,1,0,1,1,stress_underestimation
STU_012,ENT_01119,2026-04-10,1,0,15,0.84,41,14,58,36,0.4,1,1,1,1,stress_underestimation
STU_012,ENT_01120,2026-04-10,2,0,49,0.64,36,16,43,33,0.56,0,0,1,1,context_mismatch
STU_012,ENT_01121,2026-04-11,1,1,21,0.7,12,10,23,34,0.47,0,0,0,1,context_mismatch
STU_012,ENT_01122,2026-04-11,2,1,92,0.28,45,26,88,66,0.18,1,0,0,1,productivity_overestimation
STU_012,ENT_01123,2026-04-12,1,1,1,0.99,0,7,10,10,0.66,1,1,1,0,accurate_perception
STU_012,ENT_01124,2026-04-12,2,1,40,0.61,48,24,40,61,0.26,1,0,0,1,focus_mismatch
STU_012,ENT_01125,2026-04-13,1,0,31,0.71,47,18,59,61,0.29,1,1,1,0,focus_mismatch
STU_012,ENT_01126,2026-04-13,2,0,21,0.84,9,4,2,19,0.89,1,1,1,0,accurate_perception
STU_012,ENT_01127,2026-04-14,1,0,15,0.8,4,1,7,7,0.67,1,1,1,0,accurate_perception
STU_012,ENT_01128,2026-04-14,2,0,14,0.8,0,5,19,7,0.77,1,1,1,0,accurate_perception
STU_012,ENT_01129,2026-04-15,1,0,68,0.53,23,11,38,42,0.61,0,0,0,1,stress_underestimation
STU_012,ENT_01130,2026-04-15,2,0,101,0.15,45,27,70,68,0.2,1,0,1,0,productivity_overestimation
STU_012,ENT_01131,2026-04-16,1,0,41,0.7,11,19,26,31,0.34,0,0,1,0,context_mismatch
STU_012,ENT_01132,2026-04-16,2,0,6,0.93,2,3,5,15,0.87,1,1,1,0,accurate_perception
STU_012,ENT_01133,2026-04-17,1,0,49,0.64,40,19,43,57,0.29,0,0,1,1,stress_underestimation
STU_012,ENT_01134,2026-04-17,2,0,26,0.61,36,11,62,45,0.45,1,0,0,1,focus_mismatch
STU_012,ENT_01135,2026-04-18,1,1,38,0.64,29,7,31,38,0.64,0,1,1,0,context_mismatch
STU_012,ENT_01136,2026-04-18,2,1,41,0.59,33,11,29,33,0.49,0,1,1,0,context_mismatch
STU_012,ENT_01137,2026-04-19,1,1,29,0.74,53,24,63,49,0.29,1,0,0,1,focus_mismatch
STU_012,ENT_01138,2026-04-19,2,1,23,0.71,25,23,46,49,0.29,0,0,1,1,focus_mismatch
STU_012,ENT_01139,2026-04-20,1,0,72,0.22,50,24,85,52,0.14,1,0,0,1,productivity_overestimation
STU_012,ENT_01140,2026-04-20,2,0,28,0.81,3,1,10,20,0.81,1,1,1,0,accurate_perception
STU_012,ENT_01141,2026-04-21,1,0,12,0.89,9,10,5,15,0.93,1,1,1,0,accurate_perception
STU_012,ENT_01142,2026-04-21,2,0,51,0.6,43,21,38,53,0.41,0,1,1,1,stress_underestimation
STU_012,ENT_01143,2026-04-22,1,0,37,0.63,39,15,45,40,0.45,0,1,0,0,context_mismatch
STU_012,ENT_01144,2026-04-22,2,0,1,0.99,7,9,19,12,0.89,1,1,1,0,accurate_perception
STU_012,ENT_01145,2026-04-23,1,0,35,0.72,14,15,20,31,0.57,0,1,1,0,context_mismatch
STU_012,ENT_01146,2026-04-23,2,0,54,0.66,32,9,38,42,0.63,0,0,0,0,context_mismatch
STU_012,ENT_01147,2026-04-24,1,0,47,0.64,33,20,66,60,0.36,1,0,0,1,focus_mismatch
STU_012,ENT_01148,2026-04-24,2,0,27,0.68,36,19,45,54,0.44,0,1,1,1,stress_underestimation
STU_012,ENT_01149,2026-04-25,1,1,13,0.79,49,23,40,63,0.4,0,1,1,1,focus_mismatch
STU_012,ENT_01150,2026-04-25,2,1,114,0.12,57,29,67,47,0.23,0,0,1,0,productivity_overestimation
STU_012,ENT_01151,2026-04-26,1,1,10,0.85,36,14,55,64,0.36,1,1,1,0,focus_mismatch
STU_012,ENT_01152,2026-04-26,2,1,14,0.78,35,11,67,43,0.42,1,0,0,0,focus_mismatch
STU_012,ENT_01153,2026-04-27,1,0,106,0.12,63,26,71,40,0.23,1,0,0,0,productivity_overestimation
STU_012,ENT_01154,2026-04-27,2,0,40,0.64,27,7,28,29,0.5,0,1,0,0,context_mismatch
STU_012,ENT_01155,2026-04-28,1,0,83,0.11,54,30,52,37,0.09,0,0,0,1,productivity_overestimation
STU_012,ENT_01156,2026-04-28,2,0,41,0.72,41,19,66,41,0.41,1,0,0,0,focus_mismatch
STU_012,ENT_01157,2026-04-29,1,0,58,0.57,21,7,38,31,0.6,0,0,0,1,context_mismatch
STU_012,ENT_01158,2026-04-29,2,0,141,0.17,75,26,82,59,0.07,0,0,0,0,productivity_overestimation
STU_012,ENT_01159,2026-04-30,1,0,16,0.79,39,10,63,72,0.33,0,0,1,0,focus_mismatch
STU_012,ENT_01160,2026-04-30,2,0,20,0.76,43,19,43,67,0.47,0,0,1,1,stress_underestimation
STU_012,ENT_01161,2026-05-01,1,0,14,0.77,35,16,66,64,0.37,1,0,1,1,focus_mismatch
STU_012,ENT_01162,2026-05-01,2,0,44,0.7,17,7,21,43,0.31,0,0,0,0,context_mismatch
STU_012,ENT_01163,2026-05-02,1,1,6,0.94,5,1,1,16,0.7,1,1,1,0,accurate_perception
STU_012,ENT_01164,2026-05-02,2,1,34,0.64,20,19,32,37,0.29,0,0,0,1,stress_underestimation
STU_012,ENT_01165,2026-05-03,1,1,17,0.79,2,3,14,13,0.82,1,1,1,0,accurate_perception
STU_012,ENT_01166,2026-05-03,2,1,104,0.11,64,15,52,66,0.18,0,0,0,0,productivity_overestimation
STU_012,ENT_01167,2026-05-04,1,0,24,0.75,43,25,42,47,0.21,0,0,1,1,stress_underestimation
STU_012,ENT_01168,2026-05-04,2,0,2,0.97,13,8,15,12,0.96,1,1,1,0,accurate_perception
STU_012,ENT_01169,2026-05-05,1,0,19,0.84,42,15,58,63,0.39,1,1,1,0,focus_mismatch
STU_012,ENT_01170,2026-05-05,2,0,35,0.66,14,20,49,28,0.49,0,1,1,0,context_mismatch
STU_012,ENT_01171,2026-05-06,1,0,32,0.73,42,15,37,61,0.4,1,0,1,1,focus_mismatch
STU_012,ENT_01172,2026-05-06,2,0,61,0.54,46,16,55,35,0.57,1,0,0,1,stress_underestimation
STU_012,ENT_01173,2026-05-07,1,0,48,0.63,15,12,36,30,0.48,0,1,1,1,context_mismatch
STU_012,ENT_01174,2026-05-07,2,0,51,0.62,33,13,44,70,0.37,1,0,0,1,stress_underestimation
STU_012,ENT_01175,2026-05-08,1,0,8,0.89,2,4,7,17,0.73,1,1,1,0,accurate_perception
STU_012,ENT_01176,2026-05-08,2,0,84,0.1,58,18,63,46,0.3,0,0,0,1,productivity_overestimation
STU_012,ENT_01177,2026-05-09,1,1,8,0.92,0,9,9,15,0.76,1,1,1,0,accurate_perception
STU_012,ENT_01178,2026-05-09,2,1,41,0.71,21,25,32,61,0.25,1,1,1,1,stress_underestimation
STU_012,ENT_01179,2026-05-10,1,1,30,0.74,39,21,61,31,0.46,0,1,1,1,stress_underestimation
STU_012,ENT_01180,2026-05-10,2,1,35,0.77,13,19,39,38,0.52,0,1,0,0,context_mismatch
STU_012,ENT_01181,2026-05-11,1,0,40,0.66,38,13,35,48,0.38,0,1,0,1,focus_mismatch
STU_012,ENT_01182,2026-05-11,2,0,131,0.19,74,35,96,38,0.07,1,0,0,1,productivity_overestimation
STU_012,ENT_01183,2026-05-12,1,0,22,0.77,38,13,44,44,0.25,0,1,0,1,focus_mismatch
STU_012,ENT_01184,2026-05-12,2,0,91,0.32,77,30,64,63,0.35,0,0,0,0,productivity_overestimation
STU_012,ENT_01185,2026-05-13,1,0,127,0.24,68,30,73,62,0.11,0,0,1,0,productivity_overestimation
STU_012,ENT_01186,2026-05-13,2,0,31,0.73,12,7,31,43,0.66,0,1,0,0,context_mismatch
STU_012,ENT_01187,2026-05-14,1,0,140,0.14,52,29,92,69,0.13,0,0,1,0,productivity_overestimation
STU_012,ENT_01188,2026-05-14,2,0,21,0.68,14,17,15,26,0.48,0,0,1,1,context_mismatch
STU_012,ENT_01189,2026-05-15,1,0,90,0.45,39,12,45,40,0.5,0,1,1,0,context_mismatch
STU_012,ENT_01190,2026-05-15,2,0,128,0.25,44,19,92,43,0.2,0,0,0,0,productivity_overestimation
STU_012,ENT_01191,2026-05-16,1,1,72,0.54,30,16,29,41,0.39,0,1,0,0,context_mismatch
STU_012,ENT_01192,2026-05-16,2,1,33,0.77,34,29,44,38,0.48,1,1,0,1,stress_underestimation
STU_012,ENT_01193,2026-05-17,1,1,21,0.83,38,10,61,44,0.38,0,0,1,1,focus_mismatch
STU_012,ENT_01194,2026-05-17,2,1,32,0.69,42,20,54,70,0.31,1,0,1,1,focus_mismatch
STU_012,ENT_01195,2026-05-18,1,0,102,0.23,79,35,54,51,0.31,0,0,1,0,productivity_overestimation
STU_012,ENT_01196,2026-05-18,2,0,21,0.77,36,19,47,61,0.31,1,1,0,1,focus_mismatch
STU_012,ENT_01197,2026-05-19,1,0,30,0.8,11,8,17,15,0.75,1,1,1,0,accurate_perception
STU_012,ENT_01198,2026-05-19,2,0,95,0.25,53,34,100,56,0.17,1,0,0,0,productivity_overestimation
STU_012,ENT_01199,2026-05-20,1,0,35,0.73,35,14,51,44,0.36,1,1,0,0,focus_mismatch
STU_012,ENT_01200,2026-05-20,2,0,121,0.21,75,33,67,67,0.15,0,0,0,1,productivity_overestimation
STU_013,ENT_01201,2026-04-01,1,0,42,0.44,13,16,18,16,0.61,0,1,1,0,context_mismatch
STU_013,ENT_01202,2026-04-01,2,0,52,0.65,21,28,33,30,0.38,1,1,1,1,stress_underestimation
STU_013,ENT_01203,2026-04-02,1,0,55,0.6,34,13,50,26,0.58,0,1,1,0,context_mismatch
STU_013,ENT_01204,2026-04-02,2,0,119,0.14,79,15,60,40,0.24,0,0,0,0,productivity_overestimation
STU_013,ENT_01205,2026-04-03,1,0,100,0.15,79,20,61,49,0.06,0,0,0,1,productivity_overestimation
STU_013,ENT_01206,2026-04-03,2,0,96,0.43,32,19,43,19,0.6,0,1,1,0,context_mismatch
STU_013,ENT_01207,2026-04-04,1,1,63,0.63,23,15,35,15,0.57,0,1,0,0,context_mismatch
STU_013,ENT_01208,2026-04-04,2,1,112,0.37,65,21,63,55,0.13,0,0,0,1,productivity_overestimation
STU_013,ENT_01209,2026-04-05,1,1,17,0.73,38,17,34,58,0.37,1,1,1,1,stress_underestimation
STU_013,ENT_01210,2026-04-05,2,1,15,0.87,27,23,51,62,0.23,1,1,0,0,focus_mismatch
STU_013,ENT_01211,2026-04-06,1,0,28,0.78,50,16,37,64,0.34,0,0,0,1,focus_mismatch
STU_013,ENT_01212,2026-04-06,2,0,18,0.74,24,19,39,57,0.42,0,1,1,1,stress_underestimation
STU_013,ENT_01213,2026-04-07,1,0,57,0.44,51,24,85,65,0.37,0,0,0,0,productivity_overestimation
STU_013,ENT_01214,2026-04-07,2,0,11,0.85,37,13,59,65,0.52,0,0,0,1,stress_underestimation
STU_013,ENT_01215,2026-04-08,1,0,19,0.77,36,10,62,62,0.5,0,0,1,1,stress_underestimation
STU_013,ENT_01216,2026-04-08,2,0,95,0.43,57,29,65,64,0.06,0,0,0,0,productivity_overestimation
STU_013,ENT_01217,2026-04-09,1,0,75,0.17,73,40,81,60,0.26,1,0,1,1,productivity_overestimation
STU_013,ENT_01218,2026-04-09,2,0,27,0.76,36,23,40,62,0.43,0,0,0,1,stress_underestimation
STU_013,ENT_01219,2026-04-10,1,0,55,0.44,38,18,39,27,0.39,0,1,0,0,context_mismatch
STU_013,ENT_01220,2026-04-10,2,0,21,0.73,43,14,54,65,0.16,0,1,1,1,focus_mismatch
STU_013,ENT_01221,2026-04-11,1,1,15,0.86,39,14,61,43,0.19,1,0,1,1,focus_mismatch
STU_013,ENT_01222,2026-04-11,2,1,95,0.32,67,17,88,53,0.17,1,0,0,1,productivity_overestimation
STU_013,ENT_01223,2026-04-12,1,1,87,0.33,50,15,56,44,0.26,0,0,0,0,productivity_overestimation
STU_013,ENT_01224,2026-04-12,2,1,42,0.64,45,29,59,52,0.39,0,0,1,1,stress_underestimation
STU_013,ENT_01225,2026-04-13,1,0,61,0.51,44,27,62,34,0.48,1,1,1,1,stress_underestimation
STU_013,ENT_01226,2026-04-13,2,0,36,0.54,49,16,35,69,0.34,0,0,1,1,stress_underestimation
STU_013,ENT_01227,2026-04-14,1,0,84,0.41,49,28,85,51,0.24,0,0,0,0,productivity_overestimation
STU_013,ENT_01228,2026-04-14,2,0,23,0.66,54,15,66,47,0.21,1,1,1,1,focus_mismatch
STU_013,ENT_01229,2026-04-15,1,0,56,0.68,20,15,48,19,0.67,0,1,1,1,context_mismatch
STU_013,ENT_01230,2026-04-15,2,0,22,0.65,28,20,62,49,0.44,1,0,1,1,stress_underestimation
STU_013,ENT_01231,2026-04-16,1,0,7,0.91,7,3,14,9,1.0,1,1,1,0,accurate_perception
STU_013,ENT_01232,2026-04-16,2,0,26,0.77,34,12,50,50,0.45,1,0,1,0,focus_mismatch
STU_013,ENT_01233,2026-04-17,1,0,36,0.54,10,15,38,18,0.49,0,1,1,1,context_mismatch
STU_013,ENT_01234,2026-04-17,2,0,29,0.68,44,15,56,50,0.37,0,0,0,0,focus_mismatch
STU_013,ENT_01235,2026-04-18,1,1,16,0.88,49,30,39,33,0.19,0,1,1,1,stress_underestimation
STU_013,ENT_01236,2026-04-18,2,1,56,0.62,38,12,32,40,0.48,0,0,0,1,stress_underestimation
STU_013,ENT_01237,2026-04-19,1,1,19,0.77,48,22,61,36,0.29,1,0,1,1,stress_underestimation
STU_013,ENT_01238,2026-04-19,2,1,106,0.14,72,18,81,49,0.14,0,0,1,0,productivity_overestimation
STU_013,ENT_01239,2026-04-20,1,0,18,0.83,29,19,55,56,0.44,1,1,0,1,stress_underestimation
STU_013,ENT_01240,2026-04-20,2,0,19,0.76,53,13,44,46,0.37,1,0,1,1,focus_mismatch
STU_013,ENT_01241,2026-04-21,1,0,43,0.64,23,30,65,67,0.38,1,0,1,1,stress_underestimation
STU_013,ENT_01242,2026-04-21,2,0,88,0.1,56,27,61,66,0.29,0,0,0,0,productivity_overestimation
STU_013,ENT_01243,2026-04-22,1,0,18,0.88,10,9,5,5,0.89,1,1,1,0,accurate_perception
STU_013,ENT_01244,2026-04-22,2,0,56,0.45,38,9,30,31,0.67,0,0,0,0,context_mismatch
STU_013,ENT_01245,2026-04-23,1,0,73,0.46,63,25,50,41,0.26,0,0,0,0,productivity_overestimation
STU_013,ENT_01246,2026-04-23,2,0,40,0.68,37,16,62,42,0.36,1,1,1,0,focus_mismatch
STU_013,ENT_01247,2026-04-24,1,0,13,0.9,40,23,64,54,0.5,0,1,1,1,focus_mismatch
STU_013,ENT_01248,2026-04-24,2,0,6,0.93,8,6,8,5,0.77,1,1,1,0,accurate_perception
STU_013,ENT_01249,2026-04-25,1,1,6,0.91,33,23,36,72,0.46,1,1,0,1,focus_mismatch
STU_013,ENT_01250,2026-04-25,2,1,13,0.91,3,3,12,15,0.78,1,1,0,0,accurate_perception
STU_013,ENT_01251,2026-04-26,1,1,29,0.8,23,14,46,40,0.48,1,0,1,1,stress_underestimation
STU_013,ENT_01252,2026-04-26,2,1,13,0.82,34,19,69,75,0.28,0,0,0,0,focus_mismatch
STU_013,ENT_01253,2026-04-27,1,0,82,0.34,47,39,78,56,0.18,1,0,1,0,productivity_overestimation
STU_013,ENT_01254,2026-04-27,2,0,92,0.42,35,7,37,20,0.45,0,1,0,1,context_mismatch
STU_013,ENT_01255,2026-04-28,1,0,1,0.99,5,2,10,10,0.89,1,1,0,0,accurate_perception
STU_013,ENT_01256,2026-04-28,2,0,67,0.52,20,17,42,18,0.7,0,1,0,0,context_mismatch
STU_013,ENT_01257,2026-04-29,1,0,118,0.28,44,38,64,66,0.2,0,0,1,1,productivity_overestimation
STU_013,ENT_01258,2026-04-29,2,0,83,0.44,41,36,73,56,0.25,0,0,0,0,productivity_overestimation
STU_013,ENT_01259,2026-04-30,1,0,99,0.37,48,30,81,70,0.34,0,0,0,0,productivity_overestimation
STU_013,ENT_01260,2026-04-30,2,0,36,0.6,46,23,48,32,0.42,1,0,1,1,stress_underestimation
STU_013,ENT_01261,2026-05-01,1,0,13,0.86,13,1,16,16,0.68,1,1,1,0,accurate_perception
STU_013,ENT_01262,2026-05-01,2,0,20,0.79,37,9,48,34,0.5,0,0,0,0,context_mismatch
STU_013,ENT_01263,2026-05-02,1,1,33,0.56,26,28,35,44,0.23,1,0,1,1,stress_underestimation
STU_013,ENT_01264,2026-05-02,2,1,2,0.97,1,4,13,7,0.85,1,1,0,0,accurate_perception
STU_013,ENT_01265,2026-05-03,1,1,86,0.48,42,30,73,60,0.16,0,0,0,1,productivity_overestimation
STU_013,ENT_01266,2026-05-03,2,1,118,0.27,46,35,51,65,0.19,0,0,1,0,productivity_overestimation
STU_013,ENT_01267,2026-05-04,1,0,27,0.79,6,7,17,12,0.66,1,1,1,0,accurate_perception
STU_013,ENT_01268,2026-05-04,2,0,29,0.7,37,23,53,57,0.33,0,1,1,1,focus_mismatch
STU_013,ENT_01269,2026-05-05,1,0,20,0.73,28,14,41,67,0.32,0,0,0,1,stress_underestimation
STU_013,ENT_01270,2026-05-05,2,0,5,0.93,4,3,8,8,0.9,1,1,1,0,accurate_perception
STU_013,ENT_01271,2026-05-06,1,0,125,0.12,53,29,59,44,0.3,0,0,0,1,productivity_overestimation
STU_013,ENT_01272,2026-05-06,2,0,26,0.73,31,14,48,64,0.36,1,0,1,1,focus_mismatch
STU_013,ENT_01273,2026-05-07,1,0,19,0.79,14,2,1,6,0.93,1,1,0,0,accurate_perception
STU_013,ENT_01274,2026-05-07,2,0,40,0.49,15,18,15,30,0.64,0,1,1,0,context_mismatch
STU_013,ENT_01275,2026-05-08,1,0,17,0.8,33,25,59,57,0.18,0,0,0,1,focus_mismatch
STU_013,ENT_01276,2026-05-08,2,0,55,0.58,39,9,22,23,0.62,0,1,0,0,context_mismatch
STU_013,ENT_01277,2026-05-09,1,1,6,0.94,0,1,18,8,0.73,1,1,0,0,accurate_perception
STU_013,ENT_01278,2026-05-09,2,1,27,0.79,38,26,41,70,0.4,0,0,1,1,stress_underestimation
STU_013,ENT_01279,2026-05-10,1,1,35,0.69,20,25,42,41,0.24,1,1,1,1,stress_underestimation
STU_013,ENT_01280,2026-05-10,2,1,45,0.69,29,16,21,27,0.48,0,0,1,0,context_mismatch
STU_013,ENT_01281,2026-05-11,1,0,9,0.9,15,3,13,5,0.83,1,1,0,0,accurate_perception
STU_013,ENT_01282,2026-05-11,2,0,23,0.73,42,12,41,75,0.24,1,0,0,1,focus_mismatch
STU_013,ENT_01283,2026-05-12,1,0,132,0.2,57,35,87,63,0.2,0,0,1,0,productivity_overestimation
STU_013,ENT_01284,2026-05-12,2,0,128,0.23,80,39,65,37,0.15,0,0,1,0,productivity_overestimation
STU_013,ENT_01285,2026-05-13,1,0,4,0.95,10,1,2,12,0.93,1,1,1,0,accurate_perception
STU_013,ENT_01286,2026-05-13,2,0,36,0.69,25,10,36,70,0.45,0,0,0,1,stress_underestimation
STU_013,ENT_01287,2026-05-14,1,0,18,0.78,29,19,64,43,0.31,0,0,0,1,focus_mismatch
STU_013,ENT_01288,2026-05-14,2,0,7,0.95,9,10,13,9,0.97,1,1,0,0,accurate_perception
STU_013,ENT_01289,2026-05-15,1,0,34,0.68,36,18,21,17,0.57,0,0,1,0,context_mismatch
STU_013,ENT_01290,2026-05-15,2,0,42,0.48,26,15,43,20,0.67,0,1,0,0,context_mismatch
STU_013,ENT_01291,2026-05-16,1,1,72,0.55,20,13,28,44,0.67,0,0,0,0,context_mismatch
STU_013,ENT_01292,2026-05-16,2,1,15,0.87,52,13,43,43,0.3,0,1,1,1,focus_mismatch
STU_013,ENT_01293,2026-05-17,1,1,45,0.42,15,12,23,22,0.67,0,1,0,0,context_mismatch
STU_013,ENT_01294,2026-05-17,2,1,38,0.7,20,9,26,16,0.6,0,0,0,0,context_mismatch
STU_013,ENT_01295,2026-05-18,1,0,23,0.71,43,30,64,35,0.44,0,1,1,1,stress_underestimation
STU_013,ENT_01296,2026-05-18,2,0,66,0.29,41,40,96,36,0.05,0,0,0,0,productivity_overestimation
STU_013,ENT_01297,2026-05-19,1,0,38,0.67,27,16,18,40,0.68,0,0,0,0,context_mismatch
STU_013,ENT_01298,2026-05-19,2,0,26,0.79,49,19,51,50,0.28,1,1,1,1,focus_mismatch
STU_013,ENT_01299,2026-05-20,1,0,43,0.46,34,14,47,34,0.6,0,1,0,1,context_mismatch
STU_013,ENT_01300,2026-05-20,2,0,30,0.78,38,12,39,26,0.51,0,1,1,1,context_mismatch
STU_014,ENT_01301,2026-04-01,1,0,22,0.8,32,20,58,43,0.36,1,1,0,1,focus_mismatch
STU_014,ENT_01302,2026-04-01,2,0,24,0.64,27,23,65,59,0.49,0,0,0,1,stress_underestimation
STU_014,ENT_01303,2026-04-02,1,0,65,0.32,65,23,83,42,0.36,0,0,0,1,productivity_overestimation
STU_014,ENT_01304,2026-04-02,2,0,2,0.98,15,3,16,11,0.87,1,1,1,0,accurate_perception
STU_014,ENT_01305,2026-04-03,1,0,41,0.55,22,14,55,69,0.5,1,1,1,1,stress_underestimation
STU_014,ENT_01306,2026-04-03,2,0,26,0.77,48,23,48,46,0.33,0,1,0,1,focus_mismatch
STU_014,ENT_01307,2026-04-04,1,1,39,0.64,55,21,53,42,0.3,1,1,1,1,focus_mismatch
STU_014,ENT_01308,2026-04-04,2,1,17,0.73,35,22,49,56,0.56,1,0,0,1,stress_underestimation
STU_014,ENT_01309,2026-04-05,1,1,34,0.74,36,15,47,51,0.39,1,0,1,1,stress_underestimation
STU_014,ENT_01310,2026-04-05,2,1,64,0.34,58,22,63,48,0.19,0,0,0,1,productivity_overestimation
STU_014,ENT_01311,2026-04-06,1,0,35,0.53,17,9,21,17,0.45,0,1,1,1,context_mismatch
STU_014,ENT_01312,2026-04-06,2,0,18,0.73,2,10,6,20,0.75,1,1,1,0,accurate_perception
STU_014,ENT_01313,2026-04-07,1,0,22,0.8,2,9,16,20,0.89,1,1,1,0,accurate_perception
STU_014,ENT_01314,2026-04-07,2,0,101,0.29,73,15,50,46,0.05,0,0,1,0,productivity_overestimation
STU_014,ENT_01315,2026-04-08,1,0,48,0.63,44,10,50,64,0.31,1,1,1,1,focus_mismatch
STU_014,ENT_01316,2026-04-08,2,0,96,0.33,79,36,63,60,0.23,0,0,0,0,productivity_overestimation
STU_014,ENT_01317,2026-04-09,1,0,10,0.87,43,19,41,74,0.22,1,1,1,0,focus_mismatch
STU_014,ENT_01318,2026-04-09,2,0,60,0.46,36,10,28,34,0.51,0,0,1,0,context_mismatch
STU_014,ENT_01319,2026-04-10,1,0,23,0.68,26,19,43,73,0.42,0,1,0,1,focus_mismatch
STU_014,ENT_01320,2026-04-10,2,0,31,0.73,50,11,68,46,0.15,0,0,0,0,focus_mismatch
STU_014,ENT_01321,2026-04-11,1,1,51,0.53,29,7,16,27,0.44,0,1,0,0,context_mismatch
STU_014,ENT_01322,2026-04-11,2,1,2,0.98,11,0,13,10,0.75,1,1,1,0,accurate_perception
STU_014,ENT_01323,2026-04-12,1,1,10,0.92,4,9,6,13,0.88,1,1,0,0,accurate_perception
STU_014,ENT_01324,2026-04-12,2,1,10,0.83,39,16,56,59,0.33,1,0,1,0,focus_mismatch
STU_014,ENT_01325,2026-04-13,1,0,26,0.81,26,13,58,68,0.28,0,1,0,1,focus_mismatch
STU_014,ENT_01326,2026-04-13,2,0,12,0.81,39,18,45,65,0.43,1,1,1,1,focus_mismatch
STU_014,ENT_01327,2026-04-14,1,0,24,0.82,48,24,40,73,0.28,1,1,0,0,focus_mismatch
STU_014,ENT_01328,2026-04-14,2,0,5,0.92,43,16,46,52,0.29,0,1,0,1,focus_mismatch
STU_014,ENT_01329,2026-04-15,1,0,105,0.42,29,5,50,30,0.47,0,1,1,0,context_mismatch
STU_014,ENT_01330,2026-04-15,2,0,35,0.6,50,17,63,68,0.35,1,1,0,1,stress_underestimation
STU_014,ENT_01331,2026-04-16,1,0,3,0.98,0,4,0,16,1.0,1,1,0,0,accurate_perception
STU_014,ENT_01332,2026-04-16,2,0,11,0.92,10,0,17,9,0.87,1,1,1,0,accurate_perception
STU_014,ENT_01333,2026-04-17,1,0,44,0.53,37,22,54,52,0.29,0,0,1,1,stress_underestimation
STU_014,ENT_01334,2026-04-17,2,0,28,0.81,10,9,10,8,0.71,1,1,1,0,accurate_perception
STU_014,ENT_01335,2026-04-18,1,1,26,0.81,41,18,37,41,0.34,0,0,0,1,focus_mismatch
STU_014,ENT_01336,2026-04-18,2,1,3,0.97,12,1,1,8,1.0,1,1,1,0,accurate_perception
STU_014,ENT_01337,2026-04-19,1,1,16,0.81,51,10,38,44,0.2,1,1,0,1,focus_mismatch
STU_014,ENT_01338,2026-04-19,2,1,23,0.77,25,30,63,42,0.6,1,1,0,1,stress_underestimation
STU_014,ENT_01339,2026-04-20,1,0,142,0.17,41,30,78,63,0.2,0,0,1,1,productivity_overestimation
STU_014,ENT_01340,2026-04-20,2,0,8,0.93,4,5,0,7,0.92,1,1,1,0,accurate_perception
STU_014,ENT_01341,2026-04-21,1,0,1,0.98,2,4,0,17,1.0,1,1,1,0,accurate_perception
STU_014,ENT_01342,2026-04-21,2,0,91,0.21,45,19,70,57,0.18,0,0,0,0,productivity_overestimation
STU_014,ENT_01343,2026-04-22,1,0,71,0.4,37,10,21,17,0.48,0,0,0,0,context_mismatch
STU_014,ENT_01344,2026-04-22,2,0,45,0.69,39,25,69,62,0.23,1,0,1,1,focus_mismatch
STU_014,ENT_01345,2026-04-23,1,0,16,0.8,29,22,53,72,0.27,1,1,1,0,focus_mismatch
STU_014,ENT_01346,2026-04-23,2,0,14,0.85,37,25,69,46,0.51,1,1,0,0,focus_mismatch
STU_014,ENT_01347,2026-04-24,1,0,150,0.12,71,33,84,46,0.06,1,0,0,1,productivity_overestimation
STU_014,ENT_01348,2026-04-24,2,0,43,0.71,27,23,44,64,0.25,1,0,1,1,stress_underestimation
STU_014,ENT_01349,2026-04-25,1,1,45,0.66,40,5,46,40,0.62,0,1,1,0,context_mismatch
STU_014,ENT_01350,2026-04-25,2,1,40,0.66,21,22,61,45,0.52,0,0,1,1,stress_underestimation
STU_014,ENT_01351,2026-04-26,1,1,37,0.53,46,15,41,44,0.4,0,0,1,1,stress_underestimation
STU_014,ENT_01352,2026-04-26,2,1,14,0.77,37,24,36,46,0.3,0,0,0,1,stress_underestimation
STU_014,ENT_01353,2026-04-27,1,0,31,0.77,1,8,18,13,0.8,1,1,1,0,accurate_perception
STU_014,ENT_01354,2026-04-27,2,0,8,0.87,29,11,56,42,0.48,0,1,1,1,focus_mismatch
STU_014,ENT_01355,2026-04-28,1,0,3,0.97,10,9,16,7,0.85,1,1,1,0,accurate_perception
STU_014,ENT_01356,2026-04-28,2,0,17,0.73,34,12,52,41,0.33,1,1,1,1,stress_underestimation
STU_014,ENT_01357,2026-04-29,1,0,149,0.14,79,29,67,59,0.35,0,0,1,1,productivity_overestimation
STU_014,ENT_01358,2026-04-29,2,0,45,0.59,37,18,47,30,0.55,0,0,1,1,context_mismatch
STU_014,ENT_01359,2026-04-30,1,0,91,0.41,30,15,48,15,0.46,0,1,0,0,context_mismatch
STU_014,ENT_01360,2026-04-30,2,0,69,0.26,63,39,74,59,0.21,1,0,1,0,productivity_overestimation
STU_014,ENT_01361,2026-05-01,1,0,78,0.38,61,26,67,51,0.14,1,0,1,1,productivity_overestimation
STU_014,ENT_01362,2026-05-01,2,0,139,0.17,80,22,90,43,0.28,0,0,0,0,productivity_overestimation
STU_014,ENT_01363,2026-05-02,1,1,2,0.98,10,6,5,13,0.76,1,1,1,0,accurate_perception
STU_014,ENT_01364,2026-05-02,2,1,130,0.14,61,27,60,45,0.2,0,0,0,1,productivity_overestimation
STU_014,ENT_01365,2026-05-03,1,1,135,0.12,65,26,73,36,0.29,0,0,0,1,productivity_overestimation
STU_014,ENT_01366,2026-05-03,2,1,108,0.29,58,23,64,35,0.16,0,0,1,0,productivity_overestimation
STU_014,ENT_01367,2026-05-04,1,0,34,0.72,6,8,10,12,0.69,1,1,1,0,accurate_perception
STU_014,ENT_01368,2026-05-04,2,0,32,0.68,28,20,55,52,0.27,1,0,1,1,focus_mismatch
STU_014,ENT_01369,2026-05-05,1,0,30,0.58,33,24,50,32,0.28,0,0,1,1,stress_underestimation
STU_014,ENT_01370,2026-05-05,2,0,3,0.95,5,7,12,8,0.91,1,1,1,0,accurate_perception
STU_014,ENT_01371,2026-05-06,1,0,76,0.28,40,23,73,43,0.15,0,0,0,0,productivity_overestimation
STU_014,ENT_01372,2026-05-06,2,0,6,0.95,13,6,1,15,0.98,1,1,1,0,accurate_perception
STU_014,ENT_01373,2026-05-07,1,0,47,0.59,47,15,38,61,0.46,1,1,1,1,stress_underestimation
STU_014,ENT_01374,2026-05-07,2,0,24,0.77,30,29,48,41,0.36,1,0,0,1,stress_underestimation
STU_014,ENT_01375,2026-05-08,1,0,20,0.8,0,0,1,9,0.91,1,1,0,0,accurate_perception
STU_014,ENT_01376,2026-05-08,2,0,19,0.72,14,8,35,42,0.44,0,1,1,0,context_mismatch
STU_014,ENT_01377,2026-05-09,1,1,136,0.2,51,36,56,53,0.23,1,0,0,1,productivity_overestimation
STU_014,ENT_01378,2026-05-09,2,1,117,0.34,54,28,78,63,0.2,1,0,0,0,productivity_overestimation
STU_014,ENT_01379,2026-05-10,1,1,155,0.14,63,24,63,39,0.27,0,0,1,0,productivity_overestimation
STU_014,ENT_01380,2026-05-10,2,1,31,0.54,39,14,30,70,0.26,1,0,0,1,stress_underestimation
STU_014,ENT_01381,2026-05-11,1,0,67,0.45,32,19,37,15,0.61,0,1,0,1,context_mismatch
STU_014,ENT_01382,2026-05-11,2,0,84,0.52,24,15,31,38,0.7,0,1,1,0,context_mismatch
STU_014,ENT_01383,2026-05-12,1,0,20,0.69,44,12,67,69,0.33,0,0,1,0,focus_mismatch
STU_014,ENT_01384,2026-05-12,2,0,31,0.73,30,20,26,17,0.48,0,1,0,1,context_mismatch
STU_014,ENT_01385,2026-05-13,1,0,25,0.6,25,14,43,56,0.61,1,1,1,1,stress_underestimation
STU_014,ENT_01386,2026-05-13,2,0,56,0.6,37,27,39,45,0.48,1,0,0,1,stress_underestimation
STU_014,ENT_01387,2026-05-14,1,0,26,0.72,40,24,66,54,0.22,0,0,1,1,focus_mismatch
STU_014,ENT_01388,2026-05-14,2,0,10,0.92,3,2,14,19,0.72,1,1,1,0,accurate_perception
STU_014,ENT_01389,2026-05-15,1,0,68,0.44,73,30,96,42,0.18,0,0,0,0,productivity_overestimation
STU_014,ENT_01390,2026-05-15,2,0,112,0.36,63,27,96,38,0.14,0,0,0,1,productivity_overestimation
STU_014,ENT_01391,2026-05-16,1,1,38,0.68,36,28,58,52,0.49,1,1,1,1,stress_underestimation
STU_014,ENT_01392,2026-05-16,2,1,94,0.33,42,21,51,52,0.24,1,0,1,0,productivity_overestimation
STU_014,ENT_01393,2026-05-17,1,1,19,0.86,14,1,11,10,1.0,1,1,1,0,accurate_perception
STU_014,ENT_01394,2026-05-17,2,1,3,0.95,5,9,11,5,0.67,1,1,1,0,accurate_perception
STU_014,ENT_01395,2026-05-18,1,0,41,0.51,46,16,30,66,0.37,0,1,0,1,stress_underestimation
STU_014,ENT_01396,2026-05-18,2,0,30,0.73,24,13,43,40,0.32,1,1,1,1,stress_underestimation
STU_014,ENT_01397,2026-05-19,1,0,37,0.44,34,7,22,18,0.44,0,0,0,0,context_mismatch
STU_014,ENT_01398,2026-05-19,2,0,13,0.83,49,26,58,45,0.33,1,0,0,1,stress_underestimation
STU_014,ENT_01399,2026-05-20,1,0,33,0.69,42,10,46,69,0.4,1,0,0,1,focus_mismatch
STU_014,ENT_01400,2026-05-20,2,0,51,0.45,80,31,58,56,0.29,0,0,0,0,productivity_overestimation
STU_015,ENT_01401,2026-04-01,1,0,11,0.92,55,21,59,44,0.45,0,0,1,0,focus_mismatch
STU_015,ENT_01402,2026-04-01,2,0,15,0.76,27,24,37,39,0.32,1,1,1,1,stress_underestimation
STU_015,ENT_01403,2026-04-02,1,0,26,0.66,25,18,39,49,0.3,0,1,0,1,focus_mismatch
STU_015,ENT_01404,2026-04-02,2,0,43,0.67,21,15,33,58,0.56,1,1,0,1,stress_underestimation
STU_015,ENT_01405,2026-04-03,1,0,38,0.78,38,8,36,25,0.55,0,1,0,0,context_mismatch
STU_015,ENT_01406,2026-04-03,2,0,27,0.58,23,10,53,55,0.55,1,1,1,1,stress_underestimation
STU_015,ENT_01407,2026-04-04,1,1,81,0.42,24,16,38,24,0.46,0,0,1,0,context_mismatch
STU_015,ENT_01408,2026-04-04,2,1,28,0.7,1,8,1,8,0.94,1,1,0,0,accurate_perception
STU_015,ENT_01409,2026-04-05,1,1,27,0.76,28,24,60,57,0.31,0,1,0,1,focus_mismatch
STU_015,ENT_01410,2026-04-05,2,1,111,0.37,77,15,96,41,0.34,1,0,0,0,productivity_overestimation
STU_015,ENT_01411,2026-04-06,1,0,38,0.48,24,12,36,17,0.75,0,1,1,1,context_mismatch
STU_015,ENT_01412,2026-04-06,2,0,4,0.95,5,1,6,5,0.69,1,1,1,0,accurate_perception
STU_015,ENT_01413,2026-04-07,1,0,47,0.55,32,18,31,30,0.33,0,0,1,0,context_mismatch
STU_015,ENT_01414,2026-04-07,2,0,7,0.92,5,7,8,18,0.95,1,1,0,0,accurate_perception
STU_015,ENT_01415,2026-04-08,1,0,132,0.16,48,37,80,36,0.2,1,0,0,1,productivity_overestimation
STU_015,ENT_01416,2026-04-08,2,0,128,0.25,44,40,57,38,0.19,1,0,0,1,productivity_overestimation
STU_015,ENT_01417,2026-04-09,1,0,93,0.24,74,39,85,39,0.28,0,0,1,0,productivity_overestimation
STU_015,ENT_01418,2026-04-09,2,0,58,0.61,50,15,37,56,0.35,1,1,1,1,focus_mismatch
STU_015,ENT_01419,2026-04-10,1,0,34,0.72,40,12,42,59,0.46,1,1,1,1,stress_underestimation
STU_015,ENT_01420,2026-04-10,2,0,89,0.13,71,24,53,66,0.15,0,0,0,1,productivity_overestimation
STU_015,ENT_01421,2026-04-11,1,1,39,0.74,31,14,22,34,0.44,0,1,1,0,context_mismatch
STU_015,ENT_01422,2026-04-11,2,1,25,0.83,6,7,1,19,0.95,1,1,0,0,accurate_perception
STU_015,ENT_01423,2026-04-12,1,1,81,0.26,41,35,92,51,0.21,0,0,0,1,productivity_overestimation
STU_015,ENT_01424,2026-04-12,2,1,43,0.68,36,28,58,39,0.44,1,0,1,1,stress_underestimation
STU_015,ENT_01425,2026-04-13,1,0,1,0.99,12,4,9,9,0.67,1,1,1,0,accurate_perception
STU_015,ENT_01426,2026-04-13,2,0,36,0.6,24,16,43,44,0.34,0,0,1,1,context_mismatch
STU_015,ENT_01427,2026-04-14,1,0,111,0.26,51,21,74,40,0.14,0,0,0,1,productivity_overestimation
STU_015,ENT_01428,2026-04-14,2,0,24,0.7,33,27,62,39,0.44,1,1,0,1,stress_underestimation
STU_015,ENT_01429,2026-04-15,1,0,17,0.81,33,12,62,47,0.2,1,0,0,1,focus_mismatch
STU_015,ENT_01430,2026-04-15,2,0,35,0.76,32,20,59,62,0.31,1,1,0,1,focus_mismatch
STU_015,ENT_01431,2026-04-16,1,0,29,0.74,29,29,54,54,0.46,1,1,0,1,stress_underestimation
STU_015,ENT_01432,2026-04-16,2,0,31,0.61,25,14,70,61,0.15,1,0,1,1,focus_mismatch
STU_015,ENT_01433,2026-04-17,1,0,20,0.84,34,12,32,32,0.56,0,0,0,0,context_mismatch
STU_015,ENT_01434,2026-04-17,2,0,131,0.13,73,29,88,39,0.21,0,0,0,1,productivity_overestimation
STU_015,ENT_01435,2026-04-18,1,1,79,0.24,55,26,92,45,0.37,1,0,0,0,productivity_overestimation
STU_015,ENT_01436,2026-04-18,2,1,18,0.7,32,11,51,60,0.26,1,0,0,1,focus_mismatch
STU_015,ENT_01437,2026-04-19,1,1,10,0.9,8,1,19,8,0.86,1,1,0,0,accurate_perception
STU_015,ENT_01438,2026-04-19,2,1,47,0.64,47,12,60,60,0.61,0,0,1,1,stress_underestimation
STU_015,ENT_01439,2026-04-20,1,0,49,0.62,27,5,40,29,0.58,0,1,0,0,context_mismatch
STU_015,ENT_01440,2026-04-20,2,0,12,0.84,51,20,46,65,0.45,1,1,0,1,focus_mismatch
STU_015,ENT_01441,2026-04-21,1,0,13,0.91,9,8,12,14,0.98,1,1,1,0,accurate_perception
STU_015,ENT_01442,2026-04-21,2,0,16,0.84,26,13,42,48,0.42,0,1,1,0,focus_mismatch
STU_015,ENT_01443,2026-04-22,1,0,72,0.51,23,12,60,35,0.42,0,1,0,1,stress_underestimation
STU_015,ENT_01444,2026-04-22,2,0,57,0.62,13,13,35,26,0.56,0,0,0,0,context_mismatch
STU_015,ENT_01445,2026-04-23,1,0,32,0.67,19,13,26,16,0.46,0,1,1,1,context_mismatch
STU_015,ENT_01446,2026-04-23,2,0,12,0.9,1,5,13,13,0.81,1,1,1,0,accurate_perception
STU_015,ENT_01447,2026-04-24,1,0,22,0.82,35,10,63,59,0.48,0,0,1,0,focus_mismatch
STU_015,ENT_01448,2026-04-24,2,0,15,0.84,53,22,43,51,0.36,1,0,0,1,focus_mismatch
STU_015,ENT_01449,2026-04-25,1,1,44,0.58,21,10,57,40,0.43,0,1,0,1,stress_underestimation
STU_015,ENT_01450,2026-04-25,2,1,1,0.99,15,10,15,14,0.87,1,1,1,0,accurate_perception
STU_015,ENT_01451,2026-04-26,1,1,55,0.45,46,17,73,67,0.21,1,0,0,0,productivity_overestimation
STU_015,ENT_01452,2026-04-26,2,1,29,0.52,38,26,55,60,0.56,0,0,0,1,stress_underestimation
STU_015,ENT_01453,2026-04-27,1,0,107,0.21,40,40,67,63,0.17,0,0,0,1,productivity_overestimation
STU_015,ENT_01454,2026-04-27,2,0,99,0.11,73,23,64,65,0.15,1,0,1,0,productivity_overestimation
STU_015,ENT_01455,2026-04-28,1,0,62,0.62,21,13,47,20,0.42,0,1,0,1,context_mismatch
STU_015,ENT_01456,2026-04-28,2,0,37,0.61,46,23,51,59,0.32,1,1,0,0,focus_mismatch
STU_015,ENT_01457,2026-04-29,1,0,22,0.71,14,4,17,20,0.93,1,1,0,0,accurate_perception
STU_015,ENT_01458,2026-04-29,2,0,37,0.66,17,14,25,30,0.39,0,1,1,1,context_mismatch
STU_015,ENT_01459,2026-04-30,1,0,98,0.35,74,16,54,59,0.36,0,0,0,0,productivity_overestimation
STU_015,ENT_01460,2026-04-30,2,0,98,0.18,74,31,59,52,0.17,0,0,0,0,productivity_overestimation
STU_015,ENT_01461,2026-05-01,1,0,126,0.3,46,31,54,60,0.19,0,0,0,1,productivity_overestimation
STU_015,ENT_01462,2026-05-01,2,0,2,0.98,11,4,8,18,0.72,1,1,1,0,accurate_perception
STU_015,ENT_01463,2026-05-02,1,1,10,0.92,6,7,17,8,0.74,1,1,1,0,accurate_perception
STU_015,ENT_01464,2026-05-02,2,1,63,0.54,37,24,62,62,0.52,1,1,1,1,stress_underestimation
STU_015,ENT_01465,2026-05-03,1,1,2,0.97,1,4,10,20,0.8,1,1,1,0,accurate_perception
STU_015,ENT_01466,2026-05-03,2,1,154,0.13,64,22,52,40,0.37,1,0,1,1,productivity_overestimation
STU_015,ENT_01467,2026-05-04,1,0,65,0.44,77,29,60,68,0.16,0,0,0,0,productivity_overestimation
STU_015,ENT_01468,2026-05-04,2,0,24,0.8,5,9,6,10,0.86,1,1,0,0,accurate_perception
STU_015,ENT_01469,2026-05-05,1,0,39,0.55,23,11,37,30,0.24,0,0,0,1,stress_underestimation
STU_015,ENT_01470,2026-05-05,2,0,43,0.63,21,10,62,70,0.5,1,1,1,1,stress_underestimation
STU_015,ENT_01471,2026-05-06,1,0,109,0.14,64,40,55,53,0.16,0,0,0,0,productivity_overestimation
STU_015,ENT_01472,2026-05-06,2,0,18,0.86,28,23,65,38,0.27,1,1,0,1,stress_underestimation
STU_015,ENT_01473,2026-05-07,1,0,73,0.21,65,20,50,58,0.22,0,0,1,1,productivity_overestimation
STU_015,ENT_01474,2026-05-07,2,0,22,0.65,23,17,42,23,0.33,0,1,1,0,context_mismatch
STU_015,ENT_01475,2026-05-08,1,0,6,0.92,55,17,53,40,0.41,0,1,1,1,focus_mismatch
STU_015,ENT_01476,2026-05-08,2,0,29,0.52,27,11,42,28,0.52,0,0,1,1,context_mismatch
STU_015,ENT_01477,2026-05-09,1,1,50,0.55,39,24,30,63,0.31,1,0,1,1,stress_underestimation
STU_015,ENT_01478,2026-05-09,2,1,62,0.56,29,7,38,15,0.53,0,0,1,0,context_mismatch
STU_015,ENT_01479,2026-05-10,1,1,22,0.8,7,2,0,7,0.82,1,1,1,0,accurate_perception
STU_015,ENT_01480,2026-05-10,2,1,51,0.6,36,10,39,15,0.41,0,0,1,0,context_mismatch
STU_015,ENT_01481,2026-05-11,1,0,15,0.86,10,1,14,20,0.88,1,1,1,0,accurate_perception
STU_015,ENT_01482,2026-05-11,2,0,32,0.71,45,12,36,64,0.52,1,0,1,1,stress_underestimation
STU_015,ENT_01483,2026-05-12,1,0,94,0.33,67,23,61,45,0.22,0,0,1,0,productivity_overestimation
STU_015,ENT_01484,2026-05-12,2,0,44,0.74,38,13,38,23,0.6,0,1,1,1,context_mismatch
STU_015,ENT_01485,2026-05-13,1,0,20,0.69,49,14,35,49,0.31,1,0,0,1,focus_mismatch
STU_015,ENT_01486,2026-05-13,2,0,79,0.33,61,28,67,38,0.13,0,0,0,1,productivity_overestimation
STU_015,ENT_01487,2026-05-14,1,0,11,0.92,8,0,1,7,0.88,1,1,1,0,accurate_perception
STU_015,ENT_01488,2026-05-14,2,0,124,0.16,48,28,54,59,0.3,0,0,0,1,productivity_overestimation
STU_015,ENT_01489,2026-05-15,1,0,120,0.25,43,17,57,58,0.32,1,0,0,0,productivity_overestimation
STU_015,ENT_01490,2026-05-15,2,0,12,0.82,32,24,38,48,0.16,0,1,1,1,focus_mismatch
STU_015,ENT_01491,2026-05-16,1,1,83,0.32,45,31,86,54,0.18,0,0,0,0,productivity_overestimation
STU_015,ENT_01492,2026-05-16,2,1,33,0.71,38,16,56,52,0.24,1,0,1,1,stress_underestimation
STU_015,ENT_01493,2026-05-17,1,1,31,0.78,4,7,6,14,0.86,1,1,1,0,accurate_perception
STU_015,ENT_01494,2026-05-17,2,1,24,0.76,37,29,55,44,0.37,1,0,1,1,stress_underestimation
STU_015,ENT_01495,2026-05-18,1,0,54,0.69,20,9,41,31,0.49,0,1,1,0,context_mismatch
STU_015,ENT_01496,2026-05-18,2,0,42,0.69,42,18,49,64,0.41,0,1,0,1,stress_underestimation
STU_015,ENT_01497,2026-05-19,1,0,16,0.89,34,22,43,74,0.18,1,1,1,1,focus_mismatch
STU_015,ENT_01498,2026-05-19,2,0,138,0.18,45,26,75,45,0.08,0,0,1,0,productivity_overestimation
STU_015,ENT_01499,2026-05-20,1,0,77,0.51,11,20,34,38,0.51,0,0,0,0,context_mismatch
STU_015,ENT_01500,2026-05-20,2,0,6,0.95,12,1,19,5,0.8,1,1,1,0,accurate_perception
STU_016,ENT_01501,2026-04-01,1,0,26,0.83,32,29,53,44,0.43,1,0,0,1,stress_underestimation
STU_016,ENT_01502,2026-04-01,2,0,26,0.82,14,5,18,16,0.87,1,1,0,0,accurate_perception
STU_016,ENT_01503,2026-04-02,1,0,3,0.98,2,5,3,15,0.81,1,1,0,0,accurate_perception
STU_016,ENT_01504,2026-04-02,2,0,9,0.94,8,7,20,15,0.67,1,1,1,0,accurate_perception
STU_016,ENT_01505,2026-04-03,1,0,79,0.31,69,34,85,38,0.33,0,0,1,0,productivity_overestimation
STU_016,ENT_01506,2026-04-03,2,0,13,0.81,12,4,19,11,1.0,1,1,0,0,accurate_perception
STU_016,ENT_01507,2026-04-04,1,1,30,0.6,36,14,37,53,0.31,1,1,0,0,focus_mismatch
STU_016,ENT_01508,2026-04-04,2,1,100,0.43,17,15,26,45,0.53,0,0,1,1,context_mismatch
STU_016,ENT_01509,2026-04-05,1,1,37,0.65,23,20,15,35,0.42,0,1,0,0,context_mismatch
STU_016,ENT_01510,2026-04-05,2,1,62,0.49,34,12,45,31,0.52,0,1,0,1,context_mismatch
STU_016,ENT_01511,2026-04-06,1,0,98,0.24,63,22,51,35,0.17,0,0,0,1,productivity_overestimation
STU_016,ENT_01512,2026-04-06,2,0,93,0.31,44,30,63,59,0.09,1,0,0,1,productivity_overestimation
STU_016,ENT_01513,2026-04-07,1,0,86,0.24,80,20,92,44,0.09,0,0,0,0,productivity_overestimation
STU_016,ENT_01514,2026-04-07,2,0,146,0.1,66,36,52,57,0.18,1,0,1,1,productivity_overestimation
STU_016,ENT_01515,2026-04-08,1,0,28,0.62,37,24,49,48,0.26,1,1,1,1,focus_mismatch
STU_016,ENT_01516,2026-04-08,2,0,30,0.77,37,24,50,66,0.43,1,1,1,1,stress_underestimation
STU_016,ENT_01517,2026-04-09,1,0,64,0.47,51,40,50,44,0.16,0,0,0,1,productivity_overestimation
STU_016,ENT_01518,2026-04-09,2,0,23,0.63,14,5,43,18,0.4,0,0,0,1,context_mismatch
STU_016,ENT_01519,2026-04-10,1,0,10,0.88,23,30,40,34,0.44,0,1,0,1,stress_underestimation
STU_016,ENT_01520,2026-04-10,2,0,54,0.53,23,26,57,43,0.38,1,0,1,1,stress_underestimation
STU_016,ENT_01521,2026-04-11,1,1,65,0.46,32,8,39,32,0.6,0,1,0,0,context_mismatch
STU_016,ENT_01522,2026-04-11,2,1,42,0.69,12,17,24,31,0.67,0,0,1,0,context_mismatch
STU_016,ENT_01523,2026-04-12,1,1,5,0.92,4,2,15,10,0.64,1,1,0,0,accurate_perception
STU_016,ENT_01524,2026-04-12,2,1,25,0.82,27,14,39,33,0.28,1,1,0,1,stress_underestimation
STU_016,ENT_01525,2026-04-13,1,0,31,0.76,22,23,53,66,0.37,0,0,0,1,stress_underestimation
STU_016,ENT_01526,2026-04-13,2,0,80,0.17,49,22,58,43,0.24,0,0,1,0,productivity_overestimation
STU_016,ENT_01527,2026-04-14,1,0,9,0.86,49,14,67,45,0.38,1,1,1,0,focus_mismatch
STU_016,ENT_01528,2026-04-14,2,0,79,0.19,78,22,78,64,0.17,0,0,1,0,productivity_overestimation
STU_016,ENT_01529,2026-04-15,1,0,47,0.49,45,28,93,39,0.17,0,0,0,0,productivity_overestimation
STU_016,ENT_01530,2026-04-15,2,0,104,0.15,74,23,54,59,0.11,0,0,0,0,productivity_overestimation
STU_016,ENT_01531,2026-04-16,1,0,16,0.76,21,18,40,29,0.76,0,0,1,0,context_mismatch
STU_016,ENT_01532,2026-04-16,2,0,22,0.69,45,22,53,53,0.28,1,1,0,1,stress_underestimation
STU_016,ENT_01533,2026-04-17,1,0,31,0.64,29,11,29,33,0.43,0,1,1,0,context_mismatch
STU_016,ENT_01534,2026-04-17,2,0,22,0.73,36,8,20,24,0.64,0,1,0,1,context_mismatch
STU_016,ENT_01535,2026-04-18,1,1,46,0.69,46,14,41,72,0.44,0,1,0,1,focus_mismatch
STU_016,ENT_01536,2026-04-18,2,1,59,0.58,29,12,54,46,0.33,0,0,1,1,stress_underestimation
STU_016,ENT_01537,2026-04-19,1,1,2,0.98,1,5,17,12,0.72,1,1,0,0,accurate_perception
STU_016,ENT_01538,2026-04-19,2,1,43,0.71,11,10,16,20,0.8,1,1,1,0,accurate_perception
STU_016,ENT_01539,2026-04-20,1,0,14,0.87,43,18,66,61,0.38,1,1,1,0,focus_mismatch
STU_016,ENT_01540,2026-04-20,2,0,25,0.77,52,18,60,64,0.45,1,1,0,1,focus_mismatch
STU_016,ENT_01541,2026-04-21,1,0,25,0.64,34,21,36,74,0.28,1,1,0,1,focus_mismatch
STU_016,ENT_01542,2026-04-21,2,0,89,0.18,63,33,74,60,0.15,0,0,0,0,productivity_overestimation
STU_016,ENT_01543,2026-04-22,1,0,40,0.48,34,8,32,20,0.6,0,1,0,1,context_mismatch
STU_016,ENT_01544,2026-04-22,2,0,22,0.84,5,6,3,14,1.0,1,1,0,0,accurate_perception
STU_016,ENT_01545,2026-04-23,1,0,23,0.83,34,17,36,31,0.29,1,0,1,1,stress_underestimation
STU_016,ENT_01546,2026-04-23,2,0,14,0.83,3,1,11,19,0.81,1,1,1,0,accurate_perception
STU_016,ENT_01547,2026-04-24,1,0,46,0.68,53,15,62,72,0.35,1,1,0,0,focus_mismatch
STU_016,ENT_01548,2026-04-24,2,0,24,0.7,39,5,48,28,0.71,0,0,0,0,context_mismatch
STU_016,ENT_01549,2026-04-25,1,1,33,0.71,16,11,44,15,0.52,0,1,0,1,context_mismatch
STU_016,ENT_01550,2026-04-25,2,1,21,0.82,22,10,53,50,0.48,0,0,0,1,stress_underestimation
STU_016,ENT_01551,2026-04-26,1,1,25,0.83,4,1,9,10,0.83,1,1,0,0,accurate_perception
STU_016,ENT_01552,2026-04-26,2,1,73,0.43,47,39,63,60,0.23,0,0,0,0,productivity_overestimation
STU_016,ENT_01553,2026-04-27,1,0,11,0.87,11,5,4,17,0.8,1,1,1,0,accurate_perception
STU_016,ENT_01554,2026-04-27,2,0,29,0.79,45,17,52,38,0.56,1,0,0,1,stress_underestimation
STU_016,ENT_01555,2026-04-28,1,0,126,0.29,68,22,94,47,0.3,0,0,0,1,productivity_overestimation
STU_016,ENT_01556,2026-04-28,2,0,23,0.84,50,17,57,54,0.22,0,1,0,1,focus_mismatch
STU_016,ENT_01557,2026-04-29,1,0,14,0.89,26,15,59,71,0.32,1,0,0,1,focus_mismatch
STU_016,ENT_01558,2026-04-29,2,0,67,0.36,75,22,85,70,0.16,0,0,0,1,productivity_overestimation
STU_016,ENT_01559,2026-04-30,1,0,4,0.97,12,7,6,15,0.79,1,1,0,0,accurate_perception
STU_016,ENT_01560,2026-04-30,2,0,10,0.89,29,14,45,72,0.13,1,1,1,0,focus_mismatch
STU_016,ENT_01561,2026-05-01,1,0,47,0.64,51,15,46,62,0.28,1,1,0,1,focus_mismatch
STU_016,ENT_01562,2026-05-01,2,0,19,0.79,40,25,45,34,0.43,0,1,1,1,stress_underestimation
STU_016,ENT_01563,2026-05-02,1,1,16,0.78,20,25,50,44,0.6,0,1,0,1,stress_underestimation
STU_016,ENT_01564,2026-05-02,2,1,84,0.29,51,27,92,38,0.16,1,0,0,1,productivity_overestimation
STU_016,ENT_01565,2026-05-03,1,1,25,0.75,45,25,32,53,0.36,0,0,1,1,stress_underestimation
STU_016,ENT_01566,2026-05-03,2,1,110,0.11,76,39,93,56,0.12,0,0,1,1,productivity_overestimation
STU_016,ENT_01567,2026-05-04,1,0,45,0.55,25,16,26,16,0.44,0,0,0,0,context_mismatch
STU_016,ENT_01568,2026-05-04,2,0,157,0.1,79,35,81,41,0.16,0,0,0,0,productivity_overestimation
STU_016,ENT_01569,2026-05-05,1,0,3,0.97,12,7,17,19,0.84,1,1,1,0,accurate_perception
STU_016,ENT_01570,2026-05-05,2,0,29,0.75,12,10,23,29,0.63,0,0,1,0,context_mismatch
STU_016,ENT_01571,2026-05-06,1,0,37,0.71,40,27,56,52,0.35,0,1,0,1,stress_underestimation
STU_016,ENT_01572,2026-05-06,2,0,86,0.38,72,36,96,56,0.06,0,0,0,0,productivity_overestimation
STU_016,ENT_01573,2026-05-07,1,0,21,0.67,25,17,32,24,0.56,0,1,1,0,context_mismatch
STU_016,ENT_01574,2026-05-07,2,0,24,0.79,29,19,64,57,0.36,1,1,1,1,stress_underestimation
STU_016,ENT_01575,2026-05-08,1,0,22,0.74,1,4,10,6,0.66,1,1,1,0,accurate_perception
STU_016,ENT_01576,2026-05-08,2,0,19,0.7,32,18,57,69,0.3,0,0,1,1,stress_underestimation
STU_016,ENT_01577,2026-05-09,1,1,97,0.18,43,37,73,64,0.18,0,0,0,0,productivity_overestimation
STU_016,ENT_01578,2026-05-09,2,1,78,0.47,19,12,20,42,0.45,0,1,1,1,context_mismatch
STU_016,ENT_01579,2026-05-10,1,1,23,0.79,32,19,56,56,0.51,1,0,1,1,focus_mismatch
STU_016,ENT_01580,2026-05-10,2,1,17,0.83,54,17,50,56,0.26,0,1,1,1,focus_mismatch
STU_016,ENT_01581,2026-05-11,1,0,127,0.27,50,19,64,38,0.22,0,0,1,1,productivity_overestimation
STU_016,ENT_01582,2026-05-11,2,0,36,0.73,37,30,63,67,0.46,0,0,0,1,stress_underestimation
STU_016,ENT_01583,2026-05-12,1,0,15,0.89,1,2,3,20,0.92,1,1,1,0,accurate_perception
STU_016,ENT_01584,2026-05-12,2,0,12,0.86,13,5,10,20,0.87,1,1,0,0,accurate_perception
STU_016,ENT_01585,2026-05-13,1,0,75,0.41,59,27,54,44,0.19,0,0,0,0,productivity_overestimation
STU_016,ENT_01586,2026-05-13,2,0,13,0.82,3,3,14,15,1.0,1,1,1,0,accurate_perception
STU_016,ENT_01587,2026-05-14,1,0,31,0.7,40,25,30,65,0.63,0,0,0,1,stress_underestimation
STU_016,ENT_01588,2026-05-14,2,0,34,0.65,47,20,60,64,0.17,1,1,0,0,focus_mismatch
STU_016,ENT_01589,2026-05-15,1,0,40,0.64,46,14,37,55,0.24,0,1,1,0,focus_mismatch
STU_016,ENT_01590,2026-05-15,2,0,14,0.84,33,26,55,64,0.41,1,1,0,1,stress_underestimation
STU_016,ENT_01591,2026-05-16,1,1,62,0.6,11,9,20,35,0.6,0,1,0,0,context_mismatch
STU_016,ENT_01592,2026-05-16,2,1,34,0.65,35,11,44,54,0.39,1,0,0,0,focus_mismatch
STU_016,ENT_01593,2026-05-17,1,1,11,0.88,10,2,14,15,0.97,1,1,0,0,accurate_perception
STU_016,ENT_01594,2026-05-17,2,1,68,0.38,48,15,58,56,0.28,0,0,0,0,productivity_overestimation
STU_016,ENT_01595,2026-05-18,1,0,26,0.72,39,12,42,67,0.37,0,1,1,0,focus_mismatch
STU_016,ENT_01596,2026-05-18,2,0,25,0.76,30,17,33,41,0.31,0,0,0,1,stress_underestimation
STU_016,ENT_01597,2026-05-19,1,0,7,0.95,15,2,7,5,0.81,1,1,0,0,accurate_perception
STU_016,ENT_01598,2026-05-19,2,0,131,0.11,77,40,97,36,0.16,0,0,1,0,productivity_overestimation
STU_016,ENT_01599,2026-05-20,1,0,18,0.73,53,23,51,74,0.37,0,1,1,1,focus_mismatch
STU_016,ENT_01600,2026-05-20,2,0,6,0.96,5,4,1,17,0.82,1,1,1,0,accurate_perception
STU_017,ENT_01601,2026-04-01,1,0,46,0.62,20,7,26,19,0.4,0,1,1,0,context_mismatch
STU_017,ENT_01602,2026-04-01,2,0,12,0.87,48,14,50,71,0.2,1,0,0,0,focus_mismatch
STU_017,ENT_01603,2026-04-02,1,0,56,0.42,72,16,65,57,0.31,0,0,1,0,productivity_overestimation
STU_017,ENT_01604,2026-04-02,2,0,35,0.79,35,12,24,26,0.53,0,1,1,1,context_mismatch
STU_017,ENT_01605,2026-04-03,1,0,19,0.74,30,15,44,71,0.49,0,0,1,0,focus_mismatch
STU_017,ENT_01606,2026-04-03,2,0,110,0.13,47,27,61,59,0.27,0,0,1,1,productivity_overestimation
STU_017,ENT_01607,2026-04-04,1,1,5,0.94,0,8,6,11,0.95,1,1,1,0,accurate_perception
STU_017,ENT_01608,2026-04-04,2,1,10,0.9,15,8,19,15,0.7,1,1,0,0,accurate_perception
STU_017,ENT_01609,2026-04-05,1,1,143,0.19,72,36,72,39,0.3,0,0,1,1,productivity_overestimation
STU_017,ENT_01610,2026-04-05,2,1,94,0.46,23,11,25,45,0.71,0,1,0,0,context_mismatch
STU_017,ENT_01611,2026-04-06,1,0,124,0.17,50,20,72,44,0.02,1,0,0,0,productivity_overestimation
STU_017,ENT_01612,2026-04-06,2,0,69,0.26,76,38,60,44,0.14,0,0,0,0,productivity_overestimation
STU_017,ENT_01613,2026-04-07,1,0,93,0.28,77,27,64,62,0.18,0,0,1,1,productivity_overestimation
STU_017,ENT_01614,2026-04-07,2,0,94,0.26,51,16,77,59,0.15,0,0,1,1,productivity_overestimation
STU_017,ENT_01615,2026-04-08,1,0,87,0.16,74,39,52,37,0.16,0,0,1,0,productivity_overestimation
STU_017,ENT_01616,2026-04-08,2,0,77,0.31,46,20,100,39,0.13,0,0,1,1,productivity_overestimation
STU_017,ENT_01617,2026-04-09,1,0,59,0.54,25,17,34,43,0.46,0,0,1,0,context_mismatch
STU_017,ENT_01618,2026-04-09,2,0,20,0.8,36,5,17,40,0.53,0,1,1,0,context_mismatch
STU_017,ENT_01619,2026-04-10,1,0,32,0.68,44,22,55,48,0.51,1,0,1,1,stress_underestimation
STU_017,ENT_01620,2026-04-10,2,0,63,0.56,39,14,57,39,0.24,0,1,0,1,stress_underestimation
STU_017,ENT_01621,2026-04-11,1,1,94,0.23,47,24,96,66,0.37,0,0,0,1,productivity_overestimation
STU_017,ENT_01622,2026-04-11,2,1,10,0.91,8,9,16,8,0.9,1,1,0,0,accurate_perception
STU_017,ENT_01623,2026-04-12,1,1,82,0.15,67,28,76,36,0.3,0,0,0,0,productivity_overestimation
STU_017,ENT_01624,2026-04-12,2,1,20,0.75,31,22,47,46,0.23,1,0,1,0,focus_mismatch
STU_017,ENT_01625,2026-04-13,1,0,8,0.94,11,8,5,18,0.98,1,1,1,0,accurate_perception
STU_017,ENT_01626,2026-04-13,2,0,33,0.51,32,27,57,40,0.55,0,0,0,1,stress_underestimation
STU_017,ENT_01627,2026-04-14,1,0,3,0.97,12,10,6,11,0.93,1,1,1,0,accurate_perception
STU_017,ENT_01628,2026-04-14,2,0,71,0.32,74,40,98,60,0.13,0,0,0,1,productivity_overestimation
STU_017,ENT_01629,2026-04-15,1,0,14,0.8,5,3,7,9,0.74,1,1,1,0,accurate_perception
STU_017,ENT_01630,2026-04-15,2,0,29,0.65,39,12,63,60,0.44,1,0,1,1,stress_underestimation
STU_017,ENT_01631,2026-04-16,1,0,20,0.82,1,6,20,16,0.88,1,1,1,0,accurate_perception
STU_017,ENT_01632,2026-04-16,2,0,3,0.96,8,3,2,9,0.83,1,1,1,0,accurate_perception
STU_017,ENT_01633,2026-04-17,1,0,156,0.12,77,28,87,69,0.24,0,0,0,1,productivity_overestimation
STU_017,ENT_01634,2026-04-17,2,0,79,0.28,64,26,94,60,0.26,0,0,1,0,productivity_overestimation
STU_017,ENT_01635,2026-04-18,1,1,97,0.25,77,33,60,56,0.19,1,0,1,0,productivity_overestimation
STU_017,ENT_01636,2026-04-18,2,1,23,0.7,39,10,58,47,0.37,1,1,1,1,stress_underestimation
STU_017,ENT_01637,2026-04-19,1,1,23,0.66,28,17,46,15,0.58,0,1,1,0,context_mismatch
STU_017,ENT_01638,2026-04-19,2,1,50,0.62,39,28,48,55,0.42,0,1,0,1,stress_underestimation
STU_017,ENT_01639,2026-04-20,1,0,74,0.56,40,15,28,27,0.63,0,1,0,0,context_mismatch
STU_017,ENT_01640,2026-04-20,2,0,21,0.67,35,10,45,72,0.48,1,0,0,0,focus_mismatch
STU_017,ENT_01641,2026-04-21,1,0,88,0.41,75,34,53,36,0.2,0,0,0,0,productivity_overestimation
STU_017,ENT_01642,2026-04-21,2,0,34,0.74,41,11,51,60,0.4,1,0,1,1,stress_underestimation
STU_017,ENT_01643,2026-04-22,1,0,18,0.75,38,17,35,49,0.42,1,0,0,0,focus_mismatch
STU_017,ENT_01644,2026-04-22,2,0,19,0.83,37,13,57,53,0.3,1,1,1,0,focus_mismatch
STU_017,ENT_01645,2026-04-23,1,0,27,0.68,27,14,42,29,0.57,0,1,0,1,context_mismatch
STU_017,ENT_01646,2026-04-23,2,0,98,0.31,42,15,57,48,0.26,0,0,0,0,productivity_overestimation
STU_017,ENT_01647,2026-04-24,1,0,34,0.63,44,11,60,70,0.24,1,1,1,0,focus_mismatch
STU_017,ENT_01648,2026-04-24,2,0,18,0.77,35,21,62,70,0.32,0,0,0,0,focus_mismatch
STU_017,ENT_01649,2026-04-25,1,1,16,0.82,40,19,58,31,0.29,1,1,1,1,stress_underestimation
STU_017,ENT_01650,2026-04-25,2,1,58,0.57,33,20,40,36,0.57,1,0,1,1,stress_underestimation
STU_017,ENT_01651,2026-04-26,1,1,89,0.17,62,21,56,45,0.31,0,0,0,0,productivity_overestimation
STU_017,ENT_01652,2026-04-26,2,1,9,0.87,27,25,50,49,0.35,0,1,1,1,focus_mismatch
STU_017,ENT_01653,2026-04-27,1,0,53,0.62,30,20,65,50,0.32,1,0,1,1,stress_underestimation
STU_017,ENT_01654,2026-04-27,2,0,82,0.2,72,25,81,58,0.21,0,0,0,0,productivity_overestimation
STU_017,ENT_01655,2026-04-28,1,0,53,0.5,12,13,43,29,0.49,0,1,0,0,context_mismatch
STU_017,ENT_01656,2026-04-28,2,0,31,0.76,47,19,37,59,0.3,1,1,0,1,stress_underestimation
STU_017,ENT_01657,2026-04-29,1,0,47,0.66,35,17,66,72,0.28,0,0,1,0,focus_mismatch
STU_017,ENT_01658,2026-04-29,2,0,18,0.79,5,6,1,20,0.93,1,1,1,0,accurate_perception
STU_017,ENT_01659,2026-04-30,1,0,116,0.23,52,15,68,70,0.15,0,0,0,0,productivity_overestimation
STU_017,ENT_01660,2026-04-30,2,0,117,0.18,53,25,96,49,0.26,0,0,0,0,productivity_overestimation
STU_017,ENT_01661,2026-05-01,1,0,27,0.68,52,22,66,45,0.37,1,0,1,1,focus_mismatch
STU_017,ENT_01662,2026-05-01,2,0,14,0.84,12,2,18,13,0.99,1,1,1,0,accurate_perception
STU_017,ENT_01663,2026-05-02,1,1,15,0.77,43,10,37,47,0.23,1,1,0,1,focus_mismatch
STU_017,ENT_01664,2026-05-02,2,1,128,0.28,50,18,95,40,0.19,0,0,0,0,productivity_overestimation
STU_017,ENT_01665,2026-05-03,1,1,29,0.77,29,29,59,67,0.3,1,1,1,1,stress_underestimation
STU_017,ENT_01666,2026-05-03,2,1,58,0.54,36,13,33,41,0.28,1,1,0,1,stress_underestimation
STU_017,ENT_01667,2026-05-04,1,0,21,0.84,14,1,14,5,1.0,1,1,1,0,accurate_perception
STU_017,ENT_01668,2026-05-04,2,0,16,0.84,50,18,48,67,0.4,1,1,0,0,focus_mismatch
STU_017,ENT_01669,2026-05-05,1,0,79,0.15,72,25,98,62,0.19,0,0,1,0,productivity_overestimation
STU_017,ENT_01670,2026-05-05,2,0,61,0.52,50,20,30,31,0.49,1,0,0,1,stress_underestimation
STU_017,ENT_01671,2026-05-06,1,0,53,0.5,27,18,42,33,0.53,0,1,0,1,context_mismatch
STU_017,ENT_01672,2026-05-06,2,0,12,0.9,0,7,0,15,0.79,1,1,0,0,accurate_perception
STU_017,ENT_01673,2026-05-07,1,0,25,0.81,20,17,64,38,0.6,1,0,1,1,stress_underestimation
STU_017,ENT_01674,2026-05-07,2,0,45,0.61,26,20,69,46,0.46,0,1,1,0,focus_mismatch
STU_017,ENT_01675,2026-05-08,1,0,19,0.84,2,5,16,20,0.81,1,1,0,0,accurate_perception
STU_017,ENT_01676,2026-05-08,2,0,29,0.8,12,9,7,11,0.87,1,1,0,0,accurate_perception
STU_017,ENT_01677,2026-05-09,1,1,50,0.61,47,23,35,53,0.4,1,0,0,1,stress_underestimation
STU_017,ENT_01678,2026-05-09,2,1,45,0.58,35,28,41,52,0.43,0,1,1,1,stress_underestimation
STU_017,ENT_01679,2026-05-10,1,1,54,0.61,29,17,65,71,0.15,0,1,1,1,focus_mismatch
STU_017,ENT_01680,2026-05-10,2,1,109,0.14,45,27,66,51,0.15,1,0,0,0,productivity_overestimation
STU_017,ENT_01681,2026-05-11,1,0,17,0.89,10,10,6,15,0.92,1,1,1,0,accurate_perception
STU_017,ENT_01682,2026-05-11,2,0,29,0.73,11,11,50,32,0.4,0,0,0,0,context_mismatch
STU_017,ENT_01683,2026-05-12,1,0,125,0.13,72,18,66,51,0.23,0,0,1,1,productivity_overestimation
STU_017,ENT_01684,2026-05-12,2,0,48,0.64,45,11,56,61,0.41,1,0,0,1,stress_underestimation
STU_017,ENT_01685,2026-05-13,1,0,84,0.33,72,29,98,52,0.33,0,0,0,0,productivity_overestimation
STU_017,ENT_01686,2026-05-13,2,0,7,0.95,14,2,15,8,0.91,1,1,0,0,accurate_perception
STU_017,ENT_01687,2026-05-14,1,0,22,0.83,23,13,54,47,0.54,0,0,1,1,stress_underestimation
STU_017,ENT_01688,2026-05-14,2,0,3,0.98,15,3,17,20,0.88,1,1,1,0,accurate_perception
STU_017,ENT_01689,2026-05-15,1,0,35,0.68,40,24,35,56,0.27,1,0,0,1,focus_mismatch
STU_017,ENT_01690,2026-05-15,2,0,95,0.34,51,32,58,60,0.08,0,0,0,1,productivity_overestimation
STU_017,ENT_01691,2026-05-16,1,1,81,0.32,79,16,96,57,0.12,0,0,0,0,productivity_overestimation
STU_017,ENT_01692,2026-05-16,2,1,112,0.27,57,18,86,48,0.11,0,0,1,0,productivity_overestimation
STU_017,ENT_01693,2026-05-17,1,1,139,0.17,80,19,59,52,0.2,1,0,0,1,productivity_overestimation
STU_017,ENT_01694,2026-05-17,2,1,16,0.88,5,2,11,7,1.0,1,1,0,0,accurate_perception
STU_017,ENT_01695,2026-05-18,1,0,110,0.38,66,18,56,69,0.18,0,0,0,1,productivity_overestimation
STU_017,ENT_01696,2026-05-18,2,0,28,0.74,14,17,43,37,0.51,0,0,0,0,context_mismatch
STU_017,ENT_01697,2026-05-19,1,0,42,0.53,35,18,23,17,0.51,0,1,0,0,context_mismatch
STU_017,ENT_01698,2026-05-19,2,0,40,0.6,28,25,50,48,0.34,0,0,1,0,focus_mismatch
STU_017,ENT_01699,2026-05-20,1,0,18,0.72,22,13,43,64,0.51,1,1,0,1,stress_underestimation
STU_017,ENT_01700,2026-05-20,2,0,39,0.53,45,18,50,47,0.53,1,0,0,1,stress_underestimation
STU_018,ENT_01701,2026-04-01,1,0,16,0.73,13,0,4,12,0.89,1,1,0,0,accurate_perception
STU_018,ENT_01702,2026-04-01,2,0,109,0.37,51,21,87,52,0.18,0,0,1,1,productivity_overestimation
STU_018,ENT_01703,2026-04-02,1,0,17,0.86,37,10,48,51,0.33,1,0,0,0,focus_mismatch
STU_018,ENT_01704,2026-04-02,2,0,35,0.71,27,5,23,23,0.75,0,1,1,0,context_mismatch
STU_018,ENT_01705,2026-04-03,1,0,17,0.77,55,12,45,67,0.32,1,1,1,1,focus_mismatch
STU_018,ENT_01706,2026-04-03,2,0,49,0.72,26,18,23,21,0.64,0,0,1,0,context_mismatch
STU_018,ENT_01707,2026-04-04,1,1,29,0.81,27,7,22,33,0.37,0,1,0,0,context_mismatch
STU_018,ENT_01708,2026-04-04,2,1,23,0.79,26,11,40,34,0.71,0,0,1,0,context_mismatch
STU_018,ENT_01709,2026-04-05,1,1,37,0.68,55,11,67,50,0.24,1,1,1,1,focus_mismatch
STU_018,ENT_01710,2026-04-05,2,1,57,0.66,15,11,46,36,0.61,0,0,1,0,context_mismatch
STU_018,ENT_01711,2026-04-06,1,0,106,0.09,41,15,85,68,0.23,1,0,0,0,productivity_overestimation
STU_018,ENT_01712,2026-04-06,2,0,26,0.57,28,7,22,23,0.5,0,0,0,0,context_mismatch
STU_018,ENT_01713,2026-04-07,1,0,25,0.68,14,20,27,44,0.6,0,1,1,1,context_mismatch
STU_018,ENT_01714,2026-04-07,2,0,10,0.84,29,27,35,65,0.48,1,0,0,1,stress_underestimation
STU_018,ENT_01715,2026-04-08,1,0,128,0.22,54,22,77,42,0.32,0,0,0,0,productivity_overestimation
STU_018,ENT_01716,2026-04-08,2,0,10,0.86,11,4,10,9,1.0,1,1,1,0,accurate_perception
STU_018,ENT_01717,2026-04-09,1,0,90,0.47,40,17,73,48,0.11,1,0,0,0,productivity_overestimation
STU_018,ENT_01718,2026-04-09,2,0,52,0.61,18,14,32,42,0.51,0,1,0,0,context_mismatch
STU_018,ENT_01719,2026-04-10,1,0,91,0.47,74,17,94,67,0.06,0,0,1,1,productivity_overestimation
STU_018,ENT_01720,2026-04-10,2,0,33,0.45,38,17,24,16,0.56,0,0,1,0,context_mismatch
STU_018,ENT_01721,2026-04-11,1,1,51,0.57,49,21,42,56,0.43,0,1,1,1,stress_underestimation
STU_018,ENT_01722,2026-04-11,2,1,82,0.25,75,19,85,56,0.04,1,0,0,0,productivity_overestimation
STU_018,ENT_01723,2026-04-12,1,1,32,0.69,29,22,37,32,0.29,0,0,1,1,stress_underestimation
STU_018,ENT_01724,2026-04-12,2,1,22,0.69,14,19,20,15,0.5,0,0,0,0,context_mismatch
STU_018,ENT_01725,2026-04-13,1,0,64,0.54,21,7,23,15,0.55,0,1,1,0,context_mismatch
STU_018,ENT_01726,2026-04-13,2,0,76,0.51,40,13,34,27,0.71,0,1,0,0,context_mismatch
STU_018,ENT_01727,2026-04-14,1,0,3,0.97,9,6,0,8,0.85,1,1,0,0,accurate_perception
STU_018,ENT_01728,2026-04-14,2,0,15,0.89,55,19,66,49,0.23,1,0,1,1,focus_mismatch
STU_018,ENT_01729,2026-04-15,1,0,34,0.66,33,9,44,36,0.66,0,0,1,0,context_mismatch
STU_018,ENT_01730,2026-04-15,2,0,19,0.82,45,22,39,38,0.25,1,1,1,1,stress_underestimation
STU_018,ENT_01731,2026-04-16,1,0,4,0.96,9,7,14,7,0.91,1,1,1,0,accurate_perception
STU_018,ENT_01732,2026-04-16,2,0,26,0.77,41,19,67,70,0.54,0,0,1,1,focus_mismatch
STU_018,ENT_01733,2026-04-17,1,0,6,0.94,12,8,4,8,0.71,1,1,1,0,accurate_perception
STU_018,ENT_01734,2026-04-17,2,0,52,0.66,15,16,31,33,0.54,0,1,1,0,context_mismatch
STU_018,ENT_01735,2026-04-18,1,1,12,0.84,35,16,64,65,0.2,0,0,1,1,stress_underestimation
STU_018,ENT_01736,2026-04-18,2,1,33,0.77,34,15,39,73,0.35,1,0,1,1,focus_mismatch
STU_018,ENT_01737,2026-04-19,1,1,16,0.85,51,13,37,51,0.29,1,1,0,1,focus_mismatch
STU_018,ENT_01738,2026-04-19,2,1,25,0.7,42,22,33,49,0.52,1,0,0,1,stress_underestimation
STU_018,ENT_01739,2026-04-20,1,0,39,0.75,11,6,27,20,0.46,0,0,1,1,context_mismatch
STU_018,ENT_01740,2026-04-20,2,0,13,0.8,8,0,0,11,0.88,1,1,0,0,accurate_perception
STU_018,ENT_01741,2026-04-21,1,0,22,0.82,43,24,70,66,0.26,1,1,0,1,focus_mismatch
STU_018,ENT_01742,2026-04-21,2,0,17,0.74,28,13,48,70,0.39,1,0,0,1,stress_underestimation
STU_018,ENT_01743,2026-04-22,1,0,113,0.15,73,20,95,42,0.19,1,0,1,0,productivity_overestimation
STU_018,ENT_01744,2026-04-22,2,0,46,0.66,32,12,44,18,0.6,0,0,0,1,context_mismatch
STU_018,ENT_01745,2026-04-23,1,0,22,0.71,31,17,31,30,0.47,0,0,1,0,context_mismatch
STU_018,ENT_01746,2026-04-23,2,0,33,0.71,0,2,9,5,0.95,1,1,1,0,accurate_perception
STU_018,ENT_01747,2026-04-24,1,0,61,0.51,25,30,46,48,0.36,0,1,0,1,stress_underestimation
STU_018,ENT_01748,2026-04-24,2,0,106,0.24,64,34,92,59,0.28,0,0,0,1,productivity_overestimation
STU_018,ENT_01749,2026-04-25,1,1,130,0.27,44,28,89,42,0.22,0,0,1,0,productivity_overestimation
STU_018,ENT_01750,2026-04-25,2,1,54,0.48,49,27,54,35,0.1,0,0,0,0,productivity_overestimation
STU_018,ENT_01751,2026-04-26,1,1,14,0.9,8,2,9,11,0.95,1,1,1,0,accurate_perception
STU_018,ENT_01752,2026-04-26,2,1,39,0.49,37,14,47,17,0.37,0,0,1,1,context_mismatch
STU_018,ENT_01753,2026-04-27,1,0,17,0.72,4,1,11,7,0.86,1,1,1,0,accurate_perception
STU_018,ENT_01754,2026-04-27,2,0,45,0.54,35,12,29,36,0.68,0,1,0,0,context_mismatch
STU_018,ENT_01755,2026-04-28,1,0,33,0.67,34,13,46,28,0.58,0,1,1,0,context_mismatch
STU_018,ENT_01756,2026-04-28,2,0,32,0.69,49,13,43,74,0.47,1,1,0,0,focus_mismatch
STU_018,ENT_01757,2026-04-29,1,0,34,0.74,28,20,58,56,0.31,1,0,1,0,focus_mismatch
STU_018,ENT_01758,2026-04-29,2,0,25,0.68,34,23,58,57,0.3,0,0,1,0,focus_mismatch
STU_018,ENT_01759,2026-04-30,1,0,22,0.74,13,16,39,40,0.51,0,1,0,0,context_mismatch
STU_018,ENT_01760,2026-04-30,2,0,18,0.75,27,26,31,41,0.48,0,1,1,1,stress_underestimation
STU_018,ENT_01761,2026-05-01,1,0,53,0.51,38,15,51,46,0.46,1,1,0,1,stress_underestimation
STU_018,ENT_01762,2026-05-01,2,0,5,0.96,1,7,13,18,0.68,1,1,1,0,accurate_perception
STU_018,ENT_01763,2026-05-02,1,1,9,0.88,2,3,10,11,1.0,1,1,1,0,accurate_perception
STU_018,ENT_01764,2026-05-02,2,1,41,0.61,16,18,47,41,0.45,0,1,0,0,context_mismatch
STU_018,ENT_01765,2026-05-03,1,1,44,0.6,17,10,18,37,0.47,0,0,1,0,context_mismatch
STU_018,ENT_01766,2026-05-03,2,1,17,0.87,29,25,47,66,0.48,1,1,1,1,focus_mismatch
STU_018,ENT_01767,2026-05-04,1,0,40,0.73,30,23,58,33,0.47,1,1,1,1,stress_underestimation
STU_018,ENT_01768,2026-05-04,2,0,16,0.77,52,10,50,73,0.33,1,0,1,1,focus_mismatch
STU_018,ENT_01769,2026-05-05,1,0,15,0.83,5,2,20,9,0.77,1,1,0,0,accurate_perception
STU_018,ENT_01770,2026-05-05,2,0,4,0.97,13,9,3,20,0.66,1,1,1,0,accurate_perception
STU_018,ENT_01771,2026-05-06,1,0,120,0.12,57,32,75,70,0.12,0,0,0,0,productivity_overestimation
STU_018,ENT_01772,2026-05-06,2,0,29,0.65,53,15,61,75,0.3,1,0,1,1,focus_mismatch
STU_018,ENT_01773,2026-05-07,1,0,21,0.82,24,19,16,44,0.56,0,1,0,0,context_mismatch
STU_018,ENT_01774,2026-05-07,2,0,17,0.83,9,9,6,11,0.82,1,1,0,0,accurate_perception
STU_018,ENT_01775,2026-05-08,1,0,45,0.66,28,24,45,57,0.38,0,0,0,1,focus_mismatch
STU_018,ENT_01776,2026-05-08,2,0,110,0.16,50,26,89,70,0.2,0,0,1,0,productivity_overestimation
STU_018,ENT_01777,2026-05-09,1,1,131,0.14,45,20,86,42,0.21,0,0,0,1,productivity_overestimation
STU_018,ENT_01778,2026-05-09,2,1,113,0.21,61,20,79,45,0.17,0,0,1,1,productivity_overestimation
STU_018,ENT_01779,2026-05-10,1,1,39,0.71,39,10,67,74,0.37,1,1,1,1,focus_mismatch
STU_018,ENT_01780,2026-05-10,2,1,14,0.78,3,9,5,6,0.8,1,1,1,0,accurate_perception
STU_018,ENT_01781,2026-05-11,1,0,26,0.71,28,18,64,66,0.54,0,0,1,1,stress_underestimation
STU_018,ENT_01782,2026-05-11,2,0,17,0.79,5,3,11,7,0.77,1,1,1,0,accurate_perception
STU_018,ENT_01783,2026-05-12,1,0,12,0.82,7,5,9,15,0.98,1,1,0,0,accurate_perception
STU_018,ENT_01784,2026-05-12,2,0,20,0.84,50,19,48,52,0.34,0,1,0,1,focus_mismatch
STU_018,ENT_01785,2026-05-13,1,0,16,0.79,0,5,18,12,0.8,1,1,1,0,accurate_perception
STU_018,ENT_01786,2026-05-13,2,0,20,0.85,44,29,55,50,0.54,1,0,0,1,stress_underestimation
STU_018,ENT_01787,2026-05-14,1,0,123,0.2,44,30,79,54,0.17,0,0,0,1,productivity_overestimation
STU_018,ENT_01788,2026-05-14,2,0,92,0.26,76,21,78,56,0.28,0,0,0,1,productivity_overestimation
STU_018,ENT_01789,2026-05-15,1,0,32,0.56,17,17,23,45,0.62,0,1,1,0,context_mismatch
STU_018,ENT_01790,2026-05-15,2,0,46,0.59,23,14,31,69,0.37,0,0,0,1,stress_underestimation
STU_018,ENT_01791,2026-05-16,1,1,46,0.7,38,13,35,42,0.35,0,0,0,0,context_mismatch
STU_018,ENT_01792,2026-05-16,2,1,30,0.71,35,13,52,53,0.31,1,0,1,0,focus_mismatch
STU_018,ENT_01793,2026-05-17,1,1,22,0.81,40,14,46,59,0.36,1,1,0,1,stress_underestimation
STU_018,ENT_01794,2026-05-17,2,1,84,0.47,80,40,93,55,0.25,0,0,1,0,productivity_overestimation
STU_018,ENT_01795,2026-05-18,1,0,23,0.77,35,25,32,57,0.37,1,0,0,1,stress_underestimation
STU_018,ENT_01796,2026-05-18,2,0,12,0.91,13,5,3,16,1.0,1,1,0,0,accurate_perception
STU_018,ENT_01797,2026-05-19,1,0,46,0.68,38,18,38,73,0.28,1,0,0,1,focus_mismatch
STU_018,ENT_01798,2026-05-19,2,0,55,0.55,45,15,31,62,0.33,1,0,1,1,stress_underestimation
STU_018,ENT_01799,2026-05-20,1,0,20,0.86,48,21,40,65,0.17,0,1,0,0,focus_mismatch
STU_018,ENT_01800,2026-05-20,2,0,60,0.63,30,17,25,39,0.62,0,0,1,0,context_mismatch
STU_019,ENT_01801,2026-04-01,1,0,23,0.62,55,15,45,55,0.35,1,0,0,0,focus_mismatch
STU_019,ENT_01802,2026-04-01,2,0,49,0.55,42,24,32,38,0.27,1,0,1,1,stress_underestimation
STU_019,ENT_01803,2026-04-02,1,0,38,0.69,30,6,16,37,0.38,0,1,0,1,context_mismatch
STU_019,ENT_01804,2026-04-02,2,0,21,0.75,30,14,45,59,0.33,1,0,1,0,focus_mismatch
STU_019,ENT_01805,2026-04-03,1,0,11,0.82,24,24,61,32,0.3,0,1,0,1,stress_underestimation
STU_019,ENT_01806,2026-04-03,2,0,36,0.53,16,16,15,15,0.52,0,0,0,0,context_mismatch
STU_019,ENT_01807,2026-04-04,1,1,43,0.62,37,12,22,21,0.77,0,1,0,0,context_mismatch
STU_019,ENT_01808,2026-04-04,2,1,38,0.59,22,23,49,38,0.57,1,1,1,1,stress_underestimation
STU_019,ENT_01809,2026-04-05,1,1,10,0.88,14,7,12,16,0.83,1,1,0,0,accurate_perception
STU_019,ENT_01810,2026-04-05,2,1,83,0.48,19,10,17,41,0.47,0,0,1,0,context_mismatch
STU_019,ENT_01811,2026-04-06,1,0,20,0.85,15,9,19,11,0.79,1,1,0,0,accurate_perception
STU_019,ENT_01812,2026-04-06,2,0,10,0.89,8,4,2,20,0.7,1,1,1,0,accurate_perception
STU_019,ENT_01813,2026-04-07,1,0,27,0.78,38,18,58,66,0.38,1,1,1,1,stress_underestimation
STU_019,ENT_01814,2026-04-07,2,0,28,0.64,38,11,47,59,0.31,1,1,0,1,stress_underestimation
STU_019,ENT_01815,2026-04-08,1,0,18,0.7,27,26,51,70,0.51,1,0,0,1,stress_underestimation
STU_019,ENT_01816,2026-04-08,2,0,17,0.83,44,10,37,54,0.23,1,1,0,1,focus_mismatch
STU_019,ENT_01817,2026-04-09,1,0,39,0.65,19,12,44,31,0.69,0,1,0,0,context_mismatch
STU_019,ENT_01818,2026-04-09,2,0,77,0.23,68,35,72,61,0.13,1,0,0,1,productivity_overestimation
STU_019,ENT_01819,2026-04-10,1,0,26,0.62,29,12,63,53,0.54,1,0,0,1,stress_underestimation
STU_019,ENT_01820,2026-04-10,2,0,154,0.14,47,15,99,68,0.07,1,0,1,1,productivity_overestimation
STU_019,ENT_01821,2026-04-11,1,1,109,0.2,67,16,71,37,0.1,0,0,0,0,productivity_overestimation
STU_019,ENT_01822,2026-04-11,2,1,39,0.73,31,10,60,70,0.45,0,0,0,1,focus_mismatch
STU_019,ENT_01823,2026-04-12,1,1,101,0.33,57,39,55,36,0.24,1,0,0,0,productivity_overestimation
STU_019,ENT_01824,2026-04-12,2,1,44,0.68,11,17,45,39,0.44,0,1,0,1,context_mismatch
STU_019,ENT_01825,2026-04-13,1,0,72,0.57,25,17,16,38,0.71,0,1,1,0,context_mismatch
STU_019,ENT_01826,2026-04-13,2,0,23,0.83,3,7,1,13,0.91,1,1,1,0,accurate_perception
STU_019,ENT_01827,2026-04-14,1,0,29,0.74,34,10,56,55,0.38,0,1,0,1,stress_underestimation
STU_019,ENT_01828,2026-04-14,2,0,51,0.71,25,11,26,39,0.72,0,0,0,0,context_mismatch
STU_019,ENT_01829,2026-04-15,1,0,147,0.18,53,39,64,64,0.17,0,0,1,1,productivity_overestimation
STU_019,ENT_01830,2026-04-15,2,0,16,0.83,9,2,0,11,0.93,1,1,1,0,accurate_perception
STU_019,ENT_01831,2026-04-16,1,0,5,0.93,7,5,9,5,0.71,1,1,1,0,accurate_perception
STU_019,ENT_01832,2026-04-16,2,0,10,0.84,39,15,34,69,0.36,0,0,1,1,stress_underestimation
STU_019,ENT_01833,2026-04-17,1,0,9,0.89,33,17,70,72,0.34,0,0,0,1,focus_mismatch
STU_019,ENT_01834,2026-04-17,2,0,30,0.75,23,23,60,62,0.41,1,1,1,1,stress_underestimation
STU_019,ENT_01835,2026-04-18,1,1,20,0.81,36,28,33,36,0.43,1,0,0,1,stress_underestimation
STU_019,ENT_01836,2026-04-18,2,1,20,0.83,28,25,38,49,0.26,1,0,0,0,focus_mismatch
STU_019,ENT_01837,2026-04-19,1,1,48,0.62,37,7,44,20,0.53,0,1,1,1,context_mismatch
STU_019,ENT_01838,2026-04-19,2,1,88,0.31,73,25,98,36,0.14,0,0,1,1,productivity_overestimation
STU_019,ENT_01839,2026-04-20,1,0,16,0.89,8,1,2,18,0.85,1,1,1,0,accurate_perception
STU_019,ENT_01840,2026-04-20,2,0,22,0.8,25,25,55,55,0.3,1,0,0,1,stress_underestimation
STU_019,ENT_01841,2026-04-21,1,0,6,0.91,54,23,47,56,0.21,1,1,0,1,focus_mismatch
STU_019,ENT_01842,2026-04-21,2,0,23,0.84,40,10,40,51,0.25,1,0,1,0,focus_mismatch
STU_019,ENT_01843,2026-04-22,1,0,33,0.71,38,12,39,44,0.34,0,1,1,1,stress_underestimation
STU_019,ENT_01844,2026-04-22,2,0,87,0.42,29,17,43,15,0.49,0,0,1,0,context_mismatch
STU_019,ENT_01845,2026-04-23,1,0,147,0.17,62,26,64,62,0.2,1,0,0,1,productivity_overestimation
STU_019,ENT_01846,2026-04-23,2,0,24,0.78,28,26,64,39,0.36,1,1,1,1,stress_underestimation
STU_019,ENT_01847,2026-04-24,1,0,31,0.72,31,14,49,67,0.19,1,1,1,1,focus_mismatch
STU_019,ENT_01848,2026-04-24,2,0,98,0.24,71,36,61,43,0.34,0,0,1,1,productivity_overestimation
STU_019,ENT_01849,2026-04-25,1,1,121,0.25,40,27,76,60,0.11,1,0,0,0,productivity_overestimation
STU_019,ENT_01850,2026-04-25,2,1,3,0.98,4,9,19,12,0.81,1,1,1,0,accurate_perception
STU_019,ENT_01851,2026-04-26,1,1,55,0.58,32,20,43,34,0.54,0,1,0,0,context_mismatch
STU_019,ENT_01852,2026-04-26,2,1,100,0.11,56,34,65,41,0.19,0,0,1,0,productivity_overestimation
STU_019,ENT_01853,2026-04-27,1,0,47,0.48,58,24,53,64,0.22,0,0,0,0,productivity_overestimation
STU_019,ENT_01854,2026-04-27,2,0,25,0.81,9,1,0,11,0.87,1,1,1,0,accurate_perception
STU_019,ENT_01855,2026-04-28,1,0,125,0.21,42,33,89,69,0.15,1,0,0,0,productivity_overestimation
STU_019,ENT_01856,2026-04-28,2,0,68,0.54,49,10,51,69,0.57,0,0,0,1,stress_underestimation
STU_019,ENT_01857,2026-04-29,1,0,16,0.88,38,23,41,56,0.36,0,0,1,1,focus_mismatch
STU_019,ENT_01858,2026-04-29,2,0,31,0.56,21,12,15,29,0.57,0,1,1,1,context_mismatch
STU_019,ENT_01859,2026-04-30,1,0,18,0.87,45,19,35,59,0.35,1,1,0,1,focus_mismatch
STU_019,ENT_01860,2026-04-30,2,0,73,0.26,70,36,89,55,0.19,0,0,0,1,productivity_overestimation
STU_019,ENT_01861,2026-05-01,1,0,30,0.57,21,6,29,28,0.44,0,1,0,0,context_mismatch
STU_019,ENT_01862,2026-05-01,2,0,121,0.28,77,34,96,39,0.22,0,0,0,1,productivity_overestimation
STU_019,ENT_01863,2026-05-02,1,1,79,0.3,59,23,78,53,0.11,0,0,0,1,productivity_overestimation
STU_019,ENT_01864,2026-05-02,2,1,126,0.2,48,39,64,55,0.38,0,0,1,1,productivity_overestimation
STU_019,ENT_01865,2026-05-03,1,1,31,0.8,30,6,50,42,0.61,0,1,0,1,context_mismatch
STU_019,ENT_01866,2026-05-03,2,1,118,0.12,62,27,62,51,0.17,0,0,1,0,productivity_overestimation
STU_019,ENT_01867,2026-05-04,1,0,13,0.81,50,13,55,68,0.31,1,1,1,0,focus_mismatch
STU_019,ENT_01868,2026-05-04,2,0,23,0.79,35,10,33,48,0.2,0,1,1,1,stress_underestimation
STU_019,ENT_01869,2026-05-05,1,0,15,0.84,7,9,17,9,0.81,1,1,0,0,accurate_perception
STU_019,ENT_01870,2026-05-05,2,0,26,0.76,44,11,45,62,0.43,1,1,1,1,stress_underestimation
STU_019,ENT_01871,2026-05-06,1,0,17,0.73,37,27,30,39,0.3,1,1,0,1,stress_underestimation
STU_019,ENT_01872,2026-05-06,2,0,17,0.89,6,3,7,15,0.84,1,1,0,0,accurate_perception
STU_019,ENT_01873,2026-05-07,1,0,17,0.86,0,8,16,6,1.0,1,1,1,0,accurate_perception
STU_019,ENT_01874,2026-05-07,2,0,127,0.24,42,34,60,37,0.34,0,0,1,1,productivity_overestimation
STU_019,ENT_01875,2026-05-08,1,0,14,0.84,12,6,3,8,0.76,1,1,1,0,accurate_perception
STU_019,ENT_01876,2026-05-08,2,0,75,0.54,15,8,22,34,0.5,0,1,0,0,context_mismatch
STU_019,ENT_01877,2026-05-09,1,1,110,0.27,70,30,67,58,0.2,0,0,1,0,productivity_overestimation
STU_019,ENT_01878,2026-05-09,2,1,8,0.89,2,4,12,7,0.96,1,1,1,0,accurate_perception
STU_019,ENT_01879,2026-05-10,1,1,20,0.84,38,14,61,51,0.3,1,1,0,1,focus_mismatch
STU_019,ENT_01880,2026-05-10,2,1,16,0.85,25,14,58,71,0.48,0,0,1,1,focus_mismatch
STU_019,ENT_01881,2026-05-11,1,0,96,0.41,17,6,40,27,0.54,0,1,0,0,context_mismatch
STU_019,ENT_01882,2026-05-11,2,0,20,0.72,33,18,30,69,0.34,0,0,0,1,stress_underestimation
STU_019,ENT_01883,2026-05-12,1,0,26,0.71,4,0,19,13,0.84,1,1,1,0,accurate_perception
STU_019,ENT_01884,2026-05-12,2,0,44,0.7,27,13,41,55,0.29,1,1,0,1,stress_underestimation
STU_019,ENT_01885,2026-05-13,1,0,90,0.33,71,24,92,55,0.11,0,0,0,1,productivity_overestimation
STU_019,ENT_01886,2026-05-13,2,0,44,0.68,34,20,49,72,0.23,1,0,1,1,focus_mismatch
STU_019,ENT_01887,2026-05-14,1,0,19,0.8,47,19,51,55,0.48,0,1,0,1,stress_underestimation
STU_019,ENT_01888,2026-05-14,2,0,79,0.18,66,27,50,50,0.28,1,0,0,1,productivity_overestimation
STU_019,ENT_01889,2026-05-15,1,0,11,0.82,14,18,40,15,0.41,0,0,1,1,context_mismatch
STU_019,ENT_01890,2026-05-15,2,0,21,0.75,32,12,62,71,0.37,0,1,1,1,focus_mismatch
STU_019,ENT_01891,2026-05-16,1,1,76,0.38,77,25,69,63,0.12,1,0,0,1,productivity_overestimation
STU_019,ENT_01892,2026-05-16,2,1,20,0.8,54,24,38,60,0.31,1,0,1,1,focus_mismatch
STU_019,ENT_01893,2026-05-17,1,1,10,0.91,13,5,12,8,0.81,1,1,1,0,accurate_perception
STU_019,ENT_01894,2026-05-17,2,1,38,0.73,34,22,65,30,0.36,0,0,1,1,stress_underestimation
STU_019,ENT_01895,2026-05-18,1,0,7,0.9,7,0,20,8,0.8,1,1,1,0,accurate_perception
STU_019,ENT_01896,2026-05-18,2,0,30,0.66,51,14,65,53,0.32,1,1,1,1,focus_mismatch
STU_019,ENT_01897,2026-05-19,1,0,88,0.18,50,27,79,59,0.24,0,0,0,0,productivity_overestimation
STU_019,ENT_01898,2026-05-19,2,0,39,0.72,15,12,49,42,0.43,0,0,0,1,context_mismatch
STU_019,ENT_01899,2026-05-20,1,0,89,0.27,40,17,77,47,0.21,0,0,0,0,productivity_overestimation
STU_019,ENT_01900,2026-05-20,2,0,55,0.62,43,14,35,70,0.25,0,1,1,1,focus_mismatch
STU_020,ENT_01901,2026-04-01,1,0,25,0.78,2,3,17,12,0.64,1,1,1,0,accurate_perception
STU_020,ENT_01902,2026-04-01,2,0,23,0.74,25,23,39,38,0.39,0,0,0,1,stress_underestimation
STU_020,ENT_01903,2026-04-02,1,0,40,0.73,40,17,40,44,0.49,0,1,0,0,context_mismatch
STU_020,ENT_01904,2026-04-02,2,0,31,0.71,20,10,47,40,0.52,0,0,0,1,context_mismatch
STU_020,ENT_01905,2026-04-03,1,0,89,0.42,38,20,32,15,0.68,0,1,1,1,context_mismatch
STU_020,ENT_01906,2026-04-03,2,0,87,0.19,40,28,60,35,0.22,1,0,0,1,productivity_overestimation
STU_020,ENT_01907,2026-04-04,1,1,22,0.8,45,18,56,34,0.32,1,1,0,1,stress_underestimation
STU_020,ENT_01908,2026-04-04,2,1,120,0.27,76,36,81,69,0.31,0,0,0,1,productivity_overestimation
STU_020,ENT_01909,2026-04-05,1,1,91,0.3,40,24,88,48,0.11,1,0,0,0,productivity_overestimation
STU_020,ENT_01910,2026-04-05,2,1,138,0.16,64,18,58,41,0.14,0,0,1,0,productivity_overestimation
STU_020,ENT_01911,2026-04-06,1,0,35,0.66,25,10,39,51,0.36,1,0,0,0,focus_mismatch
STU_020,ENT_01912,2026-04-06,2,0,3,0.98,15,4,5,10,0.85,1,1,1,0,accurate_perception
STU_020,ENT_01913,2026-04-07,1,0,71,0.58,26,9,23,21,0.56,0,1,1,0,context_mismatch
STU_020,ENT_01914,2026-04-07,2,0,37,0.62,41,11,59,44,0.39,1,1,1,1,focus_mismatch
STU_020,ENT_01915,2026-04-08,1,0,30,0.77,52,18,60,41,0.35,1,1,1,1,focus_mismatch
STU_020,ENT_01916,2026-04-08,2,0,46,0.68,20,29,58,39,0.37,0,0,0,1,stress_underestimation
STU_020,ENT_01917,2026-04-09,1,0,46,0.39,23,15,37,43,0.49,0,1,1,0,context_mismatch
STU_020,ENT_01918,2026-04-09,2,0,15,0.88,35,20,57,71,0.39,0,1,1,1,focus_mismatch
STU_020,ENT_01919,2026-04-10,1,0,20,0.82,50,23,68,48,0.18,0,1,1,1,focus_mismatch
STU_020,ENT_01920,2026-04-10,2,0,7,0.91,33,12,67,70,0.33,0,0,1,1,focus_mismatch
STU_020,ENT_01921,2026-04-11,1,1,16,0.82,1,1,14,5,0.97,1,1,0,0,accurate_perception
STU_020,ENT_01922,2026-04-11,2,1,16,0.83,6,8,20,18,0.63,1,1,1,0,accurate_perception
STU_020,ENT_01923,2026-04-12,1,1,29,0.79,44,18,39,53,0.28,1,1,0,1,focus_mismatch
STU_020,ENT_01924,2026-04-12,2,1,47,0.72,38,20,23,41,0.58,0,1,1,0,context_mismatch
STU_020,ENT_01925,2026-04-13,1,0,23,0.76,34,20,37,69,0.3,1,1,1,1,focus_mismatch
STU_020,ENT_01926,2026-04-13,2,0,21,0.79,7,9,8,5,0.98,1,1,1,0,accurate_perception
STU_020,ENT_01927,2026-04-14,1,0,44,0.69,42,29,46,47,0.37,0,0,0,1,stress_underestimation
STU_020,ENT_01928,2026-04-14,2,0,24,0.69,33,10,64,52,0.34,0,0,1,1,focus_mismatch
STU_020,ENT_01929,2026-04-15,1,0,51,0.56,29,16,22,36,0.5,0,1,1,1,context_mismatch
STU_020,ENT_01930,2026-04-15,2,0,26,0.57,34,9,35,40,0.67,0,1,1,0,context_mismatch
STU_020,ENT_01931,2026-04-16,1,0,48,0.66,15,18,16,38,0.64,0,1,1,0,context_mismatch
STU_020,ENT_01932,2026-04-16,2,0,27,0.72,16,8,43,21,0.59,0,0,0,1,context_mismatch
STU_020,ENT_01933,2026-04-17,1,0,9,0.87,2,7,17,9,0.72,1,1,1,0,accurate_perception
STU_020,ENT_01934,2026-04-17,2,0,19,0.86,0,6,4,12,0.79,1,1,0,0,accurate_perception
STU_020,ENT_01935,2026-04-18,1,1,26,0.81,24,15,44,60,0.47,0,1,1,1,stress_underestimation
STU_020,ENT_01936,2026-04-18,2,1,10,0.92,14,0,17,13,1.0,1,1,1,0,accurate_perception
STU_020,ENT_01937,2026-04-19,1,1,23,0.84,38,25,55,60,0.26,1,0,1,1,focus_mismatch
STU_020,ENT_01938,2026-04-19,2,1,24,0.77,35,25,38,75,0.32,1,1,0,1,focus_mismatch
STU_020,ENT_01939,2026-04-20,1,0,9,0.9,14,6,6,5,1.0,1,1,1,0,accurate_perception
STU_020,ENT_01940,2026-04-20,2,0,20,0.78,15,8,16,35,0.7,0,1,0,0,context_mismatch
STU_020,ENT_01941,2026-04-21,1,0,13,0.9,12,10,3,9,0.85,1,1,1,0,accurate_perception
STU_020,ENT_01942,2026-04-21,2,0,148,0.11,47,16,79,43,0.2,0,0,0,0,productivity_overestimation
STU_020,ENT_01943,2026-04-22,1,0,26,0.79,52,23,54,69,0.38,1,0,1,1,focus_mismatch
STU_020,ENT_01944,2026-04-22,2,0,16,0.86,50,17,47,61,0.28,1,1,0,1,focus_mismatch
STU_020,ENT_01945,2026-04-23,1,0,118,0.32,53,18,70,56,0.08,0,0,0,0,productivity_overestimation
STU_020,ENT_01946,2026-04-23,2,0,33,0.74,44,17,68,57,0.33,0,1,1,1,focus_mismatch
STU_020,ENT_01947,2026-04-24,1,0,20,0.71,25,6,21,39,0.39,0,1,1,0,context_mismatch
STU_020,ENT_01948,2026-04-24,2,0,128,0.12,80,39,75,69,0.27,1,0,0,1,productivity_overestimation
STU_020,ENT_01949,2026-04-25,1,1,41,0.47,19,13,37,28,0.51,0,1,1,0,context_mismatch
STU_020,ENT_01950,2026-04-25,2,1,7,0.94,13,4,0,7,0.92,1,1,1,0,accurate_perception
STU_020,ENT_01951,2026-04-26,1,1,31,0.75,31,13,57,71,0.33,0,0,1,0,focus_mismatch
STU_020,ENT_01952,2026-04-26,2,1,114,0.29,53,37,52,43,0.13,0,0,1,1,productivity_overestimation
STU_020,ENT_01953,2026-04-27,1,0,38,0.57,29,12,54,53,0.24,1,1,0,1,stress_underestimation
STU_020,ENT_01954,2026-04-27,2,0,17,0.73,39,11,34,24,0.71,0,1,1,0,context_mismatch
STU_020,ENT_01955,2026-04-28,1,0,97,0.43,45,35,81,52,0.33,0,0,0,0,productivity_overestimation
STU_020,ENT_01956,2026-04-28,2,0,23,0.71,12,8,40,33,0.59,0,1,0,0,context_mismatch
STU_020,ENT_01957,2026-04-29,1,0,26,0.73,32,11,46,65,0.31,1,1,0,1,stress_underestimation
STU_020,ENT_01958,2026-04-29,2,0,19,0.75,40,17,42,31,0.48,1,1,0,1,stress_underestimation
STU_020,ENT_01959,2026-04-30,1,0,39,0.64,15,8,50,43,0.43,0,1,0,1,context_mismatch
STU_020,ENT_01960,2026-04-30,2,0,39,0.65,22,10,38,50,0.56,1,0,0,1,stress_underestimation
STU_020,ENT_01961,2026-05-01,1,0,92,0.13,54,23,89,69,0.19,0,0,1,1,productivity_overestimation
STU_020,ENT_01962,2026-05-01,2,0,12,0.89,0,1,15,19,0.85,1,1,1,0,accurate_perception
STU_020,ENT_01963,2026-05-02,1,1,24,0.68,25,15,48,55,0.36,1,1,1,1,focus_mismatch
STU_020,ENT_01964,2026-05-02,2,1,55,0.68,36,6,22,32,0.51,0,0,1,0,context_mismatch
STU_020,ENT_01965,2026-05-03,1,1,97,0.28,64,34,90,56,0.22,0,0,0,1,productivity_overestimation
STU_020,ENT_01966,2026-05-03,2,1,23,0.68,26,10,48,75,0.38,1,1,1,0,focus_mismatch
STU_020,ENT_01967,2026-05-04,1,0,22,0.77,49,18,65,55,0.33,1,0,0,1,stress_underestimation
STU_020,ENT_01968,2026-05-04,2,0,34,0.62,54,21,52,64,0.42,1,1,1,1,focus_mismatch
STU_020,ENT_01969,2026-05-05,1,0,14,0.8,14,8,16,19,0.84,1,1,0,0,accurate_perception
STU_020,ENT_01970,2026-05-05,2,0,114,0.1,60,24,65,63,0.19,0,0,1,0,productivity_overestimation
STU_020,ENT_01971,2026-05-06,1,0,107,0.22,43,18,96,69,0.14,0,0,0,0,productivity_overestimation
STU_020,ENT_01972,2026-05-06,2,0,31,0.66,40,23,45,46,0.34,1,0,1,0,focus_mismatch
STU_020,ENT_01973,2026-05-07,1,0,131,0.23,67,24,58,56,0.32,1,0,1,0,productivity_overestimation
STU_020,ENT_01974,2026-05-07,2,0,121,0.26,55,40,96,39,0.13,0,0,0,1,productivity_overestimation
STU_020,ENT_01975,2026-05-08,1,0,82,0.15,72,28,71,56,0.19,0,0,0,0,productivity_overestimation
STU_020,ENT_01976,2026-05-08,2,0,24,0.75,38,25,37,46,0.23,1,0,0,0,focus_mismatch
STU_020,ENT_01977,2026-05-09,1,1,15,0.84,4,2,4,9,0.69,1,1,1,0,accurate_perception
STU_020,ENT_01978,2026-05-09,2,1,27,0.64,30,11,58,64,0.14,1,0,0,0,focus_mismatch
STU_020,ENT_01979,2026-05-10,1,1,43,0.57,38,13,42,44,0.42,1,1,0,1,stress_underestimation
STU_020,ENT_01980,2026-05-10,2,1,56,0.59,46,23,48,51,0.25,1,1,1,1,stress_underestimation
STU_020,ENT_01981,2026-05-11,1,0,41,0.65,20,15,46,67,0.39,1,0,0,1,stress_underestimation
STU_020,ENT_01982,2026-05-11,2,0,44,0.58,44,24,60,70,0.59,1,1,0,1,stress_underestimation
STU_020,ENT_01983,2026-05-12,1,0,38,0.64,44,12,51,41,0.65,1,1,1,1,stress_underestimation
STU_020,ENT_01984,2026-05-12,2,0,34,0.72,15,16,30,42,0.5,0,1,1,0,context_mismatch
STU_020,ENT_01985,2026-05-13,1,0,116,0.15,65,33,94,58,0.21,0,0,0,1,productivity_overestimation
STU_020,ENT_01986,2026-05-13,2,0,44,0.57,38,23,38,70,0.53,1,0,0,1,stress_underestimation
STU_020,ENT_01987,2026-05-14,1,0,27,0.82,37,25,44,59,0.22,0,1,1,0,focus_mismatch
STU_020,ENT_01988,2026-05-14,2,0,35,0.6,26,19,56,65,0.4,0,0,1,1,stress_underestimation
STU_020,ENT_01989,2026-05-15,1,0,58,0.55,38,25,45,69,0.51,1,0,1,1,stress_underestimation
STU_020,ENT_01990,2026-05-15,2,0,117,0.34,45,18,75,67,0.27,0,0,0,0,productivity_overestimation
STU_020,ENT_01991,2026-05-16,1,1,131,0.13,43,30,94,45,0.31,0,0,0,1,productivity_overestimation
STU_020,ENT_01992,2026-05-16,2,1,6,0.9,4,6,8,11,0.83,1,1,1,0,accurate_perception
STU_020,ENT_01993,2026-05-17,1,1,17,0.83,39,22,46,60,0.43,1,0,1,1,focus_mismatch
STU_020,ENT_01994,2026-05-17,2,1,11,0.87,31,13,64,48,0.4,1,1,0,0,focus_mismatch
STU_020,ENT_01995,2026-05-18,1,0,19,0.85,27,13,46,66,0.35,1,1,0,1,focus_mismatch
STU_020,ENT_01996,2026-05-18,2,0,29,0.54,38,12,28,25,0.39,0,0,1,0,context_mismatch
STU_020,ENT_01997,2026-05-19,1,0,146,0.1,65,39,95,50,0.17,0,0,0,0,productivity_overestimation
STU_020,ENT_01998,2026-05-19,2,0,32,0.66,54,23,65,53,0.39,0,1,0,1,focus_mismatch
STU_020,ENT_01999,2026-05-20,1,0,25,0.65,40,7,42,30,0.49,0,1,0,0,context_mismatch
STU_020,ENT_02000,2026-05-20,2,0,50,0.63,28,7,16,16,0.69,0,0,0,0,context_mismatch
STU_021,ENT_02001,2026-04-01,1,0,2,0.98,12,8,1,7,0.98,1,1,0,0,accurate_perception
STU_021,ENT_02002,2026-04-01,2,0,7,0.92,54,20,54,75,0.2,0,0,1,0,focus_mismatch
STU_021,ENT_02003,2026-04-02,1,0,83,0.45,71,33,56,48,0.26,0,0,0,1,productivity_overestimation
STU_021,ENT_02004,2026-04-02,2,0,71,0.3,47,21,58,41,0.18,0,0,0,1,productivity_overestimation
STU_021,ENT_02005,2026-04-03,1,0,11,0.82,2,4,2,8,0.75,1,1,1,0,accurate_perception
STU_021,ENT_02006,2026-04-03,2,0,29,0.76,54,16,62,70,0.39,1,1,1,0,focus_mismatch
STU_021,ENT_02007,2026-04-04,1,1,35,0.5,40,25,49,69,0.57,1,0,1,1,stress_underestimation
STU_021,ENT_02008,2026-04-04,2,1,86,0.18,43,17,95,50,0.08,0,0,0,1,productivity_overestimation
STU_021,ENT_02009,2026-04-05,1,1,78,0.46,12,18,50,23,0.61,0,1,0,1,context_mismatch
STU_021,ENT_02010,2026-04-05,2,1,42,0.39,30,16,33,30,0.53,0,1,1,1,context_mismatch
STU_021,ENT_02011,2026-04-06,1,0,40,0.58,39,16,42,27,0.58,0,1,0,0,context_mismatch
STU_021,ENT_02012,2026-04-06,2,0,102,0.4,68,26,92,60,0.11,0,0,0,0,productivity_overestimation
STU_021,ENT_02013,2026-04-07,1,0,65,0.45,22,9,38,27,0.46,0,0,1,0,context_mismatch
STU_021,ENT_02014,2026-04-07,2,0,40,0.72,27,10,54,62,0.54,0,1,0,1,stress_underestimation
STU_021,ENT_02015,2026-04-08,1,0,15,0.79,20,30,56,56,0.32,1,0,1,1,stress_underestimation
STU_021,ENT_02016,2026-04-08,2,0,94,0.37,47,18,72,45,0.06,0,0,0,0,productivity_overestimation
STU_021,ENT_02017,2026-04-09,1,0,65,0.49,20,9,48,21,0.53,0,1,1,0,context_mismatch
STU_021,ENT_02018,2026-04-09,2,0,90,0.44,47,22,73,41,0.33,0,0,1,0,productivity_overestimation
STU_021,ENT_02019,2026-04-10,1,0,17,0.83,14,2,5,9,0.88,1,1,1,0,accurate_perception
STU_021,ENT_02020,2026-04-10,2,0,43,0.7,40,11,64,73,0.19,1,0,0,0,focus_mismatch
STU_021,ENT_02021,2026-04-11,1,1,19,0.8,10,3,9,7,0.96,1,1,0,0,accurate_perception
STU_021,ENT_02022,2026-04-11,2,1,13,0.82,28,19,60,65,0.36,1,0,0,1,stress_underestimation
STU_021,ENT_02023,2026-04-12,1,1,134,0.24,79,22,51,59,0.11,0,0,1,0,productivity_overestimation
STU_021,ENT_02024,2026-04-12,2,1,28,0.62,13,12,43,23,0.76,0,1,1,1,context_mismatch
STU_021,ENT_02025,2026-04-13,1,0,42,0.59,40,16,46,40,0.53,0,1,0,1,context_mismatch
STU_021,ENT_02026,2026-04-13,2,0,13,0.78,39,23,33,49,0.29,1,1,0,1,stress_underestimation
STU_021,ENT_02027,2026-04-14,1,0,33,0.7,39,17,49,68,0.36,0,0,1,1,focus_mismatch
STU_021,ENT_02028,2026-04-14,2,0,94,0.2,75,17,69,70,0.08,0,0,1,1,productivity_overestimation
STU_021,ENT_02029,2026-04-15,1,0,126,0.25,80,34,75,53,0.15,1,0,0,1,productivity_overestimation
STU_021,ENT_02030,2026-04-15,2,0,19,0.85,5,3,4,13,0.71,1,1,0,0,accurate_perception
STU_021,ENT_02031,2026-04-16,1,0,30,0.75,29,13,51,51,0.4,1,0,1,1,stress_underestimation
STU_021,ENT_02032,2026-04-16,2,0,30,0.69,28,5,39,20,0.66,0,1,0,0,context_mismatch
STU_021,ENT_02033,2026-04-17,1,0,22,0.67,49,16,49,49,0.32,1,1,1,0,focus_mismatch
STU_021,ENT_02034,2026-04-17,2,0,8,0.92,4,8,12,12,0.62,1,1,0,0,accurate_perception
STU_021,ENT_02035,2026-04-18,1,1,43,0.71,22,24,40,36,0.49,1,0,0,1,stress_underestimation
STU_021,ENT_02036,2026-04-18,2,1,80,0.46,47,26,93,50,0.3,1,0,1,0,productivity_overestimation
STU_021,ENT_02037,2026-04-19,1,1,28,0.53,14,16,17,21,0.38,0,0,0,0,context_mismatch
STU_021,ENT_02038,2026-04-19,2,1,63,0.4,14,6,41,18,0.51,0,1,0,1,context_mismatch
STU_021,ENT_02039,2026-04-20,1,0,23,0.74,40,12,38,40,0.12,1,1,1,0,focus_mismatch
STU_021,ENT_02040,2026-04-20,2,0,30,0.71,47,18,66,44,0.3,1,1,0,1,focus_mismatch
STU_021,ENT_02041,2026-04-21,1,0,47,0.71,17,5,33,40,0.68,0,0,0,1,context_mismatch
STU_021,ENT_02042,2026-04-21,2,0,31,0.78,39,12,53,61,0.28,1,0,1,0,focus_mismatch
STU_021,ENT_02043,2026-04-22,1,0,23,0.76,41,29,36,35,0.55,1,1,1,1,stress_underestimation
STU_021,ENT_02044,2026-04-22,2,0,38,0.74,53,23,39,48,0.22,1,0,1,1,focus_mismatch
STU_021,ENT_02045,2026-04-23,1,0,23,0.67,29,6,24,19,0.51,0,1,1,1,context_mismatch
STU_021,ENT_02046,2026-04-23,2,0,30,0.52,36,20,42,21,0.43,0,0,1,0,context_mismatch
STU_021,ENT_02047,2026-04-24,1,0,21,0.7,22,14,47,26,0.61,0,0,0,0,context_mismatch
STU_021,ENT_02048,2026-04-24,2,0,17,0.8,0,3,14,15,0.88,1,1,1,0,accurate_perception
STU_021,ENT_02049,2026-04-25,1,1,89,0.48,32,7,28,19,0.45,0,1,1,0,context_mismatch
STU_021,ENT_02050,2026-04-25,2,1,24,0.8,28,13,61,65,0.35,1,1,0,1,stress_underestimation
STU_021,ENT_02051,2026-04-26,1,1,2,0.98,4,0,3,8,0.97,1,1,0,0,accurate_perception
STU_021,ENT_02052,2026-04-26,2,1,5,0.94,12,4,5,18,0.89,1,1,0,0,accurate_perception
STU_021,ENT_02053,2026-04-27,1,0,8,0.9,8,5,11,12,1.0,1,1,1,0,accurate_perception
STU_021,ENT_02054,2026-04-27,2,0,16,0.85,12,9,15,18,0.77,1,1,1,0,accurate_perception
STU_021,ENT_02055,2026-04-28,1,0,30,0.68,28,14,38,41,0.4,0,1,0,0,context_mismatch
STU_021,ENT_02056,2026-04-28,2,0,70,0.34,66,25,74,69,0.36,0,0,1,0,productivity_overestimation
STU_021,ENT_02057,2026-04-29,1,0,3,0.97,15,2,19,12,0.96,1,1,1,0,accurate_perception
STU_021,ENT_02058,2026-04-29,2,0,34,0.63,18,9,19,19,0.53,0,1,1,0,context_mismatch
STU_021,ENT_02059,2026-04-30,1,0,86,0.32,69,32,94,35,0.13,1,0,1,1,productivity_overestimation
STU_021,ENT_02060,2026-04-30,2,0,19,0.74,1,7,0,11,0.79,1,1,0,0,accurate_perception
STU_021,ENT_02061,2026-05-01,1,0,123,0.31,49,39,65,47,0.24,0,0,1,0,productivity_overestimation
STU_021,ENT_02062,2026-05-01,2,0,13,0.86,12,7,12,19,0.64,1,1,1,0,accurate_perception
STU_021,ENT_02063,2026-05-02,1,1,32,0.75,27,14,44,41,0.47,1,1,1,0,focus_mismatch
STU_021,ENT_02064,2026-05-02,2,1,44,0.66,49,16,62,68,0.35,1,0,1,1,focus_mismatch
STU_021,ENT_02065,2026-05-03,1,1,64,0.57,20,20,46,68,0.6,1,0,0,1,stress_underestimation
STU_021,ENT_02066,2026-05-03,2,1,57,0.5,32,6,22,42,0.41,0,1,0,1,context_mismatch
STU_021,ENT_02067,2026-05-04,1,0,1,0.99,0,1,3,15,0.71,1,1,1,0,accurate_perception
STU_021,ENT_02068,2026-05-04,2,0,28,0.81,40,11,64,33,0.32,1,0,1,1,stress_underestimation
STU_021,ENT_02069,2026-05-05,1,0,20,0.79,36,22,59,72,0.32,1,0,0,1,focus_mismatch
STU_021,ENT_02070,2026-05-05,2,0,44,0.56,21,6,27,16,0.49,0,1,1,0,context_mismatch
STU_021,ENT_02071,2026-05-06,1,0,29,0.75,55,11,44,69,0.43,1,0,1,1,focus_mismatch
STU_021,ENT_02072,2026-05-06,2,0,81,0.4,73,28,57,40,0.21,1,0,0,1,productivity_overestimation
STU_021,ENT_02073,2026-05-07,1,0,32,0.62,15,18,19,30,0.7,0,0,1,1,context_mismatch
STU_021,ENT_02074,2026-05-07,2,0,22,0.79,27,21,62,60,0.24,1,0,1,0,focus_mismatch
STU_021,ENT_02075,2026-05-08,1,0,7,0.95,5,4,5,17,0.75,1,1,1,0,accurate_perception
STU_021,ENT_02076,2026-05-08,2,0,9,0.91,2,10,10,13,0.96,1,1,1,0,accurate_perception
STU_021,ENT_02077,2026-05-09,1,1,43,0.49,45,26,51,43,0.36,0,1,1,1,stress_underestimation
STU_021,ENT_02078,2026-05-09,2,1,75,0.47,20,7,38,40,0.53,0,1,0,1,context_mismatch
STU_021,ENT_02079,2026-05-10,1,1,8,0.89,25,24,47,40,0.35,1,0,0,1,focus_mismatch
STU_021,ENT_02080,2026-05-10,2,1,39,0.7,37,10,45,40,0.53,0,1,0,0,context_mismatch
STU_021,ENT_02081,2026-05-11,1,0,11,0.86,15,10,16,17,0.82,1,1,0,0,accurate_perception
STU_021,ENT_02082,2026-05-11,2,0,96,0.11,49,37,67,44,0.17,1,0,0,0,productivity_overestimation
STU_021,ENT_02083,2026-05-12,1,0,30,0.8,40,13,62,47,0.39,1,0,1,1,focus_mismatch
STU_021,ENT_02084,2026-05-12,2,0,40,0.64,34,23,48,32,0.48,1,0,0,1,stress_underestimation
STU_021,ENT_02085,2026-05-13,1,0,14,0.77,36,14,45,58,0.53,1,1,0,1,focus_mismatch
STU_021,ENT_02086,2026-05-13,2,0,38,0.54,22,28,34,46,0.35,0,1,0,1,stress_underestimation
STU_021,ENT_02087,2026-05-14,1,0,48,0.67,26,13,56,71,0.41,0,1,0,1,focus_mismatch
STU_021,ENT_02088,2026-05-14,2,0,13,0.88,33,10,31,62,0.24,1,0,1,1,stress_underestimation
STU_021,ENT_02089,2026-05-15,1,0,15,0.89,6,3,10,14,0.9,1,1,1,0,accurate_perception
STU_021,ENT_02090,2026-05-15,2,0,20,0.76,25,7,31,27,0.55,0,1,1,1,context_mismatch
STU_021,ENT_02091,2026-05-16,1,1,15,0.83,25,16,40,71,0.44,1,1,1,0,focus_mismatch
STU_021,ENT_02092,2026-05-16,2,1,28,0.75,48,28,40,61,0.41,0,0,0,1,stress_underestimation
STU_021,ENT_02093,2026-05-17,1,1,85,0.11,64,40,51,55,0.02,0,0,0,0,productivity_overestimation
STU_021,ENT_02094,2026-05-17,2,1,9,0.88,6,0,20,11,0.96,1,1,1,0,accurate_perception
STU_021,ENT_02095,2026-05-18,1,0,9,0.92,6,0,2,6,0.62,1,1,0,0,accurate_perception
STU_021,ENT_02096,2026-05-18,2,0,52,0.42,24,8,15,40,0.75,0,1,0,0,context_mismatch
STU_021,ENT_02097,2026-05-19,1,0,43,0.52,40,13,19,25,0.65,0,0,0,1,context_mismatch
STU_021,ENT_02098,2026-05-19,2,0,17,0.82,33,23,35,45,0.46,1,0,0,1,stress_underestimation
STU_021,ENT_02099,2026-05-20,1,0,110,0.36,76,24,99,64,0.38,1,0,0,1,productivity_overestimation
STU_021,ENT_02100,2026-05-20,2,0,14,0.8,11,10,17,11,0.95,1,1,0,0,accurate_perception
STU_022,ENT_02101,2026-04-01,1,0,61,0.55,26,14,23,18,0.66,0,1,1,0,context_mismatch
STU_022,ENT_02102,2026-04-01,2,0,19,0.84,43,21,31,36,0.37,1,0,1,1,stress_underestimation
STU_022,ENT_02103,2026-04-02,1,0,29,0.62,27,11,41,44,0.48,0,1,1,0,context_mismatch
STU_022,ENT_02104,2026-04-02,2,0,147,0.14,65,20,87,45,0.12,1,0,1,0,productivity_overestimation
STU_022,ENT_02105,2026-04-03,1,0,44,0.62,12,17,35,20,0.54,0,1,0,0,context_mismatch
STU_022,ENT_02106,2026-04-03,2,0,24,0.76,28,14,55,61,0.35,0,1,1,1,focus_mismatch
STU_022,ENT_02107,2026-04-04,1,1,6,0.9,6,8,11,5,0.88,1,1,1,0,accurate_perception
STU_022,ENT_02108,2026-04-04,2,1,21,0.82,12,5,15,11,0.96,1,1,0,0,accurate_perception
STU_022,ENT_02109,2026-04-05,1,1,32,0.7,21,7,49,32,0.56,0,1,1,0,context_mismatch
STU_022,ENT_02110,2026-04-05,2,1,86,0.09,78,20,66,52,0.25,1,0,1,1,productivity_overestimation
STU_022,ENT_02111,2026-04-06,1,0,14,0.79,45,10,44,52,0.12,0,1,0,0,focus_mismatch
STU_022,ENT_02112,2026-04-06,2,0,69,0.51,28,15,31,55,0.47,0,0,0,1,stress_underestimation
STU_022,ENT_02113,2026-04-07,1,0,47,0.66,28,10,59,50,0.32,1,0,0,0,focus_mismatch
STU_022,ENT_02114,2026-04-07,2,0,8,0.93,13,2,8,19,0.8,1,1,1,0,accurate_perception
STU_022,ENT_02115,2026-04-08,1,0,33,0.78,35,12,47,49,0.4,1,1,1,1,stress_underestimation
STU_022,ENT_02116,2026-04-08,2,0,45,0.51,32,27,61,43,0.32,1,0,1,1,stress_underestimation
STU_022,ENT_02117,2026-04-09,1,0,8,0.93,42,23,57,72,0.3,1,0,1,1,focus_mismatch
STU_022,ENT_02118,2026-04-09,2,0,29,0.72,50,23,40,56,0.44,1,1,1,1,stress_underestimation
STU_022,ENT_02119,2026-04-10,1,0,23,0.84,41,25,35,72,0.38,0,1,0,1,focus_mismatch
STU_022,ENT_02120,2026-04-10,2,0,3,0.97,13,9,10,6,0.86,1,1,1,0,accurate_perception
STU_022,ENT_02121,2026-04-11,1,1,10,0.84,37,24,45,40,0.15,0,0,0,1,focus_mismatch
STU_022,ENT_02122,2026-04-11,2,1,66,0.57,14,15,32,35,0.61,0,1,0,0,context_mismatch
STU_022,ENT_02123,2026-04-12,1,1,27,0.76,21,8,37,16,0.64,0,1,0,0,context_mismatch
STU_022,ENT_02124,2026-04-12,2,1,24,0.71,6,5,7,7,0.73,1,1,1,0,accurate_perception
STU_022,ENT_02125,2026-04-13,1,0,62,0.58,27,25,51,42,0.32,0,0,0,1,stress_underestimation
STU_022,ENT_02126,2026-04-13,2,0,21,0.67,52,15,60,62,0.24,1,0,1,1,focus_mismatch
STU_022,ENT_02127,2026-04-14,1,0,44,0.7,47,11,68,63,0.33,1,1,1,1,focus_mismatch
STU_022,ENT_02128,2026-04-14,2,0,8,0.94,50,12,49,60,0.22,1,1,1,1,focus_mismatch
STU_022,ENT_02129,2026-04-15,1,0,31,0.74,49,23,38,60,0.37,1,1,0,1,stress_underestimation
STU_022,ENT_02130,2026-04-15,2,0,8,0.89,29,12,55,70,0.28,1,0,1,1,focus_mismatch
STU_022,ENT_02131,2026-04-16,1,0,23,0.8,8,8,3,19,0.72,1,1,1,0,accurate_perception
STU_022,ENT_02132,2026-04-16,2,0,17,0.81,13,3,0,12,1.0,1,1,0,0,accurate_perception
STU_022,ENT_02133,2026-04-17,1,0,33,0.51,11,15,49,19,0.6,0,1,1,0,context_mismatch
STU_022,ENT_02134,2026-04-17,2,0,10,0.88,31,18,49,73,0.44,0,1,1,0,focus_mismatch
STU_022,ENT_02135,2026-04-18,1,1,31,0.54,39,17,55,49,0.43,0,0,0,1,stress_underestimation
STU_022,ENT_02136,2026-04-18,2,1,122,0.19,63,29,74,64,0.16,0,0,1,1,productivity_overestimation
STU_022,ENT_02137,2026-04-19,1,1,21,0.78,27,16,54,55,0.33,0,0,0,1,focus_mismatch
STU_022,ENT_02138,2026-04-19,2,1,45,0.66,23,30,36,50,0.18,1,0,1,1,stress_underestimation
STU_022,ENT_02139,2026-04-20,1,0,23,0.78,49,24,43,40,0.47,0,0,0,1,stress_underestimation
STU_022,ENT_02140,2026-04-20,2,0,62,0.55,23,28,65,45,0.45,1,1,0,1,stress_underestimation
STU_022,ENT_02141,2026-04-21,1,0,56,0.54,20,21,38,66,0.39,0,1,1,1,stress_underestimation
STU_022,ENT_02142,2026-04-21,2,0,21,0.85,27,21,47,43,0.23,0,0,0,0,focus_mismatch
STU_022,ENT_02143,2026-04-22,1,0,53,0.58,35,27,32,43,0.44,1,0,0,1,stress_underestimation
STU_022,ENT_02144,2026-04-22,2,0,40,0.66,11,12,18,23,0.46,0,0,1,0,context_mismatch
STU_022,ENT_02145,2026-04-23,1,0,42,0.6,22,27,39,45,0.49,0,0,0,1,stress_underestimation
STU_022,ENT_02146,2026-04-23,2,0,26,0.82,5,1,1,15,0.68,1,1,1,0,accurate_perception
STU_022,ENT_02147,2026-04-24,1,0,95,0.14,46,22,84,70,0.19,0,0,0,0,productivity_overestimation
STU_022,ENT_02148,2026-04-24,2,0,41,0.72,44,30,56,44,0.28,1,0,1,1,stress_underestimation
STU_022,ENT_02149,2026-04-25,1,1,27,0.8,9,10,15,18,0.75,1,1,0,0,accurate_perception
STU_022,ENT_02150,2026-04-25,2,1,14,0.91,55,25,35,69,0.18,1,1,0,1,focus_mismatch
STU_022,ENT_02151,2026-04-26,1,1,47,0.53,26,24,30,63,0.41,1,0,1,1,stress_underestimation
STU_022,ENT_02152,2026-04-26,2,1,17,0.82,33,29,60,39,0.4,1,0,0,1,stress_underestimation
STU_022,ENT_02153,2026-04-27,1,0,41,0.54,33,8,47,31,0.45,0,1,0,1,context_mismatch
STU_022,ENT_02154,2026-04-27,2,0,20,0.82,49,24,69,54,0.41,1,0,1,0,focus_mismatch
STU_022,ENT_02155,2026-04-28,1,0,123,0.22,58,16,60,43,0.17,0,0,1,1,productivity_overestimation
STU_022,ENT_02156,2026-04-28,2,0,3,0.97,5,7,13,11,0.82,1,1,1,0,accurate_perception
STU_022,ENT_02157,2026-04-29,1,0,101,0.29,59,20,90,41,0.13,0,0,0,1,productivity_overestimation
STU_022,ENT_02158,2026-04-29,2,0,2,0.98,13,4,15,5,0.93,1,1,1,0,accurate_perception
STU_022,ENT_02159,2026-04-30,1,0,57,0.58,25,5,28,27,0.62,0,0,0,0,context_mismatch
STU_022,ENT_02160,2026-04-30,2,0,33,0.78,45,17,60,54,0.29,1,0,0,1,focus_mismatch
STU_022,ENT_02161,2026-05-01,1,0,11,0.92,15,0,12,15,0.84,1,1,0,0,accurate_perception
STU_022,ENT_02162,2026-05-01,2,0,43,0.71,14,2,4,10,0.71,1,1,0,0,accurate_perception
STU_022,ENT_02163,2026-05-02,1,1,107,0.27,65,35,53,65,0.16,0,0,1,1,productivity_overestimation
STU_022,ENT_02164,2026-05-02,2,1,9,0.92,1,5,5,9,0.66,1,1,1,0,accurate_perception
STU_022,ENT_02165,2026-05-03,1,1,26,0.75,21,8,50,34,0.48,0,0,1,0,context_mismatch
STU_022,ENT_02166,2026-05-03,2,1,45,0.69,37,15,41,42,0.57,0,0,0,0,context_mismatch
STU_022,ENT_02167,2026-05-04,1,0,33,0.69,24,10,41,18,0.49,0,1,0,0,context_mismatch
STU_022,ENT_02168,2026-05-04,2,0,7,0.9,6,8,18,6,0.91,1,1,0,0,accurate_perception
STU_022,ENT_02169,2026-05-05,1,0,26,0.7,22,23,61,52,0.34,0,0,1,1,stress_underestimation
STU_022,ENT_02170,2026-05-05,2,0,23,0.73,28,17,39,70,0.36,1,0,0,1,focus_mismatch
STU_022,ENT_02171,2026-05-06,1,0,31,0.66,25,29,52,48,0.42,1,0,1,1,stress_underestimation
STU_022,ENT_02172,2026-05-06,2,0,24,0.73,49,28,65,37,0.37,1,0,0,1,stress_underestimation
STU_022,ENT_02173,2026-05-07,1,0,117,0.12,57,17,88,46,0.24,0,0,1,1,productivity_overestimation
STU_022,ENT_02174,2026-05-07,2,0,2,0.98,3,2,6,17,0.87,1,1,1,0,accurate_perception
STU_022,ENT_02175,2026-05-08,1,0,28,0.7,28,16,70,56,0.2,1,0,0,1,focus_mismatch
STU_022,ENT_02176,2026-05-08,2,0,27,0.78,41,20,37,67,0.34,1,1,0,1,focus_mismatch
STU_022,ENT_02177,2026-05-09,1,1,14,0.89,44,15,41,69,0.38,0,1,0,1,focus_mismatch
STU_022,ENT_02178,2026-05-09,2,1,28,0.84,25,11,42,29,0.45,0,0,1,1,context_mismatch
STU_022,ENT_02179,2026-05-10,1,1,12,0.8,30,19,43,50,0.41,1,0,0,0,focus_mismatch
STU_022,ENT_02180,2026-05-10,2,1,29,0.65,23,15,34,43,0.48,0,0,1,0,context_mismatch
STU_022,ENT_02181,2026-05-11,1,0,18,0.86,33,14,36,50,0.32,1,0,1,1,focus_mismatch
STU_022,ENT_02182,2026-05-11,2,0,103,0.43,31,18,19,25,0.48,0,1,1,0,context_mismatch
STU_022,ENT_02183,2026-05-12,1,0,34,0.76,47,12,47,69,0.17,1,0,1,1,focus_mismatch
STU_022,ENT_02184,2026-05-12,2,0,27,0.81,5,6,2,7,0.65,1,1,1,0,accurate_perception
STU_022,ENT_02185,2026-05-13,1,0,30,0.77,30,11,46,55,0.36,1,1,0,0,focus_mismatch
STU_022,ENT_02186,2026-05-13,2,0,60,0.53,28,13,20,41,0.48,0,0,0,1,context_mismatch
STU_022,ENT_02187,2026-05-14,1,0,46,0.54,40,30,39,48,0.24,0,0,1,1,stress_underestimation
STU_022,ENT_02188,2026-05-14,2,0,36,0.63,27,12,30,23,0.44,0,1,1,0,context_mismatch
STU_022,ENT_02189,2026-05-15,1,0,7,0.89,11,4,5,14,0.79,1,1,1,0,accurate_perception
STU_022,ENT_02190,2026-05-15,2,0,18,0.86,0,7,8,11,0.87,1,1,1,0,accurate_perception
STU_022,ENT_02191,2026-05-16,1,1,10,0.92,11,9,8,20,1.0,1,1,0,0,accurate_perception
STU_022,ENT_02192,2026-05-16,2,1,41,0.7,23,14,35,21,0.42,0,1,1,0,context_mismatch
STU_022,ENT_02193,2026-05-17,1,1,124,0.23,40,16,98,56,0.16,1,0,0,1,productivity_overestimation
STU_022,ENT_02194,2026-05-17,2,1,10,0.93,12,8,13,18,0.84,1,1,1,0,accurate_perception
STU_022,ENT_02195,2026-05-18,1,0,17,0.89,52,10,62,43,0.17,1,0,0,0,focus_mismatch
STU_022,ENT_02196,2026-05-18,2,0,19,0.85,14,1,10,17,0.82,1,1,1,0,accurate_perception
STU_022,ENT_02197,2026-05-19,1,0,16,0.84,33,10,36,54,0.36,1,0,0,1,stress_underestimation
STU_022,ENT_02198,2026-05-19,2,0,24,0.78,45,23,68,60,0.3,1,1,0,1,focus_mismatch
STU_022,ENT_02199,2026-05-20,1,0,35,0.77,55,17,66,61,0.2,1,1,0,1,focus_mismatch
STU_022,ENT_02200,2026-05-20,2,0,62,0.58,15,15,43,18,0.4,0,0,1,0,context_mismatch
STU_023,ENT_02201,2026-04-01,1,0,20,0.8,35,23,41,54,0.47,0,1,0,1,stress_underestimation
STU_023,ENT_02202,2026-04-01,2,0,31,0.66,23,6,39,21,0.47,0,0,0,0,context_mismatch
STU_023,ENT_02203,2026-04-02,1,0,28,0.64,38,22,51,35,0.56,0,0,1,1,stress_underestimation
STU_023,ENT_02204,2026-04-02,2,0,48,0.55,47,25,59,52,0.46,0,0,1,1,stress_underestimation
STU_023,ENT_02205,2026-04-03,1,0,18,0.79,34,19,48,56,0.36,1,0,0,0,focus_mismatch
STU_023,ENT_02206,2026-04-03,2,0,42,0.47,21,19,41,17,0.61,0,0,1,0,context_mismatch
STU_023,ENT_02207,2026-04-04,1,1,15,0.85,11,7,14,18,0.73,1,1,0,0,accurate_perception
STU_023,ENT_02208,2026-04-04,2,1,28,0.76,47,11,67,75,0.45,1,1,1,1,focus_mismatch
STU_023,ENT_02209,2026-04-05,1,1,60,0.58,29,26,51,38,0.5,1,1,1,1,stress_underestimation
STU_023,ENT_02210,2026-04-05,2,1,10,0.89,14,6,17,20,0.74,1,1,0,0,accurate_perception
STU_023,ENT_02211,2026-04-06,1,0,112,0.22,45,24,88,63,0.13,0,0,0,1,productivity_overestimation
STU_023,ENT_02212,2026-04-06,2,0,42,0.51,38,11,32,32,0.38,0,1,1,1,stress_underestimation
STU_023,ENT_02213,2026-04-07,1,0,26,0.67,34,18,56,55,0.42,1,1,1,0,focus_mismatch
STU_023,ENT_02214,2026-04-07,2,0,12,0.86,29,23,62,42,0.44,1,0,0,1,focus_mismatch
STU_023,ENT_02215,2026-04-08,1,0,46,0.65,12,6,30,41,0.59,0,1,1,0,context_mismatch
STU_023,ENT_02216,2026-04-08,2,0,129,0.22,77,38,75,55,0.22,0,0,1,1,productivity_overestimation
STU_023,ENT_02217,2026-04-09,1,0,38,0.68,18,17,42,17,0.45,0,1,1,0,context_mismatch
STU_023,ENT_02218,2026-04-09,2,0,48,0.57,31,5,32,38,0.56,0,1,1,1,context_mismatch
STU_023,ENT_02219,2026-04-10,1,0,4,0.94,4,5,12,15,1.0,1,1,0,0,accurate_perception
STU_023,ENT_02220,2026-04-10,2,0,34,0.64,32,12,29,15,0.63,0,0,1,0,context_mismatch
STU_023,ENT_02221,2026-04-11,1,1,15,0.85,15,10,7,18,0.68,1,1,1,0,accurate_perception
STU_023,ENT_02222,2026-04-11,2,1,60,0.41,59,30,69,63,0.22,0,0,0,1,productivity_overestimation
STU_023,ENT_02223,2026-04-12,1,1,34,0.58,29,19,38,30,0.33,1,0,0,1,stress_underestimation
STU_023,ENT_02224,2026-04-12,2,1,25,0.83,7,8,15,12,1.0,1,1,1,0,accurate_perception
STU_023,ENT_02225,2026-04-13,1,0,14,0.88,15,7,9,8,0.86,1,1,1,0,accurate_perception
STU_023,ENT_02226,2026-04-13,2,0,79,0.13,72,26,62,52,0.37,0,0,1,0,productivity_overestimation
STU_023,ENT_02227,2026-04-14,1,0,22,0.83,36,15,42,71,0.3,1,0,1,1,focus_mismatch
STU_023,ENT_02228,2026-04-14,2,0,2,0.97,12,5,11,8,0.78,1,1,1,0,accurate_perception
STU_023,ENT_02229,2026-04-15,1,0,77,0.25,59,32,98,40,0.25,0,0,1,0,productivity_overestimation
STU_023,ENT_02230,2026-04-15,2,0,3,0.96,12,3,8,9,1.0,1,1,0,0,accurate_perception
STU_023,ENT_02231,2026-04-16,1,0,33,0.78,36,24,50,43,0.46,0,0,0,1,focus_mismatch
STU_023,ENT_02232,2026-04-16,2,0,27,0.68,27,19,60,45,0.17,1,1,1,0,focus_mismatch
STU_023,ENT_02233,2026-04-17,1,0,16,0.84,6,0,9,14,0.69,1,1,0,0,accurate_perception
STU_023,ENT_02234,2026-04-17,2,0,9,0.86,33,21,65,49,0.41,1,1,1,1,stress_underestimation
STU_023,ENT_02235,2026-04-18,1,1,11,0.89,34,13,70,51,0.27,1,1,1,0,focus_mismatch
STU_023,ENT_02236,2026-04-18,2,1,67,0.33,46,15,76,41,0.33,1,0,1,0,productivity_overestimation
STU_023,ENT_02237,2026-04-19,1,1,129,0.28,80,19,60,51,0.17,1,0,1,0,productivity_overestimation
STU_023,ENT_02238,2026-04-19,2,1,42,0.45,12,20,37,44,0.53,0,1,1,0,context_mismatch
STU_023,ENT_02239,2026-04-20,1,0,97,0.22,45,38,50,35,0.12,0,0,0,0,productivity_overestimation
STU_023,ENT_02240,2026-04-20,2,0,57,0.52,26,15,39,31,0.29,1,1,1,1,stress_underestimation
STU_023,ENT_02241,2026-04-21,1,0,21,0.77,37,24,37,39,0.35,1,0,0,1,stress_underestimation
STU_023,ENT_02242,2026-04-21,2,0,56,0.61,54,14,68,65,0.18,1,0,0,0,focus_mismatch
STU_023,ENT_02243,2026-04-22,1,0,16,0.85,53,25,51,68,0.42,1,1,0,1,focus_mismatch
STU_023,ENT_02244,2026-04-22,2,0,27,0.61,33,15,42,27,0.64,0,0,0,0,context_mismatch
STU_023,ENT_02245,2026-04-23,1,0,19,0.83,32,25,68,72,0.42,1,1,1,1,focus_mismatch
STU_023,ENT_02246,2026-04-23,2,0,5,0.96,2,3,12,6,0.75,1,1,0,0,accurate_perception
STU_023,ENT_02247,2026-04-24,1,0,13,0.82,6,8,12,5,0.97,1,1,1,0,accurate_perception
STU_023,ENT_02248,2026-04-24,2,0,13,0.81,44,10,48,72,0.17,1,1,1,1,focus_mismatch
STU_023,ENT_02249,2026-04-25,1,1,42,0.68,27,13,51,69,0.45,1,0,1,1,focus_mismatch
STU_023,ENT_02250,2026-04-25,2,1,92,0.32,66,30,63,38,0.23,0,0,0,1,productivity_overestimation
STU_023,ENT_02251,2026-04-26,1,1,28,0.7,34,17,48,38,0.7,0,1,1,1,context_mismatch
STU_023,ENT_02252,2026-04-26,2,1,31,0.62,41,27,41,40,0.34,1,0,0,1,stress_underestimation
STU_023,ENT_02253,2026-04-27,1,0,57,0.47,23,15,42,32,0.65,0,1,1,0,context_mismatch
STU_023,ENT_02254,2026-04-27,2,0,24,0.83,28,20,65,44,0.35,1,1,1,1,stress_underestimation
STU_023,ENT_02255,2026-04-28,1,0,25,0.76,40,20,57,61,0.28,1,1,1,1,focus_mismatch
STU_023,ENT_02256,2026-04-28,2,0,12,0.83,22,30,48,63,0.44,0,1,1,1,stress_underestimation
STU_023,ENT_02257,2026-04-29,1,0,19,0.87,40,23,51,61,0.28,1,1,0,1,focus_mismatch
STU_023,ENT_02258,2026-04-29,2,0,22,0.7,34,26,57,45,0.43,0,0,1,1,stress_underestimation
STU_023,ENT_02259,2026-04-30,1,0,14,0.79,32,16,32,35,0.44,1,0,0,1,stress_underestimation
STU_023,ENT_02260,2026-04-30,2,0,28,0.78,6,4,19,10,0.83,1,1,0,0,accurate_perception
STU_023,ENT_02261,2026-05-01,1,0,42,0.54,32,6,20,40,0.59,0,0,1,0,context_mismatch
STU_023,ENT_02262,2026-05-01,2,0,31,0.68,22,20,44,58,0.45,1,1,1,1,stress_underestimation
STU_023,ENT_02263,2026-05-02,1,1,15,0.86,8,6,0,16,0.7,1,1,1,0,accurate_perception
STU_023,ENT_02264,2026-05-02,2,1,105,0.31,65,35,94,43,0.11,0,0,1,0,productivity_overestimation
STU_023,ENT_02265,2026-05-03,1,1,21,0.79,27,13,44,73,0.38,1,0,1,1,focus_mismatch
STU_023,ENT_02266,2026-05-03,2,1,89,0.34,53,32,65,36,0.23,0,0,1,0,productivity_overestimation
STU_023,ENT_02267,2026-05-04,1,0,90,0.2,53,34,73,60,0.2,0,0,1,1,productivity_overestimation
STU_023,ENT_02268,2026-05-04,2,0,64,0.3,61,17,92,41,0.13,1,0,0,1,productivity_overestimation
STU_023,ENT_02269,2026-05-05,1,0,148,0.17,46,40,69,45,0.2,1,0,0,0,productivity_overestimation
STU_023,ENT_02270,2026-05-05,2,0,39,0.57,30,15,45,23,0.52,0,1,1,1,context_mismatch
STU_023,ENT_02271,2026-05-06,1,0,15,0.86,8,10,6,14,0.82,1,1,1,0,accurate_perception
STU_023,ENT_02272,2026-05-06,2,0,31,0.7,35,10,24,38,0.42,0,1,0,0,context_mismatch
STU_023,ENT_02273,2026-05-07,1,0,45,0.5,13,16,28,26,0.57,0,0,0,0,context_mismatch
STU_023,ENT_02274,2026-05-07,2,0,96,0.21,54,39,68,51,0.06,0,0,1,1,productivity_overestimation
STU_023,ENT_02275,2026-05-08,1,0,107,0.21,72,25,75,51,0.09,1,0,0,0,productivity_overestimation
STU_023,ENT_02276,2026-05-08,2,0,42,0.71,31,20,44,55,0.42,1,1,0,1,focus_mismatch
STU_023,ENT_02277,2026-05-09,1,1,35,0.66,39,19,61,53,0.45,1,1,0,1,stress_underestimation
STU_023,ENT_02278,2026-05-09,2,1,111,0.29,56,35,90,42,0.24,0,0,0,1,productivity_overestimation
STU_023,ENT_02279,2026-05-10,1,1,68,0.43,22,19,21,23,0.62,0,1,1,1,context_mismatch
STU_023,ENT_02280,2026-05-10,2,1,1,0.99,3,8,11,15,0.97,1,1,1,0,accurate_perception
STU_023,ENT_02281,2026-05-11,1,0,36,0.62,44,22,32,37,0.33,1,0,0,1,stress_underestimation
STU_023,ENT_02282,2026-05-11,2,0,158,0.1,42,39,56,63,0.34,1,0,1,1,productivity_overestimation
STU_023,ENT_02283,2026-05-12,1,0,41,0.64,15,15,35,36,0.51,0,0,0,1,context_mismatch
STU_023,ENT_02284,2026-05-12,2,0,25,0.72,44,28,57,58,0.32,0,1,1,1,stress_underestimation
STU_023,ENT_02285,2026-05-13,1,0,6,0.96,13,0,15,6,0.76,1,1,1,0,accurate_perception
STU_023,ENT_02286,2026-05-13,2,0,29,0.67,36,13,47,40,0.16,1,1,1,0,focus_mismatch
STU_023,ENT_02287,2026-05-14,1,0,72,0.48,22,12,35,30,0.66,0,1,1,0,context_mismatch
STU_023,ENT_02288,2026-05-14,2,0,10,0.84,0,10,1,19,0.85,1,1,1,0,accurate_perception
STU_023,ENT_02289,2026-05-15,1,0,33,0.69,24,22,31,62,0.37,0,1,0,1,stress_underestimation
STU_023,ENT_02290,2026-05-15,2,0,2,0.99,2,2,16,17,0.85,1,1,0,0,accurate_perception
STU_023,ENT_02291,2026-05-16,1,1,4,0.95,5,1,8,10,0.73,1,1,1,0,accurate_perception
STU_023,ENT_02292,2026-05-16,2,1,87,0.43,49,25,89,54,0.23,0,0,0,1,productivity_overestimation
STU_023,ENT_02293,2026-05-17,1,1,28,0.74,25,21,50,47,0.25,1,0,1,1,stress_underestimation
STU_023,ENT_02294,2026-05-17,2,1,126,0.14,41,36,71,44,0.12,0,0,1,0,productivity_overestimation
STU_023,ENT_02295,2026-05-18,1,0,48,0.58,34,8,49,39,0.74,0,0,1,0,context_mismatch
STU_023,ENT_02296,2026-05-18,2,0,29,0.58,36,17,42,45,0.44,0,0,0,1,stress_underestimation
STU_023,ENT_02297,2026-05-19,1,0,82,0.53,16,5,47,30,0.64,0,1,1,0,context_mismatch
STU_023,ENT_02298,2026-05-19,2,0,106,0.26,70,28,56,69,0.14,0,0,1,1,productivity_overestimation
STU_023,ENT_02299,2026-05-20,1,0,110,0.27,44,35,76,46,0.29,0,0,0,1,productivity_overestimation
STU_023,ENT_02300,2026-05-20,2,0,31,0.58,36,12,17,22,0.7,0,1,1,1,context_mismatch
STU_024,ENT_02301,2026-04-01,1,0,59,0.5,28,7,40,16,0.58,0,0,0,0,context_mismatch
STU_024,ENT_02302,2026-04-01,2,0,65,0.51,38,25,30,44,0.31,1,0,1,1,stress_underestimation
STU_024,ENT_02303,2026-04-02,1,0,16,0.76,38,13,42,55,0.48,1,1,0,1,stress_underestimation
STU_024,ENT_02304,2026-04-02,2,0,29,0.72,12,12,40,38,0.52,0,0,1,0,context_mismatch
STU_024,ENT_02305,2026-04-03,1,0,88,0.46,75,37,82,64,0.13,0,0,0,0,productivity_overestimation
STU_024,ENT_02306,2026-04-03,2,0,134,0.16,72,24,62,40,0.07,0,0,0,0,productivity_overestimation
STU_024,ENT_02307,2026-04-04,1,1,44,0.52,16,16,22,15,0.71,0,1,0,0,context_mismatch
STU_024,ENT_02308,2026-04-04,2,1,101,0.11,61,26,82,65,0.12,0,0,0,1,productivity_overestimation
STU_024,ENT_02309,2026-04-05,1,1,69,0.31,41,21,52,57,0.17,0,0,1,1,productivity_overestimation
STU_024,ENT_02310,2026-04-05,2,1,145,0.19,61,17,75,51,0.15,0,0,0,0,productivity_overestimation
STU_024,ENT_02311,2026-04-06,1,0,25,0.66,24,17,44,29,0.65,0,0,0,0,context_mismatch
STU_024,ENT_02312,2026-04-06,2,0,22,0.85,54,24,49,45,0.35,0,0,0,0,focus_mismatch
STU_024,ENT_02313,2026-04-07,1,0,102,0.29,68,25,98,66,0.23,0,0,0,0,productivity_overestimation
STU_024,ENT_02314,2026-04-07,2,0,19,0.85,43,19,63,53,0.42,1,1,0,1,focus_mismatch
STU_024,ENT_02315,2026-04-08,1,0,8,0.88,11,9,9,20,0.75,1,1,0,0,accurate_perception
STU_024,ENT_02316,2026-04-08,2,0,128,0.21,59,29,73,53,0.2,0,0,0,0,productivity_overestimation
STU_024,ENT_02317,2026-04-09,1,0,43,0.46,31,11,33,31,0.59,0,1,0,0,context_mismatch
STU_024,ENT_02318,2026-04-09,2,0,25,0.73,22,16,41,15,0.63,0,1,0,1,context_mismatch
STU_024,ENT_02319,2026-04-10,1,0,28,0.68,49,23,65,60,0.31,1,1,1,1,stress_underestimation
STU_024,ENT_02320,2026-04-10,2,0,22,0.66,16,18,24,27,0.46,0,0,1,0,context_mismatch
STU_024,ENT_02321,2026-04-11,1,1,12,0.9,23,14,65,68,0.31,0,1,0,1,stress_underestimation
STU_024,ENT_02322,2026-04-11,2,1,17,0.8,49,17,38,49,0.27,0,1,1,1,focus_mismatch
STU_024,ENT_02323,2026-04-12,1,1,122,0.32,64,33,66,49,0.14,0,0,1,0,productivity_overestimation
STU_024,ENT_02324,2026-04-12,2,1,115,0.18,48,34,69,40,0.1,1,0,1,0,productivity_overestimation
STU_024,ENT_02325,2026-04-13,1,0,103,0.16,75,25,68,69,0.29,0,0,0,0,productivity_overestimation
STU_024,ENT_02326,2026-04-13,2,0,6,0.95,8,2,11,16,1.0,1,1,1,0,accurate_perception
STU_024,ENT_02327,2026-04-14,1,0,14,0.88,9,2,11,15,0.94,1,1,1,0,accurate_perception
STU_024,ENT_02328,2026-04-14,2,0,48,0.59,10,10,17,22,0.71,0,0,0,0,context_mismatch
STU_024,ENT_02329,2026-04-15,1,0,2,0.97,2,9,10,17,1.0,1,1,1,0,accurate_perception
STU_024,ENT_02330,2026-04-15,2,0,28,0.78,38,26,60,40,0.53,0,0,1,1,stress_underestimation
STU_024,ENT_02331,2026-04-16,1,0,17,0.87,13,2,18,8,0.88,1,1,1,0,accurate_perception
STU_024,ENT_02332,2026-04-16,2,0,6,0.9,42,10,65,40,0.12,0,0,1,1,focus_mismatch
STU_024,ENT_02333,2026-04-17,1,0,14,0.77,47,10,40,71,0.26,1,0,1,1,focus_mismatch
STU_024,ENT_02334,2026-04-17,2,0,43,0.7,12,6,32,27,0.6,0,1,0,0,context_mismatch
STU_024,ENT_02335,2026-04-18,1,1,34,0.77,33,18,45,43,0.3,0,1,1,1,focus_mismatch
STU_024,ENT_02336,2026-04-18,2,1,37,0.56,38,21,62,61,0.24,1,0,1,1,stress_underestimation
STU_024,ENT_02337,2026-04-19,1,1,67,0.41,12,13,36,29,0.62,0,0,1,0,context_mismatch
STU_024,ENT_02338,2026-04-19,2,1,129,0.18,46,34,90,64,0.07,0,0,1,1,productivity_overestimation
STU_024,ENT_02339,2026-04-20,1,0,45,0.63,10,9,37,17,0.48,0,1,0,1,context_mismatch
STU_024,ENT_02340,2026-04-20,2,0,38,0.58,24,28,58,30,0.51,0,1,1,1,stress_underestimation
STU_024,ENT_02341,2026-04-21,1,0,36,0.51,40,16,35,40,0.42,0,0,1,0,context_mismatch
STU_024,ENT_02342,2026-04-21,2,0,8,0.87,39,20,64,59,0.3,1,0,1,1,focus_mismatch
STU_024,ENT_02343,2026-04-22,1,0,16,0.88,12,2,11,7,0.86,1,1,1,0,accurate_perception
STU_024,ENT_02344,2026-04-22,2,0,108,0.34,70,38,78,50,0.28,1,0,0,0,productivity_overestimation
STU_024,ENT_02345,2026-04-23,1,0,7,0.92,6,10,10,14,0.88,1,1,1,0,accurate_perception
STU_024,ENT_02346,2026-04-23,2,0,112,0.19,47,25,75,54,0.15,0,0,0,0,productivity_overestimation
STU_024,ENT_02347,2026-04-24,1,0,36,0.72,40,19,38,48,0.46,0,0,0,1,stress_underestimation
STU_024,ENT_02348,2026-04-24,2,0,19,0.72,17,20,41,19,0.42,0,1,0,0,context_mismatch
STU_024,ENT_02349,2026-04-25,1,1,22,0.66,50,17,38,45,0.33,1,0,0,1,focus_mismatch
STU_024,ENT_02350,2026-04-25,2,1,9,0.88,28,24,46,51,0.38,1,1,1,1,focus_mismatch
STU_024,ENT_02351,2026-04-26,1,1,103,0.4,12,13,23,44,0.53,0,1,1,0,context_mismatch
STU_024,ENT_02352,2026-04-26,2,1,13,0.9,7,10,10,18,0.99,1,1,1,0,accurate_perception
STU_024,ENT_02353,2026-04-27,1,0,11,0.84,27,29,31,40,0.35,0,1,1,1,stress_underestimation
STU_024,ENT_02354,2026-04-27,2,0,51,0.5,43,16,39,68,0.43,1,0,1,1,stress_underestimation
STU_024,ENT_02355,2026-04-28,1,0,10,0.85,45,19,54,49,0.31,1,1,1,1,focus_mismatch
STU_024,ENT_02356,2026-04-28,2,0,25,0.74,32,29,61,68,0.33,0,1,1,1,stress_underestimation
STU_024,ENT_02357,2026-04-29,1,0,2,0.98,7,9,6,14,1.0,1,1,1,0,accurate_perception
STU_024,ENT_02358,2026-04-29,2,0,89,0.47,34,10,37,20,0.57,0,0,1,0,context_mismatch
STU_024,ENT_02359,2026-04-30,1,0,136,0.12,54,22,51,65,0.11,0,0,0,0,productivity_overestimation
STU_024,ENT_02360,2026-04-30,2,0,3,0.96,4,4,15,13,0.72,1,1,1,0,accurate_perception
STU_024,ENT_02361,2026-05-01,1,0,98,0.11,54,26,52,55,0.26,0,0,0,0,productivity_overestimation
STU_024,ENT_02362,2026-05-01,2,0,23,0.81,36,21,55,74,0.33,1,1,0,1,focus_mismatch
STU_024,ENT_02363,2026-05-02,1,1,130,0.27,61,27,69,39,0.14,0,0,0,0,productivity_overestimation
STU_024,ENT_02364,2026-05-02,2,1,63,0.33,73,17,87,40,0.33,0,0,0,1,productivity_overestimation
STU_024,ENT_02365,2026-05-03,1,1,58,0.61,50,18,34,69,0.46,1,1,1,1,stress_underestimation
STU_024,ENT_02366,2026-05-03,2,1,30,0.73,32,15,67,48,0.43,0,1,0,1,focus_mismatch
STU_024,ENT_02367,2026-05-04,1,0,26,0.62,37,16,42,22,0.4,0,0,1,0,context_mismatch
STU_024,ENT_02368,2026-05-04,2,0,17,0.82,10,9,17,17,0.82,1,1,1,0,accurate_perception
STU_024,ENT_02369,2026-05-05,1,0,99,0.42,16,11,42,15,0.67,0,1,0,0,context_mismatch
STU_024,ENT_02370,2026-05-05,2,0,103,0.28,43,38,63,44,0.2,0,0,1,0,productivity_overestimation
STU_024,ENT_02371,2026-05-06,1,0,104,0.26,64,22,85,68,0.22,1,0,1,1,productivity_overestimation
STU_024,ENT_02372,2026-05-06,2,0,91,0.33,78,16,72,37,0.21,1,0,1,0,productivity_overestimation
STU_024,ENT_02373,2026-05-07,1,0,26,0.59,55,14,66,50,0.45,1,0,1,1,focus_mismatch
STU_024,ENT_02374,2026-05-07,2,0,95,0.18,58,15,79,68,0.19,0,0,1,0,productivity_overestimation
STU_024,ENT_02375,2026-05-08,1,0,97,0.34,73,39,88,58,0.07,0,0,1,0,productivity_overestimation
STU_024,ENT_02376,2026-05-08,2,0,44,0.53,18,6,42,27,0.6,0,1,1,0,context_mismatch
STU_024,ENT_02377,2026-05-09,1,1,3,0.98,2,6,9,16,0.8,1,1,1,0,accurate_perception
STU_024,ENT_02378,2026-05-09,2,1,13,0.85,27,12,62,33,0.56,0,0,0,1,stress_underestimation
STU_024,ENT_02379,2026-05-10,1,1,30,0.76,30,16,45,60,0.46,0,0,0,1,stress_underestimation
STU_024,ENT_02380,2026-05-10,2,1,126,0.22,77,40,60,61,0.08,1,0,1,0,productivity_overestimation
STU_024,ENT_02381,2026-05-11,1,0,78,0.37,63,24,71,55,0.02,0,0,0,0,productivity_overestimation
STU_024,ENT_02382,2026-05-11,2,0,24,0.62,28,11,46,27,0.54,0,1,1,0,context_mismatch
STU_024,ENT_02383,2026-05-12,1,0,8,0.91,49,19,50,73,0.29,0,0,0,1,focus_mismatch
STU_024,ENT_02384,2026-05-12,2,0,22,0.78,32,10,66,57,0.32,1,1,1,1,focus_mismatch
STU_024,ENT_02385,2026-05-13,1,0,48,0.62,32,11,37,18,0.62,0,0,0,0,context_mismatch
STU_024,ENT_02386,2026-05-13,2,0,136,0.2,40,20,58,50,0.05,0,0,0,1,productivity_overestimation
STU_024,ENT_02387,2026-05-14,1,0,26,0.64,27,21,68,42,0.33,1,0,0,1,focus_mismatch
STU_024,ENT_02388,2026-05-14,2,0,69,0.27,47,20,63,43,0.21,0,0,0,0,productivity_overestimation
STU_024,ENT_02389,2026-05-15,1,0,39,0.54,20,9,45,27,0.65,0,1,1,0,context_mismatch
STU_024,ENT_02390,2026-05-15,2,0,78,0.37,74,32,75,47,0.19,1,0,0,1,productivity_overestimation
STU_024,ENT_02391,2026-05-16,1,1,79,0.33,47,32,52,44,0.15,0,0,0,0,productivity_overestimation
STU_024,ENT_02392,2026-05-16,2,1,48,0.64,32,12,31,46,0.44,0,0,0,1,stress_underestimation
STU_024,ENT_02393,2026-05-17,1,1,25,0.82,10,6,19,9,1.0,1,1,1,0,accurate_perception
STU_024,ENT_02394,2026-05-17,2,1,44,0.49,11,12,31,17,0.42,0,0,0,0,context_mismatch
STU_024,ENT_02395,2026-05-18,1,0,10,0.92,9,0,10,7,0.86,1,1,1,0,accurate_perception
STU_024,ENT_02396,2026-05-18,2,0,36,0.73,29,19,58,32,0.38,1,1,0,1,stress_underestimation
STU_024,ENT_02397,2026-05-19,1,0,22,0.81,14,8,6,7,0.63,1,1,1,0,accurate_perception
STU_024,ENT_02398,2026-05-19,2,0,34,0.66,50,14,59,50,0.44,1,0,1,1,stress_underestimation
STU_024,ENT_02399,2026-05-20,1,0,10,0.89,28,18,63,58,0.34,0,0,0,1,stress_underestimation
STU_024,ENT_02400,2026-05-20,2,0,44,0.68,30,22,54,44,0.18,0,0,1,1,focus_mismatch
STU_025,ENT_02401,2026-04-01,1,0,26,0.8,15,6,7,7,0.81,1,1,0,0,accurate_perception
STU_025,ENT_02402,2026-04-01,2,0,19,0.87,13,1,5,15,0.68,1,1,1,0,accurate_perception
STU_025,ENT_02403,2026-04-02,1,0,85,0.33,65,29,88,54,0.25,0,0,1,1,productivity_overestimation
STU_025,ENT_02404,2026-04-02,2,0,65,0.63,22,8,16,16,0.67,0,1,0,0,context_mismatch
STU_025,ENT_02405,2026-04-03,1,0,47,0.7,30,20,35,33,0.69,0,0,0,0,context_mismatch
STU_025,ENT_02406,2026-04-03,2,0,57,0.67,32,18,18,16,0.39,0,0,1,0,context_mismatch
STU_025,ENT_02407,2026-04-04,1,1,32,0.7,43,23,63,57,0.2,1,1,1,1,focus_mismatch
STU_025,ENT_02408,2026-04-04,2,1,13,0.84,3,7,0,11,0.89,1,1,0,0,accurate_perception
STU_025,ENT_02409,2026-04-05,1,1,8,0.92,5,6,20,17,0.94,1,1,1,0,accurate_perception
STU_025,ENT_02410,2026-04-05,2,1,46,0.67,46,24,45,36,0.49,1,1,1,1,stress_underestimation
STU_025,ENT_02411,2026-04-06,1,0,41,0.67,43,14,42,65,0.57,1,1,0,1,stress_underestimation
STU_025,ENT_02412,2026-04-06,2,0,9,0.93,12,8,14,7,0.69,1,1,0,0,accurate_perception
STU_025,ENT_02413,2026-04-07,1,0,10,0.87,40,22,63,42,0.28,1,0,1,0,focus_mismatch
STU_025,ENT_02414,2026-04-07,2,0,14,0.82,3,6,4,15,0.75,1,1,1,0,accurate_perception
STU_025,ENT_02415,2026-04-08,1,0,81,0.53,18,17,34,27,0.48,0,1,1,0,context_mismatch
STU_025,ENT_02416,2026-04-08,2,0,126,0.26,63,30,50,49,0.17,0,0,0,0,productivity_overestimation
STU_025,ENT_02417,2026-04-09,1,0,19,0.83,38,14,53,50,0.35,1,0,1,1,stress_underestimation
STU_025,ENT_02418,2026-04-09,2,0,91,0.35,40,16,92,40,0.32,0,0,1,0,productivity_overestimation
STU_025,ENT_02419,2026-04-10,1,0,79,0.2,77,29,62,70,0.1,0,0,0,0,productivity_overestimation
STU_025,ENT_02420,2026-04-10,2,0,33,0.77,6,8,9,17,0.97,1,1,1,0,accurate_perception
STU_025,ENT_02421,2026-04-11,1,1,32,0.79,47,22,60,38,0.4,0,0,1,1,stress_underestimation
STU_025,ENT_02422,2026-04-11,2,1,33,0.73,50,24,45,70,0.62,1,1,1,1,stress_underestimation
STU_025,ENT_02423,2026-04-12,1,1,57,0.42,48,19,51,61,0.06,1,0,0,0,productivity_overestimation
STU_025,ENT_02424,2026-04-12,2,1,29,0.79,36,5,24,21,0.58,0,1,1,1,context_mismatch
STU_025,ENT_02425,2026-04-13,1,0,13,0.87,44,12,61,69,0.21,0,0,0,1,focus_mismatch
STU_025,ENT_02426,2026-04-13,2,0,24,0.73,30,14,64,39,0.54,1,1,0,1,stress_underestimation
STU_025,ENT_02427,2026-04-14,1,0,95,0.21,56,34,89,55,0.2,0,0,0,0,productivity_overestimation
STU_025,ENT_02428,2026-04-14,2,0,14,0.85,8,3,20,18,0.98,1,1,1,0,accurate_perception
STU_025,ENT_02429,2026-04-15,1,0,97,0.44,19,12,29,16,0.43,0,1,0,0,context_mismatch
STU_025,ENT_02430,2026-04-15,2,0,81,0.51,32,16,18,39,0.57,0,0,1,1,context_mismatch
STU_025,ENT_02431,2026-04-16,1,0,23,0.72,28,8,24,15,0.57,0,1,0,0,context_mismatch
STU_025,ENT_02432,2026-04-16,2,0,113,0.19,41,21,59,47,0.12,0,0,0,1,productivity_overestimation
STU_025,ENT_02433,2026-04-17,1,0,16,0.88,39,17,64,52,0.32,1,1,1,0,focus_mismatch
STU_025,ENT_02434,2026-04-17,2,0,40,0.49,24,13,20,17,0.45,0,1,1,0,context_mismatch
STU_025,ENT_02435,2026-04-18,1,1,9,0.88,37,24,62,46,0.2,1,1,0,0,focus_mismatch
STU_025,ENT_02436,2026-04-18,2,1,50,0.61,37,17,37,72,0.39,0,1,0,1,focus_mismatch
STU_025,ENT_02437,2026-04-19,1,1,50,0.7,35,8,17,43,0.58,0,1,0,0,context_mismatch
STU_025,ENT_02438,2026-04-19,2,1,95,0.34,58,32,72,44,0.13,0,0,0,1,productivity_overestimation
STU_025,ENT_02439,2026-04-20,1,0,8,0.9,8,10,2,18,0.84,1,1,1,0,accurate_perception
STU_025,ENT_02440,2026-04-20,2,0,25,0.71,30,12,40,69,0.43,1,0,0,1,stress_underestimation
STU_025,ENT_02441,2026-04-21,1,0,90,0.1,47,34,69,69,0.3,0,0,0,0,productivity_overestimation
STU_025,ENT_02442,2026-04-21,2,0,5,0.94,29,14,50,60,0.26,1,0,0,1,focus_mismatch
STU_025,ENT_02443,2026-04-22,1,0,26,0.82,8,3,14,15,0.96,1,1,1,0,accurate_perception
STU_025,ENT_02444,2026-04-22,2,0,24,0.82,47,23,55,44,0.36,1,1,1,1,stress_underestimation
STU_025,ENT_02445,2026-04-23,1,0,39,0.57,20,18,53,47,0.44,0,1,0,1,stress_underestimation
STU_025,ENT_02446,2026-04-23,2,0,72,0.39,31,14,33,40,0.63,0,0,1,1,context_mismatch
STU_025,ENT_02447,2026-04-24,1,0,45,0.54,50,23,40,63,0.18,0,0,1,1,stress_underestimation
STU_025,ENT_02448,2026-04-24,2,0,130,0.25,66,34,86,61,0.16,0,0,0,1,productivity_overestimation
STU_025,ENT_02449,2026-04-25,1,1,18,0.83,7,2,4,6,0.86,1,1,0,0,accurate_perception
STU_025,ENT_02450,2026-04-25,2,1,20,0.86,11,4,1,14,0.83,1,1,1,0,accurate_perception
STU_025,ENT_02451,2026-04-26,1,1,51,0.62,44,13,35,37,0.58,1,1,1,1,stress_underestimation
STU_025,ENT_02452,2026-04-26,2,1,14,0.91,5,6,1,12,0.71,1,1,1,0,accurate_perception
STU_025,ENT_02453,2026-04-27,1,0,32,0.48,40,16,49,43,0.54,0,1,1,0,context_mismatch
STU_025,ENT_02454,2026-04-27,2,0,4,0.96,4,2,19,12,0.85,1,1,1,0,accurate_perception
STU_025,ENT_02455,2026-04-28,1,0,31,0.71,25,11,50,52,0.41,1,1,0,1,stress_underestimation
STU_025,ENT_02456,2026-04-28,2,0,96,0.35,75,22,51,54,0.25,0,0,0,1,productivity_overestimation
STU_025,ENT_02457,2026-04-29,1,0,28,0.62,37,10,70,62,0.46,0,0,1,1,focus_mismatch
STU_025,ENT_02458,2026-04-29,2,0,4,0.95,6,6,16,17,0.8,1,1,0,0,accurate_perception
STU_025,ENT_02459,2026-04-30,1,0,25,0.64,41,17,35,71,0.35,1,0,0,1,focus_mismatch
STU_025,ENT_02460,2026-04-30,2,0,15,0.89,4,7,3,15,1.0,1,1,0,0,accurate_perception
STU_025,ENT_02461,2026-05-01,1,0,18,0.86,46,21,44,72,0.32,1,1,0,1,focus_mismatch
STU_025,ENT_02462,2026-05-01,2,0,15,0.83,34,22,45,33,0.54,0,0,1,1,stress_underestimation
STU_025,ENT_02463,2026-05-02,1,1,32,0.77,44,19,52,60,0.4,1,1,1,1,focus_mismatch
STU_025,ENT_02464,2026-05-02,2,1,118,0.2,50,38,77,43,0.23,0,0,0,0,productivity_overestimation
STU_025,ENT_02465,2026-05-03,1,1,11,0.9,28,22,36,56,0.28,1,0,1,1,focus_mismatch
STU_025,ENT_02466,2026-05-03,2,1,23,0.65,39,28,57,53,0.36,1,0,1,1,stress_underestimation
STU_025,ENT_02467,2026-05-04,1,0,50,0.62,40,19,48,59,0.37,1,0,0,1,focus_mismatch
STU_025,ENT_02468,2026-05-04,2,0,31,0.79,32,13,42,50,0.48,0,1,0,1,stress_underestimation
STU_025,ENT_02469,2026-05-05,1,0,29,0.65,47,20,53,40,0.2,1,1,0,1,focus_mismatch
STU_025,ENT_02470,2026-05-05,2,0,28,0.66,49,14,60,60,0.24,1,1,0,1,focus_mismatch
STU_025,ENT_02471,2026-05-06,1,0,36,0.74,26,14,38,45,0.33,1,1,1,1,stress_underestimation
STU_025,ENT_02472,2026-05-06,2,0,20,0.87,11,5,14,6,0.9,1,1,0,0,accurate_perception
STU_025,ENT_02473,2026-05-07,1,0,37,0.46,19,13,38,33,0.48,0,1,0,0,context_mismatch
STU_025,ENT_02474,2026-05-07,2,0,131,0.25,80,19,80,35,0.23,1,0,1,1,productivity_overestimation
STU_025,ENT_02475,2026-05-08,1,0,74,0.32,74,35,65,36,0.13,1,0,1,1,productivity_overestimation
STU_025,ENT_02476,2026-05-08,2,0,18,0.8,55,20,56,43,0.21,1,1,1,0,focus_mismatch
STU_025,ENT_02477,2026-05-09,1,1,50,0.61,31,14,28,22,0.59,0,0,0,0,context_mismatch
STU_025,ENT_02478,2026-05-09,2,1,21,0.67,42,17,55,66,0.4,0,1,0,1,stress_underestimation
STU_025,ENT_02479,2026-05-10,1,1,97,0.11,68,26,71,36,0.17,0,0,0,1,productivity_overestimation
STU_025,ENT_02480,2026-05-10,2,1,98,0.26,51,16,53,48,0.16,0,0,1,0,productivity_overestimation
STU_025,ENT_02481,2026-05-11,1,0,95,0.45,13,17,26,38,0.45,0,1,0,1,context_mismatch
STU_025,ENT_02482,2026-05-11,2,0,5,0.96,2,9,5,17,0.96,1,1,0,0,accurate_perception
STU_025,ENT_02483,2026-05-12,1,0,73,0.22,50,20,76,37,0.35,0,0,0,0,productivity_overestimation
STU_025,ENT_02484,2026-05-12,2,0,42,0.56,44,11,50,48,0.4,1,1,0,1,stress_underestimation
STU_025,ENT_02485,2026-05-13,1,0,9,0.87,4,2,16,5,1.0,1,1,0,0,accurate_perception
STU_025,ENT_02486,2026-05-13,2,0,19,0.71,18,18,41,26,0.52,0,1,1,0,context_mismatch
STU_025,ENT_02487,2026-05-14,1,0,36,0.68,36,5,42,43,0.6,0,0,1,0,context_mismatch
STU_025,ENT_02488,2026-05-14,2,0,113,0.23,56,30,81,70,0.23,1,0,0,1,productivity_overestimation
STU_025,ENT_02489,2026-05-15,1,0,39,0.67,11,18,20,19,0.67,0,1,1,0,context_mismatch
STU_025,ENT_02490,2026-05-15,2,0,73,0.42,29,9,47,40,0.78,0,1,0,1,context_mismatch
STU_025,ENT_02491,2026-05-16,1,1,27,0.64,20,20,42,61,0.28,1,0,1,1,stress_underestimation
STU_025,ENT_02492,2026-05-16,2,1,32,0.75,50,16,39,65,0.39,1,1,0,0,focus_mismatch
STU_025,ENT_02493,2026-05-17,1,1,97,0.44,15,13,23,32,0.55,0,1,1,0,context_mismatch
STU_025,ENT_02494,2026-05-17,2,1,6,0.91,2,9,17,13,0.87,1,1,0,0,accurate_perception
STU_025,ENT_02495,2026-05-18,1,0,11,0.82,12,7,3,16,0.75,1,1,1,0,accurate_perception
STU_025,ENT_02496,2026-05-18,2,0,104,0.31,43,24,64,49,0.19,0,0,1,1,productivity_overestimation
STU_025,ENT_02497,2026-05-19,1,0,30,0.62,19,18,20,36,0.51,0,0,0,1,context_mismatch
STU_025,ENT_02498,2026-05-19,2,0,35,0.71,11,0,5,5,0.74,1,1,1,0,accurate_perception
STU_025,ENT_02499,2026-05-20,1,0,26,0.82,45,17,46,42,0.32,0,1,1,1,focus_mismatch
STU_025,ENT_02500,2026-05-20,2,0,49,0.65,42,30,51,70,0.34,1,1,1,1,stress_underestimation
